Lint Code Base	Run Super-Linter	﻿2026-09-20T16:18:27.2643010Z ##[group]Run super-linter/super-linter@latest
Lint Code Base	Run Super-Linter	2026-09-20T16:18:27.2643327Z env:
Lint Code Base	Run Super-Linter	2026-09-20T16:18:27.2645614Z   GITHUB_TOKEN: ***
Lint Code Base	Run Super-Linter	2026-09-20T16:18:27.2645848Z   VALIDATE_ALL_CODEBASE: false
Lint Code Base	Run Super-Linter	2026-09-20T16:18:27.2646129Z   ENABLE_GITHUB_PULL_REQUEST_SUMMARY_COMMENT: false
Lint Code Base	Run Super-Linter	2026-09-20T16:18:27.2646444Z   MULTI_STATUS: false
Lint Code Base	Run Super-Linter	2026-09-20T16:18:27.2646682Z   VALIDATE_TYPESCRIPT_ES: false
Lint Code Base	Run Super-Linter	2026-09-20T16:18:27.2646925Z   VALIDATE_TSX: false
Lint Code Base	Run Super-Linter	2026-09-20T16:18:27.2647149Z   VALIDATE_JAVASCRIPT_ES: false
Lint Code Base	Run Super-Linter	2026-09-20T16:18:27.2647383Z   VALIDATE_JSX: false
Lint Code Base	Run Super-Linter	2026-09-20T16:18:27.2647598Z   VALIDATE_TYPESCRIPT_PRETTIER: false
Lint Code Base	Run Super-Linter	2026-09-20T16:18:27.2647854Z   VALIDATE_TSX_PRETTIER: false
Lint Code Base	Run Super-Linter	2026-09-20T16:18:27.2648092Z   VALIDATE_JAVASCRIPT_PRETTIER: false
Lint Code Base	Run Super-Linter	2026-09-20T16:18:27.2648340Z   VALIDATE_JSX_PRETTIER: false
Lint Code Base	Run Super-Linter	2026-09-20T16:18:27.2648586Z   VALIDATE_MARKDOWN_PRETTIER: false
Lint Code Base	Run Super-Linter	2026-09-20T16:18:27.2648855Z   VALIDATE_MARKDOWN: false
Lint Code Base	Run Super-Linter	2026-09-20T16:18:27.2649082Z   VALIDATE_NATURAL_LANGUAGE: false
Lint Code Base	Run Super-Linter	2026-09-20T16:18:27.2649332Z   VALIDATE_SPELL_CODESPELL: false
Lint Code Base	Run Super-Linter	2026-09-20T16:18:27.2649597Z   VALIDATE_TRIVY: false
Lint Code Base	Run Super-Linter	2026-09-20T16:18:27.2650072Z   VALIDATE_JSCPD: false
Lint Code Base	Run Super-Linter	2026-09-20T16:18:27.2650292Z   VALIDATE_GITHUB_ACTIONS: false
Lint Code Base	Run Super-Linter	2026-09-20T16:18:27.2650536Z   VALIDATE_GITHUB_ACTIONS_ZIZMOR: false
Lint Code Base	Run Super-Linter	2026-09-20T16:18:27.2650795Z   VALIDATE_JAVASCRIPT_BIOME: false
Lint Code Base	Run Super-Linter	2026-09-20T16:18:27.2651041Z   VALIDATE_TYPESCRIPT_BIOME: false
Lint Code Base	Run Super-Linter	2026-09-20T16:18:27.2651280Z   VALIDATE_JSX_BIOME: false
Lint Code Base	Run Super-Linter	2026-09-20T16:18:27.2651505Z   VALIDATE_TSX_BIOME: false
Lint Code Base	Run Super-Linter	2026-09-20T16:18:27.2651734Z   VALIDATE_BASH_EXEC: false
Lint Code Base	Run Super-Linter	2026-09-20T16:18:27.2651954Z   VALIDATE_CHECKOV: false
Lint Code Base	Run Super-Linter	2026-09-20T16:18:27.2652172Z   VALIDATE_CSS: false
Lint Code Base	Run Super-Linter	2026-09-20T16:18:27.2652387Z   VALIDATE_DOCKERFILE_HADOLINT: false
Lint Code Base	Run Super-Linter	2026-09-20T16:18:27.2652627Z   VALIDATE_ENV: false
Lint Code Base	Run Super-Linter	2026-09-20T16:18:27.2652832Z   VALIDATE_GITLEAKS: false
Lint Code Base	Run Super-Linter	2026-09-20T16:18:27.2653054Z ##[endgroup]
Lint Code Base	Run Super-Linter	2026-09-20T16:18:27.2748913Z ##[command]/usr/bin/docker run --name ghcriosuperlintersuperlinterv870_cfaaf4 --label 3f21f9 --workdir /github/workspace --rm -e "GITHUB_TOKEN" -e "VALIDATE_ALL_CODEBASE" -e "ENABLE_GITHUB_PULL_REQUEST_SUMMARY_COMMENT" -e "MULTI_STATUS" -e "VALIDATE_TYPESCRIPT_ES" -e "VALIDATE_TSX" -e "VALIDATE_JAVASCRIPT_ES" -e "VALIDATE_JSX" -e "VALIDATE_TYPESCRIPT_PRETTIER" -e "VALIDATE_TSX_PRETTIER" -e "VALIDATE_JAVASCRIPT_PRETTIER" -e "VALIDATE_JSX_PRETTIER" -e "VALIDATE_MARKDOWN_PRETTIER" -e "VALIDATE_MARKDOWN" -e "VALIDATE_NATURAL_LANGUAGE" -e "VALIDATE_SPELL_CODESPELL" -e "VALIDATE_TRIVY" -e "VALIDATE_JSCPD" -e "VALIDATE_GITHUB_ACTIONS" -e "VALIDATE_GITHUB_ACTIONS_ZIZMOR" -e "VALIDATE_JAVASCRIPT_BIOME" -e "VALIDATE_TYPESCRIPT_BIOME" -e "VALIDATE_JSX_BIOME" -e "VALIDATE_TSX_BIOME" -e "VALIDATE_BASH_EXEC" -e "VALIDATE_CHECKOV" -e "VALIDATE_CSS" -e "VALIDATE_DOCKERFILE_HADOLINT" -e "VALIDATE_ENV" -e "VALIDATE_GITLEAKS" -e "HOME" -e "GITHUB_JOB" -e "GITHUB_REF" -e "GITHUB_SHA" -e "GITHUB_REPOSITORY" -e "GITHUB_REPOSITORY_OWNER" -e "GITHUB_REPOSITORY_OWNER_ID" -e "GITHUB_RUN_ID" -e "GITHUB_RUN_NUMBER" -e "GITHUB_RETENTION_DAYS" -e "GITHUB_RUN_ATTEMPT" -e "GITHUB_ACTOR_ID" -e "GITHUB_ACTOR" -e "GITHUB_WORKFLOW" -e "GITHUB_HEAD_REF" -e "GITHUB_BASE_REF" -e "GITHUB_EVENT_NAME" -e "GITHUB_SERVER_URL" -e "GITHUB_API_URL" -e "GITHUB_GRAPHQL_URL" -e "GITHUB_REF_NAME" -e "GITHUB_REF_PROTECTED" -e "GITHUB_REF_TYPE" -e "GITHUB_WORKFLOW_REF" -e "GITHUB_WORKFLOW_SHA" -e "GITHUB_REPOSITORY_ID" -e "GITHUB_TRIGGERING_ACTOR" -e "GITHUB_WORKSPACE" -e "GITHUB_ACTION" -e "GITHUB_EVENT_PATH" -e "GITHUB_ACTION_REPOSITORY" -e "GITHUB_ACTION_REF" -e "GITHUB_PATH" -e "GITHUB_ENV" -e "GITHUB_STEP_SUMMARY" -e "GITHUB_STATE" -e "GITHUB_OUTPUT" -e "GITHUB_ARTIFACTS" -e "GITHUB_ARTIFACTS_LIST" -e "RUNNER_OS" -e "RUNNER_ARCH" -e "RUNNER_NAME" -e "RUNNER_ENVIRONMENT" -e "RUNNER_TOOL_CACHE" -e "RUNNER_TEMP" -e "RUNNER_WORKSPACE" -e "ACTIONS_RUNTIME_URL" -e "ACTIONS_RUNTIME_TOKEN" -e "ACTIONS_CACHE_URL" -e "ACTIONS_RESULTS_URL" -e "ACTIONS_CACHE_MODE" -e "ACTIONS_ORCHESTRATION_ID" -e GITHUB_ACTIONS=true -e CI=true -v "/var/run/docker.sock":"/var/run/docker.sock" -v "/home/runner/work/_temp":"/github/runner_temp" -v "/home/runner/work/_temp/_github_home":"/github/home" -v "/home/runner/work/_temp/_github_workflow":"/github/workflow" -v "/home/runner/work/_temp/_runner_file_commands":"/github/file_commands" -v "/home/runner/work/ghost-invoice-hunter/ghost-invoice-hunter":"/github/workspace" ghcr.io/super-linter/super-linter:v8.7.0
Lint Code Base	Run Super-Linter	2026-09-20T16:18:27.4592102Z ##[group]Super-Linter initialization
Lint Code Base	Run Super-Linter	2026-09-20T16:18:27.6028777Z 2026-09-20 16:18:27 [INFO]   --------------------------------------------------------------------------------
Lint Code Base	Run Super-Linter	2026-09-20T16:18:27.6029579Z 
Lint Code Base	Run Super-Linter	2026-09-20T16:18:27.6030181Z                               /@@#///////@@/(@//@%/(@.@(       @@
Lint Code Base	Run Super-Linter	2026-09-20T16:18:27.6030708Z                           @@//////////////////////////////#*  @@@
Lint Code Base	Run Super-Linter	2026-09-20T16:18:27.6031185Z                         @////@//(///////////@@@@@///@//@/@**//@@(
Lint Code Base	Run Super-Linter	2026-09-20T16:18:27.6031695Z                       @///////@///////////////@@@@    (           @,
Lint Code Base	Run Super-Linter	2026-09-20T16:18:27.6032237Z                      @/(&/@////////////////////                     @
Lint Code Base	Run Super-Linter	2026-09-20T16:18:27.6032896Z                     @////////////////////////@@                      @
Lint Code Base	Run Super-Linter	2026-09-20T16:18:27.6033457Z                   @%////////(//////////%/////&@            @@       *,@           ______________
Lint Code Base	Run Super-Linter	2026-09-20T16:18:27.6034112Z              @@@@@/@/#/////(&//////////////////                       .@         /              \
Lint Code Base	Run Super-Linter	2026-09-20T16:18:27.6034778Z         *@@@@@.    .%///(//@//////////////////&.   .@@,                 @%      / Don't mind me  \
Lint Code Base	Run Super-Linter	2026-09-20T16:18:27.6035232Z       @@%           .&@&&/@.@//&/////(//////////    @@@@@@@@@         .. &@    / I'm just looking \
Lint Code Base	Run Super-Linter	2026-09-20T16:18:27.6035639Z     @@%               @@@@@   @&/////////////////#   @/       V  @@/ ,@@@ @   <  for some trash... |
Lint Code Base	Run Super-Linter	2026-09-20T16:18:27.6036048Z @@@%                   @@@@        .%@@@@//////#@ @   @@         @     .,.     \__________________/
Lint Code Base	Run Super-Linter	2026-09-20T16:18:27.6036565Z                                           @@@/@(  (@@@@% @/\      %
Lint Code Base	Run Super-Linter	2026-09-20T16:18:27.6037067Z                                            @@@@(    .     .@@/\   #
Lint Code Base	Run Super-Linter	2026-09-20T16:18:27.6037556Z                                              @                  %@%
Lint Code Base	Run Super-Linter	2026-09-20T16:18:27.6037893Z 
Lint Code Base	Run Super-Linter	2026-09-20T16:18:27.6038170Z --------------------------------------------------------------------------------
Lint Code Base	Run Super-Linter	2026-09-20T16:18:27.6057739Z 2026-09-20 16:18:27 [INFO]   ---------------------------------------------
Lint Code Base	Run Super-Linter	2026-09-20T16:18:27.6084913Z 2026-09-20 16:18:27 [INFO]    Super-linter
Lint Code Base	Run Super-Linter	2026-09-20T16:18:27.6111222Z 2026-09-20 16:18:27 [INFO]    - Image Creation Date: 2026-06-19T07:30:36Z
Lint Code Base	Run Super-Linter	2026-09-20T16:18:27.6138760Z 2026-09-20 16:18:27 [INFO]    - Image Revision: 4ce20838b8ab83717e78138c5b3a1407148e0918
Lint Code Base	Run Super-Linter	2026-09-20T16:18:27.6164314Z 2026-09-20 16:18:27 [INFO]    - Image Version: 8.7.0
Lint Code Base	Run Super-Linter	2026-09-20T16:18:27.6192115Z 2026-09-20 16:18:27 [INFO]   ---------------------------------------------
Lint Code Base	Run Super-Linter	2026-09-20T16:18:27.6217249Z 2026-09-20 16:18:27 [INFO]   ---------------------------------------------
Lint Code Base	Run Super-Linter	2026-09-20T16:18:27.6243479Z 2026-09-20 16:18:27 [INFO]    Super-Linter source code can be found at:
Lint Code Base	Run Super-Linter	2026-09-20T16:18:27.6270689Z 2026-09-20 16:18:27 [INFO]    - https://github.com/super-linter/super-linter
Lint Code Base	Run Super-Linter	2026-09-20T16:18:27.6297194Z 2026-09-20 16:18:27 [INFO]   ---------------------------------------------
Lint Code Base	Run Super-Linter	2026-09-20T16:18:27.6324265Z 2026-09-20 16:18:27 [INFO]   - Validating changed files in code base...
Lint Code Base	Run Super-Linter	2026-09-20T16:18:27.6376071Z 2026-09-20 16:18:27 [INFO]   This version of Super-linter includes the following tools:
Lint Code Base	Run Super-Linter	2026-09-20T16:18:27.6376831Z [ANSIBLE] ansible-lint: 26.4.0
Lint Code Base	Run Super-Linter	2026-09-20T16:18:27.6377235Z [ARM] arm-ttk: 0.27
Lint Code Base	Run Super-Linter	2026-09-20T16:18:27.6377595Z [BASH] shellcheck: 0.11.0
Lint Code Base	Run Super-Linter	2026-09-20T16:18:27.6378054Z [BASH_EXEC] bash-exec: Version command not supported
Lint Code Base	Run Super-Linter	2026-09-20T16:18:27.6378577Z [BIOME_FORMAT] biome: 2.5.0
Lint Code Base	Run Super-Linter	2026-09-20T16:18:27.6379278Z [BIOME_LINT] biome: 2.5.0
Lint Code Base	Run Super-Linter	2026-09-20T16:18:27.6379651Z [CHECKOV] checkov: 3.3.1
Lint Code Base	Run Super-Linter	2026-09-20T16:18:27.6380190Z [CLANG_FORMAT] clang-format: 21.1.2
Lint Code Base	Run Super-Linter	2026-09-20T16:18:27.6380645Z [CLOJURE] clj-kondo: v2026.05.25
Lint Code Base	Run Super-Linter	2026-09-20T16:18:27.6380898Z [CLOUDFORMATION] cfn-lint: 1.51.5
Lint Code Base	Run Super-Linter	2026-09-20T16:18:27.6381150Z [COFFEESCRIPT] coffeelint: 5.2.11
Lint Code Base	Run Super-Linter	2026-09-20T16:18:27.6381386Z [CPP] cpplint: 2.0.2
Lint Code Base	Run Super-Linter	2026-09-20T16:18:27.6381596Z [CSHARP] dotnet: 10.0.301
Lint Code Base	Run Super-Linter	2026-09-20T16:18:27.6381820Z [CSS] stylelint: 17.13.0
Lint Code Base	Run Super-Linter	2026-09-20T16:18:27.6382043Z [CSS_PRETTIER] prettier: 3.8.4
Lint Code Base	Run Super-Linter	2026-09-20T16:18:27.6382272Z [DART] dart: 3.12.2
Lint Code Base	Run Super-Linter	2026-09-20T16:18:27.6382492Z [DOCKERFILE_HADOLINT] hadolint: 2.14.0
Lint Code Base	Run Super-Linter	2026-09-20T16:18:27.6382791Z [DOTNET_SLN_FORMAT_ANALYZERS] dotnet: 10.0.301
Lint Code Base	Run Super-Linter	2026-09-20T16:18:27.6383087Z [DOTNET_SLN_FORMAT_STYLE] dotnet: 10.0.301
Lint Code Base	Run Super-Linter	2026-09-20T16:18:27.6383381Z [DOTNET_SLN_FORMAT_WHITESPACE] dotnet: 10.0.301
Lint Code Base	Run Super-Linter	2026-09-20T16:18:27.6383685Z [EDITORCONFIG] editorconfig-checker: v3.7.0
Lint Code Base	Run Super-Linter	2026-09-20T16:18:27.6383961Z [ENV] dotenv-linter: 4.0.0
Lint Code Base	Run Super-Linter	2026-09-20T16:18:27.6384208Z [GITHUB_ACTIONS] actionlint: 1.7.12
Lint Code Base	Run Super-Linter	2026-09-20T16:18:27.6384475Z [GITHUB_ACTIONS_ZIZMOR] zizmor: 1.25.2
Lint Code Base	Run Super-Linter	2026-09-20T16:18:27.6384744Z [GITLEAKS] gitleaks: v8.30.1
Lint Code Base	Run Super-Linter	2026-09-20T16:18:27.6385024Z [GIT_COMMITLINT] commitlint: @commitlint/cli@21.0.2
Lint Code Base	Run Super-Linter	2026-09-20T16:18:27.6385393Z [GIT_MERGE_CONFLICT_MARKERS] git-merge-conflict-markers: 1.0.0
Lint Code Base	Run Super-Linter	2026-09-20T16:18:27.6385756Z [GOOGLE_JAVA_FORMAT] google-java-format: 1.35.0
Lint Code Base	Run Super-Linter	2026-09-20T16:18:27.6386038Z [GO] golangci-lint: 2.12.2
Lint Code Base	Run Super-Linter	2026-09-20T16:18:27.6386271Z [GO_MODULES] golangci-lint: 2.12.2
Lint Code Base	Run Super-Linter	2026-09-20T16:18:27.6386526Z [GO_RELEASER] goreleaser: 2.16.0
Lint Code Base	Run Super-Linter	2026-09-20T16:18:27.6386774Z [GRAPHQL_PRETTIER] prettier: 3.8.4
Lint Code Base	Run Super-Linter	2026-09-20T16:18:27.6387023Z [GROOVY] npm-groovy-lint: 17.0.5
Lint Code Base	Run Super-Linter	2026-09-20T16:18:27.6387258Z [HTML] htmlhint: 1.9.2
Lint Code Base	Run Super-Linter	2026-09-20T16:18:27.6387488Z [HTML_PRETTIER] prettier: 3.8.4
Lint Code Base	Run Super-Linter	2026-09-20T16:18:27.6387725Z [JAVASCRIPT_ES] eslint: v9.39.4
Lint Code Base	Run Super-Linter	2026-09-20T16:18:27.6387971Z [JAVASCRIPT_PRETTIER] prettier: 3.8.4
Lint Code Base	Run Super-Linter	2026-09-20T16:18:27.6388232Z [JAVA] checkstyle: 13.6.0
Lint Code Base	Run Super-Linter	2026-09-20T16:18:27.6388446Z [JSCPD] jscpd: 5.0.10
Lint Code Base	Run Super-Linter	2026-09-20T16:18:27.6388650Z [JSONC] eslint: v9.39.4
Lint Code Base	Run Super-Linter	2026-09-20T16:18:27.6388865Z [JSONC_PRETTIER] prettier: 3.8.4
Lint Code Base	Run Super-Linter	2026-09-20T16:18:27.6389101Z [JSON] eslint: v9.39.4
Lint Code Base	Run Super-Linter	2026-09-20T16:18:27.6389311Z [JSON_PRETTIER] prettier: 3.8.4
Lint Code Base	Run Super-Linter	2026-09-20T16:18:27.6389535Z [JSX] eslint: v9.39.4
Lint Code Base	Run Super-Linter	2026-09-20T16:18:27.6389931Z [JSX_PRETTIER] prettier: 3.8.4
Lint Code Base	Run Super-Linter	2026-09-20T16:18:27.6390260Z [JUPYTER_NBQA_BLACK] nbqa: Version command not supported
Lint Code Base	Run Super-Linter	2026-09-20T16:18:27.6390624Z [JUPYTER_NBQA_FLAKE8] nbqa: Version command not supported
Lint Code Base	Run Super-Linter	2026-09-20T16:18:27.6390982Z [JUPYTER_NBQA_ISORT] nbqa: Version command not supported
Lint Code Base	Run Super-Linter	2026-09-20T16:18:27.6391323Z [JUPYTER_NBQA_MYPY] nbqa: Version command not supported
Lint Code Base	Run Super-Linter	2026-09-20T16:18:27.6391671Z [JUPYTER_NBQA_PYLINT] nbqa: Version command not supported
Lint Code Base	Run Super-Linter	2026-09-20T16:18:27.6392016Z [JUPYTER_NBQA_RUFF] nbqa: Version command not supported
Lint Code Base	Run Super-Linter	2026-09-20T16:18:27.6392314Z [KOTLIN] ktlint: 1.8.0
Lint Code Base	Run Super-Linter	2026-09-20T16:18:27.6392550Z [KUBERNETES_KUBECONFORM] kubeconform: v0.8.0
Lint Code Base	Run Super-Linter	2026-09-20T16:18:27.6392820Z [LATEX] chktex: v1.7.10
Lint Code Base	Run Super-Linter	2026-09-20T16:18:27.6393028Z [LUA] lua: 5.4.8
Lint Code Base	Run Super-Linter	2026-09-20T16:18:27.6393242Z [MARKDOWN] markdownlint: 0.49.0
Lint Code Base	Run Super-Linter	2026-09-20T16:18:27.6393492Z [MARKDOWN_PRETTIER] prettier: 3.8.4
Lint Code Base	Run Super-Linter	2026-09-20T16:18:27.6393760Z [NATURAL_LANGUAGE] textlint: v15.7.1
Lint Code Base	Run Super-Linter	2026-09-20T16:18:27.6394013Z [OPENAPI] spectral: 6.16.0
Lint Code Base	Run Super-Linter	2026-09-20T16:18:27.6394240Z [PERL] perl: (v5.42.2)
Lint Code Base	Run Super-Linter	2026-09-20T16:18:27.6394463Z [PHP_BUILTIN] php: 8.4.21
Lint Code Base	Run Super-Linter	2026-09-20T16:18:27.6394686Z [PHP_PHPCS] phpcs: 4.0.1
Lint Code Base	Run Super-Linter	2026-09-20T16:18:27.6394911Z [PHP_PHPSTAN] phpstan: 2.2.2
Lint Code Base	Run Super-Linter	2026-09-20T16:18:27.6395229Z [PHP_PSALM] psalm: 6.16.1@f1f5de594dc76faf8784e02d3dc4716c91c6f6ac
Lint Code Base	Run Super-Linter	2026-09-20T16:18:27.6395590Z [POWERSHELL] pwsh: 7.6.2
Lint Code Base	Run Super-Linter	2026-09-20T16:18:27.6395814Z [PRE_COMMIT] pre-commit: 4.6.0
Lint Code Base	Run Super-Linter	2026-09-20T16:18:27.6396067Z [PROTOBUF] protolint: 0.56.4(67278bf)
Lint Code Base	Run Super-Linter	2026-09-20T16:18:27.6396326Z [PYTHON_BLACK] black: 26.5.1
Lint Code Base	Run Super-Linter	2026-09-20T16:18:27.6396557Z [PYTHON_FLAKE8] flake8: 7.3.0
Lint Code Base	Run Super-Linter	2026-09-20T16:18:27.6396928Z [PYTHON_ISORT] isort: 8.0.1
Lint Code Base	Run Super-Linter	2026-09-20T16:18:27.6397162Z [PYTHON_MYPY] mypy: 2.1.0
Lint Code Base	Run Super-Linter	2026-09-20T16:18:27.6397402Z [PYTHON_PYLINT] pylint: 4.0.6
Lint Code Base	Run Super-Linter	2026-09-20T16:18:27.6397644Z [PYTHON_RUFF] ruff: 0.15.17
Lint Code Base	Run Super-Linter	2026-09-20T16:18:27.6397959Z [PYTHON_RUFF_FORMAT] ruff: 0.15.17
Lint Code Base	Run Super-Linter	2026-09-20T16:18:27.6398233Z [RENOVATE] renovate-config-validator: 43.231.1
Lint Code Base	Run Super-Linter	2026-09-20T16:18:27.6398511Z [RUBY] rubocop: 1.88.0
Lint Code Base	Run Super-Linter	2026-09-20T16:18:27.6398717Z [RUST_2015] rustfmt: 1.8.0
Lint Code Base	Run Super-Linter	2026-09-20T16:18:27.6398943Z [RUST_2018] rustfmt: 1.8.0
Lint Code Base	Run Super-Linter	2026-09-20T16:18:27.6399160Z [RUST_2021] rustfmt: 1.8.0
Lint Code Base	Run Super-Linter	2026-09-20T16:18:27.6399377Z [RUST_2024] rustfmt: 1.8.0
Lint Code Base	Run Super-Linter	2026-09-20T16:18:27.6399597Z [RUST_CLIPPY] clippy: 0.1.91
Lint Code Base	Run Super-Linter	2026-09-20T16:18:27.6399947Z [R] R: 4.5.2
Lint Code Base	Run Super-Linter	2026-09-20T16:18:27.6400139Z [SCALAFMT] scalafmt: 3.11.1
Lint Code Base	Run Super-Linter	2026-09-20T16:18:27.6400366Z [SHELL_SHFMT] shfmt: v3.13.1
Lint Code Base	Run Super-Linter	2026-09-20T16:18:27.6400606Z [SNAKEMAKE_LINT] snakemake: 9.23.0
Lint Code Base	Run Super-Linter	2026-09-20T16:18:27.6400861Z [SNAKEMAKE_SNAKEFMT] snakefmt: 2.0.2
Lint Code Base	Run Super-Linter	2026-09-20T16:18:27.6401128Z [SPELL_CODESPELL] codespell: 2.4.2
Lint Code Base	Run Super-Linter	2026-09-20T16:18:27.6401380Z [SQLFLUFF] sqlfluff: 4.2.2
Lint Code Base	Run Super-Linter	2026-09-20T16:18:27.6401612Z [STATES] asl-validator: 4.0.0
Lint Code Base	Run Super-Linter	2026-09-20T16:18:27.6401851Z [TERRAFORM_FMT] terraform: 1.15.6
Lint Code Base	Run Super-Linter	2026-09-20T16:18:27.6402094Z [TERRAFORM_TFLINT] tflint: 0.63.1
Lint Code Base	Run Super-Linter	2026-09-20T16:18:27.6402332Z [TERRAGRUNT] terragrunt: v1.0.8
Lint Code Base	Run Super-Linter	2026-09-20T16:18:27.6402558Z [TRIVY] trivy: 0.71.1
Lint Code Base	Run Super-Linter	2026-09-20T16:18:27.6402760Z [TSX] eslint: v9.39.4
Lint Code Base	Run Super-Linter	2026-09-20T16:18:27.6402969Z [TYPESCRIPT_ES] eslint: v9.39.4
Lint Code Base	Run Super-Linter	2026-09-20T16:18:27.6403217Z [TYPESCRIPT_PRETTIER] prettier: 3.8.4
Lint Code Base	Run Super-Linter	2026-09-20T16:18:27.6403464Z [VUE] eslint: v9.39.4
Lint Code Base	Run Super-Linter	2026-09-20T16:18:27.6403675Z [VUE_PRETTIER] prettier: 3.8.4
Lint Code Base	Run Super-Linter	2026-09-20T16:18:27.6403902Z [XML] xmllint: 21309
Lint Code Base	Run Super-Linter	2026-09-20T16:18:27.6404129Z [YAML] yamllint: 1.38.0
Lint Code Base	Run Super-Linter	2026-09-20T16:18:27.6404454Z [YAML_PRETTIER] prettier: 3.8.4
Lint Code Base	Run Super-Linter	2026-09-20T16:18:27.6605277Z 2026-09-20 16:18:27 [INFO]   The default branch for this repository is set to: master
Lint Code Base	Run Super-Linter	2026-09-20T16:18:27.6698584Z 2026-09-20 16:18:27 [INFO]   The master branch doesn't exist in /github/workspace
Lint Code Base	Run Super-Linter	2026-09-20T16:18:27.6843751Z 2026-09-20 16:18:27 [INFO]   master doesn't exist, however origin/master exists. Setting DEFAULT_BRANCH to: origin/master
Lint Code Base	Run Super-Linter	2026-09-20T16:18:27.6921751Z 2026-09-20 16:18:27 [INFO]   Successfully found GITHUB_EVENT_PATH: /github/workflow/event.json]
Lint Code Base	Run Super-Linter	2026-09-20T16:18:27.7099700Z 2026-09-20 16:18:27 [INFO]   Successfully found GITHUB_SHA: 23064cd5033a32c4f7ce977c284e053a24d0427d
Lint Code Base	Run Super-Linter	2026-09-20T16:18:27.7990611Z 2026-09-20 16:18:27 [WARN]   ENABLE_GITHUB_ACTIONS_STEP_SUMMARY is set to true, ENABLE_GITHUB_PULL_REQUEST_SUMMARY_COMMENT is set to false, but SAVE_SUPER_LINTER_SUMMARY is set to false. Set SAVE_SUPER_LINTER_SUMMARY to true if you set ENABLE_GITHUB_ACTIONS_STEP_SUMMARY or ENABLE_GITHUB_PULL_REQUEST_SUMMARY_COMMENT to true.
Lint Code Base	Run Super-Linter	2026-09-20T16:18:27.8161572Z 2026-09-20 16:18:27 [INFO]   --------------------------------------------
Lint Code Base	Run Super-Linter	2026-09-20T16:18:27.8189458Z 2026-09-20 16:18:27 [INFO]   Validating the configuration
Lint Code Base	Run Super-Linter	2026-09-20T16:18:28.9979211Z .git
Lint Code Base	Run Super-Linter	2026-09-20T16:18:29.4223267Z 2026-09-20 16:18:29 [WARN]   Git commit message validation with commitlint is enabled, but no commitlint configuration file is available. Disabling commitlint. To suppress this message, either disable Git commit validation by setting VALIDATE_GIT_COMMITLINT to false in your Super-linter configuration, or provide a commitlint configuration file.
Lint Code Base	Run Super-Linter	2026-09-20T16:18:31.8258673Z 2026-09-20 16:18:31 [INFO]   Building the list of files and directories to check
Lint Code Base	Run Super-Linter	2026-09-20T16:18:32.1446679Z 2026-09-20 16:18:32 [INFO]   Successfully gathered list of files...
Lint Code Base	Run Super-Linter	2026-09-20T16:18:32.1514745Z 2026-09-20 16:18:32 [WARN]   Black and Ruff are both enabled, and might conflict with each other. To avoid potential conflicts, keep only one of the two enabled, and disable the other.
Lint Code Base	Run Super-Linter	2026-09-20T16:18:32.1549939Z 2026-09-20 16:18:32 [WARN]   Biome format and Prettier are both enabled for CSS, SCSS, and SASS files, and might conflict with each other. To avoid potential conflicts, keep only one of the two enabled, and disable the other.
Lint Code Base	Run Super-Linter	2026-09-20T16:18:32.1585546Z 2026-09-20 16:18:32 [WARN]   Biome format and Prettier are both enabled for GraphQL files, and might conflict with each other. To avoid potential conflicts, keep only one of the two enabled, and disable the other.
Lint Code Base	Run Super-Linter	2026-09-20T16:18:32.1622154Z 2026-09-20 16:18:32 [WARN]   Biome format and Prettier are both enabled for HTML files, and might conflict with each other. To avoid potential conflicts, keep only one of the two enabled, and disable the other.
Lint Code Base	Run Super-Linter	2026-09-20T16:18:32.1658327Z 2026-09-20 16:18:32 [WARN]   Biome format and Prettier are both enabled for JSON files, and might conflict with each other. To avoid potential conflicts, keep only one of the two enabled, and disable the other.
Lint Code Base	Run Super-Linter	2026-09-20T16:18:32.1694206Z 2026-09-20 16:18:32 [WARN]   Biome format and Prettier are both enabled for JSONC and JSON5 files, and might conflict with each other. To avoid potential conflicts, keep only one of the two enabled, and disable the other.
Lint Code Base	Run Super-Linter	2026-09-20T16:18:32.1729642Z 2026-09-20 16:18:32 [WARN]   Biome format and Prettier are both enabled for Vue files, and might conflict with each other. To avoid potential conflicts, keep only one of the two enabled, and disable the other.
Lint Code Base	Run Super-Linter	2026-09-20T16:18:32.1765396Z 2026-09-20 16:18:32 [WARN]   Biome lint and ESLint are both enabled for JSON files, and might conflict with each other. To avoid potential conflicts, keep only one of the two enabled, and disable the other.
Lint Code Base	Run Super-Linter	2026-09-20T16:18:32.1801771Z 2026-09-20 16:18:32 [WARN]   Biome lint and ESLint are both enabled for JSONC and JSON5 files, and might conflict with each other. To avoid potential conflicts, keep only one of the two enabled, and disable the other.
Lint Code Base	Run Super-Linter	2026-09-20T16:18:32.1839251Z 2026-09-20 16:18:32 [WARN]   Biome lint and ESLint are both enabled for Vue files, and might conflict with each other. To avoid potential conflicts, keep only one of the two enabled, and disable the other.
Lint Code Base	Run Super-Linter	2026-09-20T16:18:32.1965778Z ##[endgroup]
Lint Code Base	Run Super-Linter	2026-09-20T16:18:34.5197826Z 2026-09-20 16:18:34 [INFO]   ----------------------------------------------
Lint Code Base	Run Super-Linter	2026-09-20T16:18:34.5230062Z 2026-09-20 16:18:34 [INFO]   ----------------------------------------------
Lint Code Base	Run Super-Linter	2026-09-20T16:18:34.5678190Z ##[group]BIOME_FORMAT
Lint Code Base	Run Super-Linter	2026-09-20T16:18:34.5745045Z 2026-09-20 16:18:34 [ERROR]   Errors found in BIOME_FORMAT
Lint Code Base	Run Super-Linter	2026-09-20T16:18:34.5782763Z 2026-09-20 16:18:34 [ERROR]   Stdout contents for BIOME_FORMAT:
Lint Code Base	Run Super-Linter	2026-09-20T16:18:34.5783460Z ------
Lint Code Base	Run Super-Linter	2026-09-20T16:18:34.5784122Z The number of diagnostics exceeds the limit allowed. Use --max-diagnostics to increase it.
Lint Code Base	Run Super-Linter	2026-09-20T16:18:34.5784965Z Diagnostics not shown: 31.
Lint Code Base	Run Super-Linter	2026-09-20T16:18:34.5785437Z Checked 53 files in 185ms. No fixes applied.
Lint Code Base	Run Super-Linter	2026-09-20T16:18:34.5785953Z Found 51 errors.
Lint Code Base	Run Super-Linter	2026-09-20T16:18:34.5786295Z ------
Lint Code Base	Run Super-Linter	2026-09-20T16:18:34.6032119Z 2026-09-20 16:18:34 [ERROR]   Stderr contents for BIOME_FORMAT:
Lint Code Base	Run Super-Linter	2026-09-20T16:18:34.6032998Z ------
Lint Code Base	Run Super-Linter	2026-09-20T16:18:34.6034306Z app/(app)/audit-log/page.tsx format ━━━━━━━━━━━━━━━━━━━━━━━━━━━━━━━━━━━━━━━━━━━━━━━━━━━━━━━━━━━━━━━━
Lint Code Base	Run Super-Linter	2026-09-20T16:18:34.6034978Z 
Lint Code Base	Run Super-Linter	2026-09-20T16:18:34.6035317Z   × Formatter would have printed the following content:
Lint Code Base	Run Super-Linter	2026-09-20T16:18:34.6035836Z   
Lint Code Base	Run Super-Linter	2026-09-20T16:18:34.6036134Z      5  5 │   
Lint Code Base	Run Super-Linter	2026-09-20T16:18:34.6036685Z      6  6 │   export default async function AuditLogPage() {
Lint Code Base	Run Super-Linter	2026-09-20T16:18:34.6037714Z      7    │ - ··const·user·=·await·requireUser();
Lint Code Base	Run Super-Linter	2026-09-20T16:18:34.6038373Z         7 │ + → const·user·=·await·requireUser();
Lint Code Base	Run Super-Linter	2026-09-20T16:18:34.6038978Z      8  8 │   
Lint Code Base	Run Super-Linter	2026-09-20T16:18:34.6039622Z      9    │ - ··const·entries·=·await·prisma.auditLog.findMany({
Lint Code Base	Run Super-Linter	2026-09-20T16:18:34.6080308Z     10    │ - ····where:·{·environmentId:·user.environmentId·},
Lint Code Base	Run Super-Linter	2026-09-20T16:18:34.6081578Z     11    │ - ····include:·{·user:·true·},
Lint Code Base	Run Super-Linter	2026-09-20T16:18:34.6082219Z     12    │ - ····orderBy:·{·createdAt:·"desc"·},
Lint Code Base	Run Super-Linter	2026-09-20T16:18:34.6082795Z     13    │ - ····take:·200,
Lint Code Base	Run Super-Linter	2026-09-20T16:18:34.6083262Z     14    │ - ··});
Lint Code Base	Run Super-Linter	2026-09-20T16:18:34.6083853Z         9 │ + → const·entries·=·await·prisma.auditLog.findMany({
Lint Code Base	Run Super-Linter	2026-09-20T16:18:34.6085509Z        10 │ + → → where:·{·environmentId:·user.environmentId·},
Lint Code Base	Run Super-Linter	2026-09-20T16:18:34.6086177Z        11 │ + → → include:·{·user:·true·},
Lint Code Base	Run Super-Linter	2026-09-20T16:18:34.6086772Z        12 │ + → → orderBy:·{·createdAt:·"desc"·},
Lint Code Base	Run Super-Linter	2026-09-20T16:18:34.6087487Z        13 │ + → → take:·200,
Lint Code Base	Run Super-Linter	2026-09-20T16:18:34.6087930Z        14 │ + → });
Lint Code Base	Run Super-Linter	2026-09-20T16:18:34.6088322Z     15 15 │   
Lint Code Base	Run Super-Linter	2026-09-20T16:18:34.6088886Z     16    │ - ··const·logs:·AuditEntry[]·=·entries.map((e)·=>·({
Lint Code Base	Run Super-Linter	2026-09-20T16:18:34.6089540Z     17    │ - ····id:·e.id,
Lint Code Base	Run Super-Linter	2026-09-20T16:18:34.6090240Z     18    │ - ····time:·e.createdAt.toISOString().slice(11,·16),
Lint Code Base	Run Super-Linter	2026-09-20T16:18:34.6090862Z     19    │ - ····user:·e.user?.name·??·"System",
Lint Code Base	Run Super-Linter	2026-09-20T16:18:34.6091362Z     20    │ - ····action:·e.action,
Lint Code Base	Run Super-Linter	2026-09-20T16:18:34.6091858Z     21    │ - ····detail:·e.detail·??·undefined,
Lint Code Base	Run Super-Linter	2026-09-20T16:18:34.6092393Z     22    │ - ····reason:·e.reason·??·undefined,
Lint Code Base	Run Super-Linter	2026-09-20T16:18:34.6092894Z     23    │ - ··}));
Lint Code Base	Run Super-Linter	2026-09-20T16:18:34.6093449Z        16 │ + → const·logs:·AuditEntry[]·=·entries.map((e)·=>·({
Lint Code Base	Run Super-Linter	2026-09-20T16:18:34.6094057Z        17 │ + → → id:·e.id,
Lint Code Base	Run Super-Linter	2026-09-20T16:18:34.6094597Z        18 │ + → → time:·e.createdAt.toISOString().slice(11,·16),
Lint Code Base	Run Super-Linter	2026-09-20T16:18:34.6095256Z        19 │ + → → user:·e.user?.name·??·"System",
Lint Code Base	Run Super-Linter	2026-09-20T16:18:34.6095829Z        20 │ + → → action:·e.action,
Lint Code Base	Run Super-Linter	2026-09-20T16:18:34.6096501Z        21 │ + → → detail:·e.detail·??·undefined,
Lint Code Base	Run Super-Linter	2026-09-20T16:18:34.6097141Z        22 │ + → → reason:·e.reason·??·undefined,
Lint Code Base	Run Super-Linter	2026-09-20T16:18:34.6097678Z        23 │ + → }));
Lint Code Base	Run Super-Linter	2026-09-20T16:18:34.6098071Z     24 24 │   
Lint Code Base	Run Super-Linter	2026-09-20T16:18:34.6098608Z     25    │ - ··return·<AuditLogClient·logs={logs}·/>;
Lint Code Base	Run Super-Linter	2026-09-20T16:18:34.6099298Z        25 │ + → return·<AuditLogClient·logs={logs}·/>;
Lint Code Base	Run Super-Linter	2026-09-20T16:18:34.6100340Z     26 26 │   }
Lint Code Base	Run Super-Linter	2026-09-20T16:18:34.6100739Z     27 27 │   
Lint Code Base	Run Super-Linter	2026-09-20T16:18:34.6101074Z   
Lint Code Base	Run Super-Linter	2026-09-20T16:18:34.6101265Z 
Lint Code Base	Run Super-Linter	2026-09-20T16:18:34.6101956Z app/(app)/discrepancies/page.tsx format ━━━━━━━━━━━━━━━━━━━━━━━━━━━━━━━━━━━━━━━━━━━━━━━━━━━━━━━━━━━━
Lint Code Base	Run Super-Linter	2026-09-20T16:18:34.6102646Z 
Lint Code Base	Run Super-Linter	2026-09-20T16:18:34.6102988Z   × Formatter would have printed the following content:
Lint Code Base	Run Super-Linter	2026-09-20T16:18:34.6103517Z   
Lint Code Base	Run Super-Linter	2026-09-20T16:18:34.6103890Z       6   6 │   
Lint Code Base	Run Super-Linter	2026-09-20T16:18:34.6104592Z       7   7 │   export default async function DiscrepanciesPage() {
Lint Code Base	Run Super-Linter	2026-09-20T16:18:34.6105098Z       8     │ - ··const·user·=·await·requireUser();
Lint Code Base	Run Super-Linter	2026-09-20T16:18:34.6105450Z           8 │ + → const·user·=·await·requireUser();
Lint Code Base	Run Super-Linter	2026-09-20T16:18:34.6105741Z       9   9 │   
Lint Code Base	Run Super-Linter	2026-09-20T16:18:34.6106055Z      10     │ - ··const·docs·=·await·prisma.document.findMany({
Lint Code Base	Run Super-Linter	2026-09-20T16:18:34.6106408Z      11     │ - ····where:·{
Lint Code Base	Run Super-Linter	2026-09-20T16:18:34.6106722Z      12     │ - ······environmentId:·user.environmentId,
Lint Code Base	Run Super-Linter	2026-09-20T16:18:34.6107052Z      13     │ - ······type:·"INVOICE",
Lint Code Base	Run Super-Linter	2026-09-20T16:18:34.6107422Z      14     │ - ······status:·{·in:·["Needs·Review",·"Discrepancy"]·},
Lint Code Base	Run Super-Linter	2026-09-20T16:18:34.6107757Z      15     │ - ····},
Lint Code Base	Run Super-Linter	2026-09-20T16:18:34.6108002Z      16     │ - ····include:·{
Lint Code Base	Run Super-Linter	2026-09-20T16:18:34.6108303Z      17     │ - ······business:·true,
Lint Code Base	Run Super-Linter	2026-09-20T16:18:34.6108715Z      18     │ - ······discrepancies:·{·orderBy:·{·createdAt:·"desc"·},·take:·1·},
Lint Code Base	Run Super-Linter	2026-09-20T16:18:34.6109106Z      19     │ - ····},
Lint Code Base	Run Super-Linter	2026-09-20T16:18:34.6109381Z      20     │ - ····orderBy:·{·createdAt:·"desc"·},
Lint Code Base	Run Super-Linter	2026-09-20T16:18:34.6109679Z      21     │ - ··});
Lint Code Base	Run Super-Linter	2026-09-20T16:18:34.6110408Z          10 │ + → const·docs·=·await·prisma.document.findMany({
Lint Code Base	Run Super-Linter	2026-09-20T16:18:34.6110834Z          11 │ + → → where:·{
Lint Code Base	Run Super-Linter	2026-09-20T16:18:34.6111138Z          12 │ + → → → environmentId:·user.environmentId,
Lint Code Base	Run Super-Linter	2026-09-20T16:18:34.6111464Z          13 │ + → → → type:·"INVOICE",
Lint Code Base	Run Super-Linter	2026-09-20T16:18:34.6111821Z          14 │ + → → → status:·{·in:·["Needs·Review",·"Discrepancy"]·},
Lint Code Base	Run Super-Linter	2026-09-20T16:18:34.6112151Z          15 │ + → → },
Lint Code Base	Run Super-Linter	2026-09-20T16:18:34.6112383Z          16 │ + → → include:·{
Lint Code Base	Run Super-Linter	2026-09-20T16:18:34.6112654Z          17 │ + → → → business:·true,
Lint Code Base	Run Super-Linter	2026-09-20T16:18:34.6113048Z          18 │ + → → → discrepancies:·{·orderBy:·{·createdAt:·"desc"·},·take:·1·},
Lint Code Base	Run Super-Linter	2026-09-20T16:18:34.6113588Z          19 │ + → → },
Lint Code Base	Run Super-Linter	2026-09-20T16:18:34.6113861Z          20 │ + → → orderBy:·{·createdAt:·"desc"·},
Lint Code Base	Run Super-Linter	2026-09-20T16:18:34.6114234Z          21 │ + → });
Lint Code Base	Run Super-Linter	2026-09-20T16:18:34.6114451Z      22  22 │   
Lint Code Base	Run Super-Linter	2026-09-20T16:18:34.6114680Z      23     │ - ··return·(
Lint Code Base	Run Super-Linter	2026-09-20T16:18:34.6115036Z      24     │ - ····<div·className="p-8·space-y-6·max-w-7xl·mx-auto">
Lint Code Base	Run Super-Linter	2026-09-20T16:18:34.6115624Z      25     │ - ······<div·className="flex·flex-col·sm:flex-row·sm:items-center·justify-between·gap-4">
Lint Code Base	Run Super-Linter	2026-09-20T16:18:34.6116095Z      26     │ - ········<div>
Lint Code Base	Run Super-Linter	2026-09-20T16:18:34.6116433Z      27     │ - ··········<div·className="flex·items-center·gap-2">
Lint Code Base	Run Super-Linter	2026-09-20T16:18:34.6116933Z      28     │ - ············<AlertTriangle·className="w-5·h-5·text-[var(--danger)]"·/>
Lint Code Base	Run Super-Linter	2026-09-20T16:18:34.6117542Z      29     │ - ············<h1·className="text-2xl·font-display·font-bold·text-[var(--text-primary)]">
Lint Code Base	Run Super-Linter	2026-09-20T16:18:34.6118029Z      30     │ - ··············Flagged·Discrepancies
Lint Code Base	Run Super-Linter	2026-09-20T16:18:34.6118366Z      31     │ - ············</h1>
Lint Code Base	Run Super-Linter	2026-09-20T16:18:34.6118640Z      32     │ - ··········</div>
Lint Code Base	Run Super-Linter	2026-09-20T16:18:34.6119035Z      33     │ - ··········<p·className="text-xs·text-[var(--text-secondary)]·mt-1">
Lint Code Base	Run Super-Linter	2026-09-20T16:18:34.6119598Z      34     │ - ············Invoices·exceeding·variance·thresholds·or·requiring·immediate
Lint Code Base	Run Super-Linter	2026-09-20T16:18:34.6120210Z      35     │ - ············reconciliation.
Lint Code Base	Run Super-Linter	2026-09-20T16:18:34.6120514Z      36     │ - ··········</p>
Lint Code Base	Run Super-Linter	2026-09-20T16:18:34.6120787Z      37     │ - ········</div>
Lint Code Base	Run Super-Linter	2026-09-20T16:18:34.6121047Z      38     │ - ······</div>
Lint Code Base	Run Super-Linter	2026-09-20T16:18:34.6121295Z          23 │ + → return·(
Lint Code Base	Run Super-Linter	2026-09-20T16:18:34.6121632Z          24 │ + → → <div·className="p-8·space-y-6·max-w-7xl·mx-auto">
Lint Code Base	Run Super-Linter	2026-09-20T16:18:34.6122193Z          25 │ + → → → <div·className="flex·flex-col·sm:flex-row·sm:items-center·justify-between·gap-4">
Lint Code Base	Run Super-Linter	2026-09-20T16:18:34.6122645Z          26 │ + → → → → <div>
Lint Code Base	Run Super-Linter	2026-09-20T16:18:34.6122974Z          27 │ + → → → → → <div·className="flex·items-center·gap-2">
Lint Code Base	Run Super-Linter	2026-09-20T16:18:34.6123446Z          28 │ + → → → → → → <AlertTriangle·className="w-5·h-5·text-[var(--danger)]"·/>
Lint Code Base	Run Super-Linter	2026-09-20T16:18:34.6124043Z          29 │ + → → → → → → <h1·className="text-2xl·font-display·font-bold·text-[var(--text-primary)]">
Lint Code Base	Run Super-Linter	2026-09-20T16:18:34.6124526Z          30 │ + → → → → → → → Flagged·Discrepancies
Lint Code Base	Run Super-Linter	2026-09-20T16:18:34.6124831Z          31 │ + → → → → → → </h1>
Lint Code Base	Run Super-Linter	2026-09-20T16:18:34.6125105Z          32 │ + → → → → → </div>
Lint Code Base	Run Super-Linter	2026-09-20T16:18:34.6125480Z          33 │ + → → → → → <p·className="text-xs·text-[var(--text-secondary)]·mt-1">
Lint Code Base	Run Super-Linter	2026-09-20T16:18:34.6126117Z          34 │ + → → → → → → Invoices·exceeding·variance·thresholds·or·requiring·immediate
Lint Code Base	Run Super-Linter	2026-09-20T16:18:34.6126615Z          35 │ + → → → → → → reconciliation.
Lint Code Base	Run Super-Linter	2026-09-20T16:18:34.6126908Z          36 │ + → → → → → </p>
Lint Code Base	Run Super-Linter	2026-09-20T16:18:34.6127165Z          37 │ + → → → → </div>
Lint Code Base	Run Super-Linter	2026-09-20T16:18:34.6127411Z          38 │ + → → → </div>
Lint Code Base	Run Super-Linter	2026-09-20T16:18:34.6127653Z      39  39 │   
Lint Code Base	Run Super-Linter	2026-09-20T16:18:34.6128072Z      40     │ - ······<div·className="space-y-4">
Lint Code Base	Run Super-Linter	2026-09-20T16:18:34.6128436Z      41     │ - ········{docs.length·===·0·&&·(
Lint Code Base	Run Super-Linter	2026-09-20T16:18:34.6129238Z      42     │ - ··········<p·className="text-xs·text-[var(--text-muted)]·p-6·text-center·rounded-xl·border·border-dashed·border-[var(--border-color)]">
Lint Code Base	Run Super-Linter	2026-09-20T16:18:34.6130323Z      43     │ - ············Nothing·flagged·right·now.
Lint Code Base	Run Super-Linter	2026-09-20T16:18:34.6130734Z      44     │ - ··········</p>
Lint Code Base	Run Super-Linter	2026-09-20T16:18:34.6131060Z      45     │ - ········)}
Lint Code Base	Run Super-Linter	2026-09-20T16:18:34.6131343Z      46     │ - ········{docs.map((inv)·=>·{
Lint Code Base	Run Super-Linter	2026-09-20T16:18:34.6131705Z      47     │ - ··········const·d·=·inv.discrepancies[0];
Lint Code Base	Run Super-Linter	2026-09-20T16:18:34.6132090Z      48     │ - ··········const·poAmount·=·d?.poAmount·??·0;
Lint Code Base	Run Super-Linter	2026-09-20T16:18:34.6132435Z      49     │ - ··········const·variance·=
Lint Code Base	Run Super-Linter	2026-09-20T16:18:34.6132832Z      50     │ - ············poAmount·!==·null·&&·poAmount·!==·undefined
Lint Code Base	Run Super-Linter	2026-09-20T16:18:34.6133236Z      51     │ - ··············?·inv.totalAmount·-·poAmount
Lint Code Base	Run Super-Linter	2026-09-20T16:18:34.6133591Z      52     │ - ··············:·0;
Lint Code Base	Run Super-Linter	2026-09-20T16:18:34.6133994Z      53     │ - ··········const·reasons:·string[]·=·d·?·JSON.parse(d.reasons)·:·[];
Lint Code Base	Run Super-Linter	2026-09-20T16:18:34.6134429Z          40 │ + → → → <div·className="space-y-4">
Lint Code Base	Run Super-Linter	2026-09-20T16:18:34.6134759Z          41 │ + → → → → {docs.length·===·0·&&·(
Lint Code Base	Run Super-Linter	2026-09-20T16:18:34.6135465Z          42 │ + → → → → → <p·className="text-xs·text-[var(--text-muted)]·p-6·text-center·rounded-xl·border·border-dashed·border-[var(--border-color)]">
Lint Code Base	Run Super-Linter	2026-09-20T16:18:34.6137021Z          43 │ + → → → → → → Nothing·flagged·right·now.
Lint Code Base	Run Super-Linter	2026-09-20T16:18:34.6137581Z          44 │ + → → → → → </p>
Lint Code Base	Run Super-Linter	2026-09-20T16:18:34.6138077Z          45 │ + → → → → )}
Lint Code Base	Run Super-Linter	2026-09-20T16:18:34.6138410Z          46 │ + → → → → {docs.map((inv)·=>·{
Lint Code Base	Run Super-Linter	2026-09-20T16:18:34.6138767Z          47 │ + → → → → → const·d·=·inv.discrepancies[0];
Lint Code Base	Run Super-Linter	2026-09-20T16:18:34.6139156Z          48 │ + → → → → → const·poAmount·=·d?.poAmount·??·0;
Lint Code Base	Run Super-Linter	2026-09-20T16:18:34.6139503Z          49 │ + → → → → → const·variance·=
Lint Code Base	Run Super-Linter	2026-09-20T16:18:34.6140077Z          50 │ + → → → → → → poAmount·!==·null·&&·poAmount·!==·undefined
Lint Code Base	Run Super-Linter	2026-09-20T16:18:34.6140493Z          51 │ + → → → → → → → ?·inv.totalAmount·-·poAmount
Lint Code Base	Run Super-Linter	2026-09-20T16:18:34.6140844Z          52 │ + → → → → → → → :·0;
Lint Code Base	Run Super-Linter	2026-09-20T16:18:34.6141244Z          53 │ + → → → → → const·reasons:·string[]·=·d·?·JSON.parse(d.reasons)·:·[];
Lint Code Base	Run Super-Linter	2026-09-20T16:18:34.6141619Z      54  54 │   
Lint Code Base	Run Super-Linter	2026-09-20T16:18:34.6141867Z      55     │ - ··········return·(
Lint Code Base	Run Super-Linter	2026-09-20T16:18:34.6142176Z      56     │ - ············<div
Lint Code Base	Run Super-Linter	2026-09-20T16:18:34.6142469Z      57     │ - ··············key={inv.id}
Lint Code Base	Run Super-Linter	2026-09-20T16:18:34.6143256Z      58     │ - ··············className="p-5·rounded-xl·border·border-[var(--border-color)]·bg-[var(--bg-surface)]·hover:border-[var(--danger)]·transition-all·space-y-4"
Lint Code Base	Run Super-Linter	2026-09-20T16:18:34.6143959Z      59     │ - ············>
Lint Code Base	Run Super-Linter	2026-09-20T16:18:34.6144646Z      60     │ - ··············<div·className="flex·flex-wrap·items-center·justify-between·gap-4·border-b·border-[var(--border-color)]·pb-3">
Lint Code Base	Run Super-Linter	2026-09-20T16:18:34.6145416Z      61     │ - ················<div·className="flex·items-center·gap-3">
Lint Code Base	Run Super-Linter	2026-09-20T16:18:34.6146042Z      62     │ - ··················<span·className="text-base·font-mono·font-bold·text-[var(--text-primary)]">
Lint Code Base	Run Super-Linter	2026-09-20T16:18:34.6146588Z      63     │ - ····················{inv.reference}
Lint Code Base	Run Super-Linter	2026-09-20T16:18:34.6146914Z      64     │ - ··················</span>
Lint Code Base	Run Super-Linter	2026-09-20T16:18:34.6147380Z      65     │ - ··················<StatusBadge·status={inv.status}·severity={d?.severity}·/>
Lint Code Base	Run Super-Linter	2026-09-20T16:18:34.6147818Z      66     │ - ················</div>
Lint Code Base	Run Super-Linter	2026-09-20T16:18:34.6148199Z      67     │ - ················<div·className="flex·items-center·gap-2">
Lint Code Base	Run Super-Linter	2026-09-20T16:18:34.6148749Z      68     │ - ··················<span·className="text-xs·font-mono·text-[var(--text-muted)]">
Lint Code Base	Run Super-Linter	2026-09-20T16:18:34.6149204Z      69     │ - ····················Score:
Lint Code Base	Run Super-Linter	2026-09-20T16:18:34.6149509Z      70     │ - ··················</span>
Lint Code Base	Run Super-Linter	2026-09-20T16:18:34.6150494Z      71     │ - ··················<span·className="px-2·py-0.5·rounded·font-mono·font-bold·text-xs·bg-[var(--danger-soft)]·text-[var(--danger)]">
Lint Code Base	Run Super-Linter	2026-09-20T16:18:34.6151309Z      72     │ - ····················{d?.score·??·0}·/·100
Lint Code Base	Run Super-Linter	2026-09-20T16:18:34.6151644Z      73     │ - ··················</span>
Lint Code Base	Run Super-Linter	2026-09-20T16:18:34.6151939Z      74     │ - ················</div>
Lint Code Base	Run Super-Linter	2026-09-20T16:18:34.6152233Z      75     │ - ··············</div>
Lint Code Base	Run Super-Linter	2026-09-20T16:18:34.6152513Z          55 │ + → → → → → return·(
Lint Code Base	Run Super-Linter	2026-09-20T16:18:34.6152790Z          56 │ + → → → → → → <div
Lint Code Base	Run Super-Linter	2026-09-20T16:18:34.6153070Z          57 │ + → → → → → → → key={inv.id}
Lint Code Base	Run Super-Linter	2026-09-20T16:18:34.6153947Z          58 │ + → → → → → → → className="p-5·rounded-xl·border·border-[var(--border-color)]·bg-[var(--bg-surface)]·hover:border-[var(--danger)]·transition-all·space-y-4"
Lint Code Base	Run Super-Linter	2026-09-20T16:18:34.6155048Z          59 │ + → → → → → → >
Lint Code Base	Run Super-Linter	2026-09-20T16:18:34.6155761Z          60 │ + → → → → → → → <div·className="flex·flex-wrap·items-center·justify-between·gap-4·border-b·border-[var(--border-color)]·pb-3">
Lint Code Base	Run Super-Linter	2026-09-20T16:18:34.6156479Z          61 │ + → → → → → → → → <div·className="flex·items-center·gap-3">
Lint Code Base	Run Super-Linter	2026-09-20T16:18:34.6157056Z          62 │ + → → → → → → → → → <span·className="text-base·font-mono·font-bold·text-[var(--text-primary)]">
Lint Code Base	Run Super-Linter	2026-09-20T16:18:34.6157573Z          63 │ + → → → → → → → → → → {inv.reference}
Lint Code Base	Run Super-Linter	2026-09-20T16:18:34.6157905Z          64 │ + → → → → → → → → → </span>
Lint Code Base	Run Super-Linter	2026-09-20T16:18:34.6158359Z          65 │ + → → → → → → → → → <StatusBadge·status={inv.status}·severity={d?.severity}·/>
Lint Code Base	Run Super-Linter	2026-09-20T16:18:34.6158918Z          66 │ + → → → → → → → → </div>
Lint Code Base	Run Super-Linter	2026-09-20T16:18:34.6159301Z          67 │ + → → → → → → → → <div·className="flex·items-center·gap-2">
Lint Code Base	Run Super-Linter	2026-09-20T16:18:34.6159970Z          68 │ + → → → → → → → → → <span·className="text-xs·font-mono·text-[var(--text-muted)]">
Lint Code Base	Run Super-Linter	2026-09-20T16:18:34.6160401Z          69 │ + → → → → → → → → → → Score:
Lint Code Base	Run Super-Linter	2026-09-20T16:18:34.6160695Z          70 │ + → → → → → → → → → </span>
Lint Code Base	Run Super-Linter	2026-09-20T16:18:34.6161399Z          71 │ + → → → → → → → → → <span·className="px-2·py-0.5·rounded·font-mono·font-bold·text-xs·bg-[var(--danger-soft)]·text-[var(--danger)]">
Lint Code Base	Run Super-Linter	2026-09-20T16:18:34.6162072Z          72 │ + → → → → → → → → → → {d?.score·??·0}·/·100
Lint Code Base	Run Super-Linter	2026-09-20T16:18:34.6162393Z          73 │ + → → → → → → → → → </span>
Lint Code Base	Run Super-Linter	2026-09-20T16:18:34.6162679Z          74 │ + → → → → → → → → </div>
Lint Code Base	Run Super-Linter	2026-09-20T16:18:34.6162980Z          75 │ + → → → → → → → </div>
Lint Code Base	Run Super-Linter	2026-09-20T16:18:34.6163316Z      76  76 │   
Lint Code Base	Run Super-Linter	2026-09-20T16:18:34.6163855Z      77     │ - ··············<div·className="grid·grid-cols-1·md:grid-cols-4·gap-4·text-xs·font-mono">
Lint Code Base	Run Super-Linter	2026-09-20T16:18:34.6164343Z      78     │ - ················<div>
Lint Code Base	Run Super-Linter	2026-09-20T16:18:34.6164814Z      79     │ - ··················<div·className="text-[10px]·text-[var(--text-muted)]·uppercase">
Lint Code Base	Run Super-Linter	2026-09-20T16:18:34.6165282Z      80     │ - ····················Vendor
Lint Code Base	Run Super-Linter	2026-09-20T16:18:34.6165596Z      81     │ - ··················</div>
Lint Code Base	Run Super-Linter	2026-09-20T16:18:34.6166042Z      82     │ - ··················<div·className="font-semibold·text-[var(--text-primary)]">
Lint Code Base	Run Super-Linter	2026-09-20T16:18:34.6166666Z      83     │ - ····················{inv.business.name}
Lint Code Base	Run Super-Linter	2026-09-20T16:18:34.6167014Z      84     │ - ··················</div>
Lint Code Base	Run Super-Linter	2026-09-20T16:18:34.6167393Z      85     │ - ················</div>
Lint Code Base	Run Super-Linter	2026-09-20T16:18:34.6167682Z      86     │ - ················<div>
Lint Code Base	Run Super-Linter	2026-09-20T16:18:34.6168134Z      87     │ - ··················<div·className="text-[10px]·text-[var(--text-muted)]·uppercase">
Lint Code Base	Run Super-Linter	2026-09-20T16:18:34.6168596Z      88     │ - ····················PO·Baseline
Lint Code Base	Run Super-Linter	2026-09-20T16:18:34.6168915Z      89     │ - ··················</div>
Lint Code Base	Run Super-Linter	2026-09-20T16:18:34.6169335Z      90     │ - ··················<div·className="text-[var(--text-secondary)]">
Lint Code Base	Run Super-Linter	2026-09-20T16:18:34.6170183Z      91     │ - ····················{poAmount·!==·null·&&·poAmount·!==·undefined
Lint Code Base	Run Super-Linter	2026-09-20T16:18:34.6170537Z   110 more lines truncated
Lint Code Base	Run Super-Linter	2026-09-20T16:18:34.6170752Z   
Lint Code Base	Run Super-Linter	2026-09-20T16:18:34.6170848Z 
Lint Code Base	Run Super-Linter	2026-09-20T16:18:34.6171206Z app/(app)/invoices/[id]/page.tsx format ━━━━━━━━━━━━━━━━━━━━━━━━━━━━━━━━━━━━━━━━━━━━━━━━━━━━━━━━━━━━
Lint Code Base	Run Super-Linter	2026-09-20T16:18:34.6171559Z 
Lint Code Base	Run Super-Linter	2026-09-20T16:18:34.6171735Z   × Formatter would have printed the following content:
Lint Code Base	Run Super-Linter	2026-09-20T16:18:34.6172036Z   
Lint Code Base	Run Super-Linter	2026-09-20T16:18:34.6172232Z       8   8 │   
Lint Code Base	Run Super-Linter	2026-09-20T16:18:34.6172542Z       9   9 │   export default async function InvoiceDetailPage({
Lint Code Base	Run Super-Linter	2026-09-20T16:18:34.6172893Z      10     │ - ··params,
Lint Code Base	Run Super-Linter	2026-09-20T16:18:34.6173133Z          10 │ + → params,
Lint Code Base	Run Super-Linter	2026-09-20T16:18:34.6173360Z      11  11 │   }: {
Lint Code Base	Run Super-Linter	2026-09-20T16:18:34.6173644Z      12     │ - ··params:·Promise<{·id:·string·}>;
Lint Code Base	Run Super-Linter	2026-09-20T16:18:34.6173988Z          12 │ + → params:·Promise<{·id:·string·}>;
Lint Code Base	Run Super-Linter	2026-09-20T16:18:34.6174274Z      13  13 │   }) {
Lint Code Base	Run Super-Linter	2026-09-20T16:18:34.6174547Z      14     │ - ··const·{·id·}·=·await·params;
Lint Code Base	Run Super-Linter	2026-09-20T16:18:34.6174890Z      15     │ - ··const·user·=·await·requireUser();
Lint Code Base	Run Super-Linter	2026-09-20T16:18:34.6175411Z          14 │ + → const·{·id·}·=·await·params;
Lint Code Base	Run Super-Linter	2026-09-20T16:18:34.6175983Z          15 │ + → const·user·=·await·requireUser();
Lint Code Base	Run Super-Linter	2026-09-20T16:18:34.6176398Z      16  16 │   
Lint Code Base	Run Super-Linter	2026-09-20T16:18:34.6176725Z      17     │ - ··const·invoice·=·await·prisma.document.findFirst({
Lint Code Base	Run Super-Linter	2026-09-20T16:18:34.6177263Z      18     │ - ····where:·{·id,·environmentId:·user.environmentId,·type:·"INVOICE"·},
Lint Code Base	Run Super-Linter	2026-09-20T16:18:34.6177681Z      19     │ - ····include:·{
Lint Code Base	Run Super-Linter	2026-09-20T16:18:34.6177961Z      20     │ - ······business:·true,
Lint Code Base	Run Super-Linter	2026-09-20T16:18:34.6178254Z      21     │ - ······lineItems:·true,
Lint Code Base	Run Super-Linter	2026-09-20T16:18:34.6178553Z      22     │ - ······uploadedBy:·true,
Lint Code Base	Run Super-Linter	2026-09-20T16:18:34.6178970Z      23     │ - ······discrepancies:·{·orderBy:·{·createdAt:·"desc"·},·take:·1·},
Lint Code Base	Run Super-Linter	2026-09-20T16:18:34.6179354Z      24     │ - ····},
Lint Code Base	Run Super-Linter	2026-09-20T16:18:34.6179595Z      25     │ - ··});
Lint Code Base	Run Super-Linter	2026-09-20T16:18:34.6180078Z          17 │ + → const·invoice·=·await·prisma.document.findFirst({
Lint Code Base	Run Super-Linter	2026-09-20T16:18:34.6180590Z          18 │ + → → where:·{·id,·environmentId:·user.environmentId,·type:·"INVOICE"·},
Lint Code Base	Run Super-Linter	2026-09-20T16:18:34.6181001Z          19 │ + → → include:·{
Lint Code Base	Run Super-Linter	2026-09-20T16:18:34.6181423Z          20 │ + → → → business:·true,
Lint Code Base	Run Super-Linter	2026-09-20T16:18:34.6181723Z          21 │ + → → → lineItems:·true,
Lint Code Base	Run Super-Linter	2026-09-20T16:18:34.6182019Z          22 │ + → → → uploadedBy:·true,
Lint Code Base	Run Super-Linter	2026-09-20T16:18:34.6182505Z          23 │ + → → → discrepancies:·{·orderBy:·{·createdAt:·"desc"·},·take:·1·},
Lint Code Base	Run Super-Linter	2026-09-20T16:18:34.6182881Z          24 │ + → → },
Lint Code Base	Run Super-Linter	2026-09-20T16:18:34.6183104Z          25 │ + → });
Lint Code Base	Run Super-Linter	2026-09-20T16:18:34.6183317Z      26  26 │   
Lint Code Base	Run Super-Linter	2026-09-20T16:18:34.6183579Z      27     │ - ··if·(!invoice)·notFound();
Lint Code Base	Run Super-Linter	2026-09-20T16:18:34.6183882Z          27 │ + → if·(!invoice)·notFound();
Lint Code Base	Run Super-Linter	2026-09-20T16:18:34.6184144Z      28  28 │   
Lint Code Base	Run Super-Linter	2026-09-20T16:18:34.6184451Z      29     │ - ··const·discrepancy·=·invoice.discrepancies[0];
Lint Code Base	Run Super-Linter	2026-09-20T16:18:34.6184997Z      30     │ - ··const·reasons:·string[]·=·discrepancy·?·JSON.parse(discrepancy.reasons)·:·[];
Lint Code Base	Run Super-Linter	2026-09-20T16:18:34.6185525Z          29 │ + → const·discrepancy·=·invoice.discrepancies[0];
Lint Code Base	Run Super-Linter	2026-09-20T16:18:34.6186041Z          30 │ + → const·reasons:·string[]·=·discrepancy·?·JSON.parse(discrepancy.reasons)·:·[];
Lint Code Base	Run Super-Linter	2026-09-20T16:18:34.6186472Z      31  31 │   
Lint Code Base	Run Super-Linter	2026-09-20T16:18:34.6186734Z      32     │ - ··const·po·=·invoice.linkedPoRef
Lint Code Base	Run Super-Linter	2026-09-20T16:18:34.6187115Z      33     │ - ····?·await·prisma.document.findFirst({
Lint Code Base	Run Super-Linter	2026-09-20T16:18:34.6187452Z      34     │ - ········where:·{
Lint Code Base	Run Super-Linter	2026-09-20T16:18:34.6187820Z      35     │ - ··········environmentId:·user.environmentId,
Lint Code Base	Run Super-Linter	2026-09-20T16:18:34.6188226Z      36     │ - ··········businessId:·invoice.businessId,
Lint Code Base	Run Super-Linter	2026-09-20T16:18:34.6188586Z      37     │ - ··········type:·"PURCHASE_ORDER",
Lint Code Base	Run Super-Linter	2026-09-20T16:18:34.6188952Z      38     │ - ··········reference:·invoice.linkedPoRef,
Lint Code Base	Run Super-Linter	2026-09-20T16:18:34.6189266Z      39     │ - ········},
Lint Code Base	Run Super-Linter	2026-09-20T16:18:34.6189587Z      40     │ - ········include:·{·lineItems:·true·},
Lint Code Base	Run Super-Linter	2026-09-20T16:18:34.6190027Z      41     │ - ······})
Lint Code Base	Run Super-Linter	2026-09-20T16:18:34.6190363Z      42     │ - ····:·null;
Lint Code Base	Run Super-Linter	2026-09-20T16:18:34.6190763Z          32 │ + → const·po·=·invoice.linkedPoRef
Lint Code Base	Run Super-Linter	2026-09-20T16:18:34.6191153Z          33 │ + → → ?·await·prisma.document.findFirst({
Lint Code Base	Run Super-Linter	2026-09-20T16:18:34.6191472Z          34 │ + → → → → where:·{
Lint Code Base	Run Super-Linter	2026-09-20T16:18:34.6191789Z          35 │ + → → → → → environmentId:·user.environmentId,
Lint Code Base	Run Super-Linter	2026-09-20T16:18:34.6192163Z          36 │ + → → → → → businessId:·invoice.businessId,
Lint Code Base	Run Super-Linter	2026-09-20T16:18:34.6192512Z          37 │ + → → → → → type:·"PURCHASE_ORDER",
Lint Code Base	Run Super-Linter	2026-09-20T16:18:34.6192857Z          38 │ + → → → → → reference:·invoice.linkedPoRef,
Lint Code Base	Run Super-Linter	2026-09-20T16:18:34.6193161Z          39 │ + → → → → },
Lint Code Base	Run Super-Linter	2026-09-20T16:18:34.6193452Z          40 │ + → → → → include:·{·lineItems:·true·},
Lint Code Base	Run Super-Linter	2026-09-20T16:18:34.6193742Z          41 │ + → → → })
Lint Code Base	Run Super-Linter	2026-09-20T16:18:34.6193979Z          42 │ + → → :·null;
Lint Code Base	Run Super-Linter	2026-09-20T16:18:34.6194216Z      43  43 │   
Lint Code Base	Run Super-Linter	2026-09-20T16:18:34.6194443Z      44     │ - ··return·(
Lint Code Base	Run Super-Linter	2026-09-20T16:18:34.6194870Z      45     │ - ····<div·className="p-8·space-y-6·max-w-5xl·mx-auto">
Lint Code Base	Run Super-Linter	2026-09-20T16:18:34.6195315Z      46     │ - ······<Link
Lint Code Base	Run Super-Linter	2026-09-20T16:18:34.6195585Z      47     │ - ········href="/invoices"
Lint Code Base	Run Super-Linter	2026-09-20T16:18:34.6196263Z      48     │ - ········className="inline-flex·items-center·gap-1.5·text-xs·text-[var(--text-secondary)]·hover:text-[var(--text-primary)]"
Lint Code Base	Run Super-Linter	2026-09-20T16:18:34.6196879Z      49     │ - ······>
Lint Code Base	Run Super-Linter	2026-09-20T16:18:34.6197248Z      50     │ - ········<ArrowLeft·className="w-3.5·h-3.5"·/>·Back·to·invoices
Lint Code Base	Run Super-Linter	2026-09-20T16:18:34.6197621Z      51     │ - ······</Link>
Lint Code Base	Run Super-Linter	2026-09-20T16:18:34.6197875Z          44 │ + → return·(
Lint Code Base	Run Super-Linter	2026-09-20T16:18:34.6198214Z          45 │ + → → <div·className="p-8·space-y-6·max-w-5xl·mx-auto">
Lint Code Base	Run Super-Linter	2026-09-20T16:18:34.6198570Z          46 │ + → → → <Link
Lint Code Base	Run Super-Linter	2026-09-20T16:18:34.6198839Z          47 │ + → → → → href="/invoices"
Lint Code Base	Run Super-Linter	2026-09-20T16:18:34.6199475Z          48 │ + → → → → className="inline-flex·items-center·gap-1.5·text-xs·text-[var(--text-secondary)]·hover:text-[var(--text-primary)]"
Lint Code Base	Run Super-Linter	2026-09-20T16:18:34.6200265Z          49 │ + → → → >
Lint Code Base	Run Super-Linter	2026-09-20T16:18:34.6200627Z          50 │ + → → → → <ArrowLeft·className="w-3.5·h-3.5"·/>·Back·to·invoices
Lint Code Base	Run Super-Linter	2026-09-20T16:18:34.6201177Z          51 │ + → → → </Link>
Lint Code Base	Run Super-Linter	2026-09-20T16:18:34.6201521Z      52  52 │   
Lint Code Base	Run Super-Linter	2026-09-20T16:18:34.6202172Z      53     │ - ······<div·className="flex·flex-wrap·items-center·justify-between·gap-4·pb-4·border-b·border-[var(--border-color)]">
Lint Code Base	Run Super-Linter	2026-09-20T16:18:34.6202848Z      54     │ - ········<div>
Lint Code Base	Run Super-Linter	2026-09-20T16:18:34.6203379Z      55     │ - ··········<h1·className="text-2xl·font-display·font-bold·text-[var(--text-primary)]·font-mono">
Lint Code Base	Run Super-Linter	2026-09-20T16:18:34.6203915Z      56     │ - ············{invoice.reference}
Lint Code Base	Run Super-Linter	2026-09-20T16:18:34.6204225Z      57     │ - ··········</h1>
Lint Code Base	Run Super-Linter	2026-09-20T16:18:34.6204637Z      58     │ - ··········<p·className="text-xs·text-[var(--text-secondary)]·mt-1">
Lint Code Base	Run Super-Linter	2026-09-20T16:18:34.6205156Z      59     │ - ············{invoice.business.name}·&middot;·uploaded·by{"·"}
Lint Code Base	Run Super-Linter	2026-09-20T16:18:34.6205609Z      60     │ - ············{invoice.uploadedBy.name}·&middot;{"·"}
Lint Code Base	Run Super-Linter	2026-09-20T16:18:34.6206057Z      61     │ - ············{invoice.createdAt.toISOString().slice(0,·10)}
Lint Code Base	Run Super-Linter	2026-09-20T16:18:34.6206445Z      62     │ - ··········</p>
Lint Code Base	Run Super-Linter	2026-09-20T16:18:34.6206717Z      63     │ - ········</div>
Lint Code Base	Run Super-Linter	2026-09-20T16:18:34.6207162Z      64     │ - ········<StatusBadge·status={invoice.status}·severity={discrepancy?.severity}·/>
Lint Code Base	Run Super-Linter	2026-09-20T16:18:34.6207613Z      65     │ - ······</div>
Lint Code Base	Run Super-Linter	2026-09-20T16:18:34.6208218Z          53 │ + → → → <div·className="flex·flex-wrap·items-center·justify-between·gap-4·pb-4·border-b·border-[var(--border-color)]">
Lint Code Base	Run Super-Linter	2026-09-20T16:18:34.6208791Z          54 │ + → → → → <div>
Lint Code Base	Run Super-Linter	2026-09-20T16:18:34.6209285Z          55 │ + → → → → → <h1·className="text-2xl·font-display·font-bold·text-[var(--text-primary)]·font-mono">
Lint Code Base	Run Super-Linter	2026-09-20T16:18:34.6209948Z          56 │ + → → → → → → {invoice.reference}
Lint Code Base	Run Super-Linter	2026-09-20T16:18:34.6210252Z          57 │ + → → → → → </h1>
Lint Code Base	Run Super-Linter	2026-09-20T16:18:34.6210635Z          58 │ + → → → → → <p·className="text-xs·text-[var(--text-secondary)]·mt-1">
Lint Code Base	Run Super-Linter	2026-09-20T16:18:34.6211125Z          59 │ + → → → → → → {invoice.business.name}·&middot;·uploaded·by{"·"}
Lint Code Base	Run Super-Linter	2026-09-20T16:18:34.6211576Z          60 │ + → → → → → → {invoice.uploadedBy.name}·&middot;{"·"}
Lint Code Base	Run Super-Linter	2026-09-20T16:18:34.6212000Z          61 │ + → → → → → → {invoice.createdAt.toISOString().slice(0,·10)}
Lint Code Base	Run Super-Linter	2026-09-20T16:18:34.6212368Z          62 │ + → → → → → </p>
Lint Code Base	Run Super-Linter	2026-09-20T16:18:34.6212620Z          63 │ + → → → → </div>
Lint Code Base	Run Super-Linter	2026-09-20T16:18:34.6213057Z          64 │ + → → → → <StatusBadge·status={invoice.status}·severity={discrepancy?.severity}·/>
Lint Code Base	Run Super-Linter	2026-09-20T16:18:34.6213487Z          65 │ + → → → </div>
Lint Code Base	Run Super-Linter	2026-09-20T16:18:34.6213722Z      66  66 │   
Lint Code Base	Run Super-Linter	2026-09-20T16:18:34.6213974Z      67     │ - ······{discrepancy·&&·(
Lint Code Base	Run Super-Linter	2026-09-20T16:18:34.6214290Z      68     │ - ········<ReconciliationCard
Lint Code Base	Run Super-Linter	2026-09-20T16:18:34.6214597Z      69     │ - ··········quoteAmount={
Lint Code Base	Run Super-Linter	2026-09-20T16:18:34.6214939Z      70     │ - ············discrepancy.quoteAmount·??
Lint Code Base	Run Super-Linter	2026-09-20T16:18:34.6215309Z      71     │ - ············discrepancy.poAmount·??
Lint Code Base	Run Super-Linter	2026-09-20T16:18:34.6215651Z      72     │ - ············invoice.totalAmount
Lint Code Base	Run Super-Linter	2026-09-20T16:18:34.6215973Z      73     │ - ··········}
Lint Code Base	Run Super-Linter	2026-09-20T16:18:34.6216367Z      74     │ - ··········poAmount={discrepancy.poAmount·??·invoice.totalAmount}
Lint Code Base	Run Super-Linter	2026-09-20T16:18:34.6216836Z      75     │ - ··········invoiceAmount={invoice.totalAmount}
Lint Code Base	Run Super-Linter	2026-09-20T16:18:34.6217164Z      76     │ - ········/>
Lint Code Base	Run Super-Linter	2026-09-20T16:18:34.6217411Z      77     │ - ······)}
Lint Code Base	Run Super-Linter	2026-09-20T16:18:34.6217682Z          67 │ + → → → {discrepancy·&&·(
Lint Code Base	Run Super-Linter	2026-09-20T16:18:34.6217980Z          68 │ + → → → → <ReconciliationCard
Lint Code Base	Run Super-Linter	2026-09-20T16:18:34.6218276Z          69 │ + → → → → → quoteAmount={
Lint Code Base	Run Super-Linter	2026-09-20T16:18:34.6218600Z          70 │ + → → → → → → discrepancy.quoteAmount·??
Lint Code Base	Run Super-Linter	2026-09-20T16:18:34.6218951Z          71 │ + → → → → → → discrepancy.poAmount·??
Lint Code Base	Run Super-Linter	2026-09-20T16:18:34.6219277Z          72 │ + → → → → → → invoice.totalAmount
Lint Code Base	Run Super-Linter	2026-09-20T16:18:34.6219564Z          73 │ + → → → → → }
Lint Code Base	Run Super-Linter	2026-09-20T16:18:34.6220127Z          74 │ + → → → → → poAmount={discrepancy.poAmount·??·invoice.totalAmount}
Lint Code Base	Run Super-Linter	2026-09-20T16:18:34.6220577Z          75 │ + → → → → → invoiceAmount={invoice.totalAmount}
Lint Code Base	Run Super-Linter	2026-09-20T16:18:34.6221037Z          76 │ + → → → → />
Lint Code Base	Run Super-Linter	2026-09-20T16:18:34.6221377Z          77 │ + → → → )}
Lint Code Base	Run Super-Linter	2026-09-20T16:18:34.6221845Z      78  78 │   
Lint Code Base	Run Super-Linter	2026-09-20T16:18:34.6222123Z      79     │ - ······{reasons.length·>·0·&&·(
Lint Code Base	Run Super-Linter	2026-09-20T16:18:34.6222728Z      80     │ - ········<div·className="p-4·rounded-xl·border·border-[var(--danger)]·bg-[var(--danger-soft)]·space-y-1">
Lint Code Base	Run Super-Linter	2026-09-20T16:18:34.6223415Z      81     │ - ··········<div·className="text-xs·font-semibold·text-[var(--danger)]">
Lint Code Base	Run Super-Linter	2026-09-20T16:18:34.6223852Z      82     │ - ············Detected·issues
Lint Code Base	Run Super-Linter	2026-09-20T16:18:34.6224148Z      83     │ - ··········</div>
Lint Code Base	Run Super-Linter	2026-09-20T16:18:34.6224645Z      84     │ - ··········<ul·className="text-xs·text-[var(--text-secondary)]·list-disc·pl-4·space-y-0.5">
Lint Code Base	Run Super-Linter	2026-09-20T16:18:34.6225159Z      85     │ - ············{reasons.map((r,·i)·=>·(
Lint Code Base	Run Super-Linter	2026-09-20T16:18:34.6225507Z      86     │ - ··············<li·key={i}>{r}</li>
Lint Code Base	Run Super-Linter	2026-09-20T16:18:34.6225829Z      87     │ - ············))}
Lint Code Base	Run Super-Linter	2026-09-20T16:18:34.6226197Z      88     │ - ··········</ul>
Lint Code Base	Run Super-Linter	2026-09-20T16:18:34.6226497Z      89     │ - ········</div>
Lint Code Base	Run Super-Linter	2026-09-20T16:18:34.6226751Z      90     │ - ······)}
Lint Code Base	Run Super-Linter	2026-09-20T16:18:34.6227046Z          79 │ + → → → {reasons.length·>·0·&&·(
Lint Code Base	Run Super-Linter	2026-09-20T16:18:34.6227625Z          80 │ + → → → → <div·className="p-4·rounded-xl·border·border-[var(--danger)]·bg-[var(--danger-soft)]·space-y-1">
Lint Code Base	Run Super-Linter	2026-09-20T16:18:34.6228274Z          81 │ + → → → → → <div·className="text-xs·font-semibold·text-[var(--danger)]">
Lint Code Base	Run Super-Linter	2026-09-20T16:18:34.6228687Z          82 │ + → → → → → → Detected·issues
Lint Code Base	Run Super-Linter	2026-09-20T16:18:34.6228980Z          83 │ + → → → → → </div>
Lint Code Base	Run Super-Linter	2026-09-20T16:18:34.6229454Z          84 │ + → → → → → <ul·className="text-xs·text-[var(--text-secondary)]·list-disc·pl-4·space-y-0.5">
Lint Code Base	Run Super-Linter	2026-09-20T16:18:34.6230095Z          85 │ + → → → → → → {reasons.map((r,·i)·=>·(
Lint Code Base	Run Super-Linter	2026-09-20T16:18:34.6230434Z          86 │ + → → → → → → → <li·key={i}>{r}</li>
Lint Code Base	Run Super-Linter	2026-09-20T16:18:34.6230710Z   166 more lines truncated
Lint Code Base	Run Super-Linter	2026-09-20T16:18:34.6230936Z   
Lint Code Base	Run Super-Linter	2026-09-20T16:18:34.6231039Z 
Lint Code Base	Run Super-Linter	2026-09-20T16:18:34.6231388Z app/(app)/invoices/page.tsx format ━━━━━━━━━━━━━━━━━━━━━━━━━━━━━━━━━━━━━━━━━━━━━━━━━━━━━━━━━━━━━━━━━
Lint Code Base	Run Super-Linter	2026-09-20T16:18:34.6231744Z 
Lint Code Base	Run Super-Linter	2026-09-20T16:18:34.6231921Z   × Formatter would have printed the following content:
Lint Code Base	Run Super-Linter	2026-09-20T16:18:34.6232225Z   
Lint Code Base	Run Super-Linter	2026-09-20T16:18:34.6232480Z      5  5 │   
Lint Code Base	Run Super-Linter	2026-09-20T16:18:34.6232853Z      6  6 │   export default async function InvoicesPage() {
Lint Code Base	Run Super-Linter	2026-09-20T16:18:34.6233234Z      7    │ - ··const·user·=·await·requireUser();
Lint Code Base	Run Super-Linter	2026-09-20T16:18:34.6233580Z         7 │ + → const·user·=·await·requireUser();
Lint Code Base	Run Super-Linter	2026-09-20T16:18:34.6233860Z      8  8 │   
Lint Code Base	Run Super-Linter	2026-09-20T16:18:34.6234166Z      9    │ - ··const·docs·=·await·prisma.document.findMany({
Lint Code Base	Run Super-Linter	2026-09-20T16:18:34.6234652Z     10    │ - ····where:·{·environmentId:·user.environmentId,·type:·"INVOICE"·},
Lint Code Base	Run Super-Linter	2026-09-20T16:18:34.6235056Z     11    │ - ····include:·{
Lint Code Base	Run Super-Linter	2026-09-20T16:18:34.6235335Z     12    │ - ······business:·true,
Lint Code Base	Run Super-Linter	2026-09-20T16:18:34.6235860Z     13    │ - ······discrepancies:·{·orderBy:·{·createdAt:·"desc"·},·take:·1·},
Lint Code Base	Run Super-Linter	2026-09-20T16:18:34.6236249Z     14    │ - ····},
Lint Code Base	Run Super-Linter	2026-09-20T16:18:34.6236532Z     15    │ - ····orderBy:·{·createdAt:·"desc"·},
Lint Code Base	Run Super-Linter	2026-09-20T16:18:34.6236926Z     16    │ - ··});
Lint Code Base	Run Super-Linter	2026-09-20T16:18:34.6237239Z         9 │ + → const·docs·=·await·prisma.document.findMany({
Lint Code Base	Run Super-Linter	2026-09-20T16:18:34.6237711Z        10 │ + → → where:·{·environmentId:·user.environmentId,·type:·"INVOICE"·},
Lint Code Base	Run Super-Linter	2026-09-20T16:18:34.6238102Z        11 │ + → → include:·{
Lint Code Base	Run Super-Linter	2026-09-20T16:18:34.6238374Z        12 │ + → → → business:·true,
Lint Code Base	Run Super-Linter	2026-09-20T16:18:34.6238780Z        13 │ + → → → discrepancies:·{·orderBy:·{·createdAt:·"desc"·},·take:·1·},
Lint Code Base	Run Super-Linter	2026-09-20T16:18:34.6239140Z        14 │ + → → },
Lint Code Base	Run Super-Linter	2026-09-20T16:18:34.6239414Z        15 │ + → → orderBy:·{·createdAt:·"desc"·},
Lint Code Base	Run Super-Linter	2026-09-20T16:18:34.6239694Z        16 │ + → });
Lint Code Base	Run Super-Linter	2026-09-20T16:18:34.6240136Z     17 17 │   
Lint Code Base	Run Super-Linter	2026-09-20T16:18:34.6240442Z     18    │ - ··const·invoices·=·docs.map(toInvoiceRecord);
Lint Code Base	Run Super-Linter	2026-09-20T16:18:34.6240861Z        18 │ + → const·invoices·=·docs.map(toInvoiceRecord);
Lint Code Base	Run Super-Linter	2026-09-20T16:18:34.6241165Z     19 19 │   
Lint Code Base	Run Super-Linter	2026-09-20T16:18:34.6241473Z     20    │ - ··return·<InvoicesClient·invoices={invoices}·/>;
Lint Code Base	Run Super-Linter	2026-09-20T16:18:34.6241901Z        20 │ + → return·<InvoicesClient·invoices={invoices}·/>;
Lint Code Base	Run Super-Linter	2026-09-20T16:18:34.6242238Z     21 21 │   }
Lint Code Base	Run Super-Linter	2026-09-20T16:18:34.6242447Z     22 22 │   
Lint Code Base	Run Super-Linter	2026-09-20T16:18:34.6242618Z   
Lint Code Base	Run Super-Linter	2026-09-20T16:18:34.6242720Z 
Lint Code Base	Run Super-Linter	2026-09-20T16:18:34.6243061Z app/(app)/layout.tsx format ━━━━━━━━━━━━━━━━━━━━━━━━━━━━━━━━━━━━━━━━━━━━━━━━━━━━━━━━━━━━━━━━━━━━━━━━
Lint Code Base	Run Super-Linter	2026-09-20T16:18:34.6243384Z 
Lint Code Base	Run Super-Linter	2026-09-20T16:18:34.6243563Z   × Formatter would have printed the following content:
Lint Code Base	Run Super-Linter	2026-09-20T16:18:34.6243840Z   
Lint Code Base	Run Super-Linter	2026-09-20T16:18:34.6244074Z      6  6 │   // so they render without it.
Lint Code Base	Run Super-Linter	2026-09-20T16:18:34.6244409Z      7  7 │   export default async function AppLayout({
Lint Code Base	Run Super-Linter	2026-09-20T16:18:34.6244723Z      8    │ - ··children,
Lint Code Base	Run Super-Linter	2026-09-20T16:18:34.6244969Z         8 │ + → children,
Lint Code Base	Run Super-Linter	2026-09-20T16:18:34.6245220Z      9  9 │   }: {
Lint Code Base	Run Super-Linter	2026-09-20T16:18:34.6245474Z     10    │ - ··children:·React.ReactNode;
Lint Code Base	Run Super-Linter	2026-09-20T16:18:34.6245791Z        10 │ + → children:·React.ReactNode;
Lint Code Base	Run Super-Linter	2026-09-20T16:18:34.6246075Z     11 11 │   }) {
Lint Code Base	Run Super-Linter	2026-09-20T16:18:34.6246346Z     12    │ - ··const·user·=·await·requireUser();
Lint Code Base	Run Super-Linter	2026-09-20T16:18:34.6246690Z        12 │ + → const·user·=·await·requireUser();
Lint Code Base	Run Super-Linter	2026-09-20T16:18:34.6246974Z     13 13 │   
Lint Code Base	Run Super-Linter	2026-09-20T16:18:34.6247201Z     14    │ - ··return·(
Lint Code Base	Run Super-Linter	2026-09-20T16:18:34.6247669Z     15    │ - ····<div·className="flex·min-h-screen·bg-[var(--bg-app)]·text-[var(--text-primary)]">
Lint Code Base	Run Super-Linter	2026-09-20T16:18:34.6248136Z     16    │ - ······<Sidebar
Lint Code Base	Run Super-Linter	2026-09-20T16:18:34.6248465Z     17    │ - ········environmentName={user.environment.name}
Lint Code Base	Run Super-Linter	2026-09-20T16:18:34.6248819Z     18    │ - ········userName={user.name}
Lint Code Base	Run Super-Linter	2026-09-20T16:18:34.6249135Z     19    │ - ········userRole={user.role}
Lint Code Base	Run Super-Linter	2026-09-20T16:18:34.6249414Z     20    │ - ······/>
Lint Code Base	Run Super-Linter	2026-09-20T16:18:34.6249921Z     21    │ - ······<main·className="flex-1·overflow-y-auto">{children}</main>
Lint Code Base	Run Super-Linter	2026-09-20T16:18:34.6250362Z     22    │ - ····</div>
Lint Code Base	Run Super-Linter	2026-09-20T16:18:34.6250609Z     23    │ - ··);
Lint Code Base	Run Super-Linter	2026-09-20T16:18:34.6250832Z        14 │ + → return·(
Lint Code Base	Run Super-Linter	2026-09-20T16:18:34.6251292Z        15 │ + → → <div·className="flex·min-h-screen·bg-[var(--bg-app)]·text-[var(--text-primary)]">
Lint Code Base	Run Super-Linter	2026-09-20T16:18:34.6251741Z        16 │ + → → → <Sidebar
Lint Code Base	Run Super-Linter	2026-09-20T16:18:34.6252053Z        17 │ + → → → → environmentName={user.environment.name}
Lint Code Base	Run Super-Linter	2026-09-20T16:18:34.6252504Z        18 │ + → → → → userName={user.name}
Lint Code Base	Run Super-Linter	2026-09-20T16:18:34.6252885Z        19 │ + → → → → userRole={user.role}
Lint Code Base	Run Super-Linter	2026-09-20T16:18:34.6253152Z        20 │ + → → → />
Lint Code Base	Run Super-Linter	2026-09-20T16:18:34.6253512Z        21 │ + → → → <main·className="flex-1·overflow-y-auto">{children}</main>
Lint Code Base	Run Super-Linter	2026-09-20T16:18:34.6253876Z        22 │ + → → </div>
Lint Code Base	Run Super-Linter	2026-09-20T16:18:34.6254101Z        23 │ + → );
Lint Code Base	Run Super-Linter	2026-09-20T16:18:34.6254310Z     24 24 │   }
Lint Code Base	Run Super-Linter	2026-09-20T16:18:34.6254513Z     25 25 │   
Lint Code Base	Run Super-Linter	2026-09-20T16:18:34.6254688Z   
Lint Code Base	Run Super-Linter	2026-09-20T16:18:34.6254785Z 
Lint Code Base	Run Super-Linter	2026-09-20T16:18:34.6255249Z app/(app)/page.tsx format ━━━━━━━━━━━━━━━━━━━━━━━━━━━━━━━━━━━━━━━━━━━━━━━━━━━━━━━━━━━━━━━━━━━━━━━━━━
Lint Code Base	Run Super-Linter	2026-09-20T16:18:34.6255569Z 
Lint Code Base	Run Super-Linter	2026-09-20T16:18:34.6255744Z   × Formatter would have printed the following content:
Lint Code Base	Run Super-Linter	2026-09-20T16:18:34.6256116Z   
Lint Code Base	Run Super-Linter	2026-09-20T16:18:34.6256313Z       8   8 │   
Lint Code Base	Run Super-Linter	2026-09-20T16:18:34.6256659Z       9   9 │   export default async function CommandCenterDashboard() {
Lint Code Base	Run Super-Linter	2026-09-20T16:18:34.6257205Z      10     │ - ··const·user·=·await·requireUser();
Lint Code Base	Run Super-Linter	2026-09-20T16:18:34.6257598Z      11     │ - ··const·environmentId·=·user.environmentId;
Lint Code Base	Run Super-Linter	2026-09-20T16:18:34.6257969Z          10 │ + → const·user·=·await·requireUser();
Lint Code Base	Run Super-Linter	2026-09-20T16:18:34.6258334Z          11 │ + → const·environmentId·=·user.environmentId;
Lint Code Base	Run Super-Linter	2026-09-20T16:18:34.6258639Z      12  12 │   
Lint Code Base	Run Super-Linter	2026-09-20T16:18:34.6258865Z      13     │ - ··const·[
Lint Code Base	Run Super-Linter	2026-09-20T16:18:34.6259122Z      14     │ - ····totalInvoices,
Lint Code Base	Run Super-Linter	2026-09-20T16:18:34.6259418Z      15     │ - ····matchedInvoices,
Lint Code Base	Run Super-Linter	2026-09-20T16:18:34.6259853Z      16     │ - ····discrepancyCount,
Lint Code Base	Run Super-Linter	2026-09-20T16:18:34.6260220Z      17     │ - ····pendingReview,
Lint Code Base	Run Super-Linter	2026-09-20T16:18:34.6260504Z      18     │ - ····priorityQueue,
Lint Code Base	Run Super-Linter	2026-09-20T16:18:34.6260813Z      19     │ - ····latestDiscrepancy,
Lint Code Base	Run Super-Linter	2026-09-20T16:18:34.6261125Z      20     │ - ··]·=·await·Promise.all([
Lint Code Base	Run Super-Linter	2026-09-20T16:18:34.6261589Z      21     │ - ····prisma.document.count({·where:·{·environmentId,·type:·"INVOICE"·}·}),
Lint Code Base	Run Super-Linter	2026-09-20T16:18:34.6262042Z      22     │ - ····prisma.document.count({
Lint Code Base	Run Super-Linter	2026-09-20T16:18:34.6262509Z      23     │ - ······where:·{·environmentId,·type:·"INVOICE",·status:·"Matched"·},
Lint Code Base	Run Super-Linter	2026-09-20T16:18:34.6262909Z      24     │ - ····}),
Lint Code Base	Run Super-Linter	2026-09-20T16:18:34.6263202Z      25     │ - ····prisma.document.count({
Lint Code Base	Run Super-Linter	2026-09-20T16:18:34.6263516Z      26     │ - ······where:·{
Lint Code Base	Run Super-Linter	2026-09-20T16:18:34.6263847Z      27     │ - ········environmentId,
Lint Code Base	Run Super-Linter	2026-09-20T16:18:34.6264169Z      28     │ - ········type:·"INVOICE",
Lint Code Base	Run Super-Linter	2026-09-20T16:18:34.6264584Z      29     │ - ········status:·{·in:·["Needs·Review",·"Discrepancy"]·},
Lint Code Base	Run Super-Linter	2026-09-20T16:18:34.6265008Z      30     │ - ······},
Lint Code Base	Run Super-Linter	2026-09-20T16:18:34.6265277Z      31     │ - ····}),
Lint Code Base	Run Super-Linter	2026-09-20T16:18:34.6265604Z      32     │ - ····prisma.document.count({
Lint Code Base	Run Super-Linter	2026-09-20T16:18:34.6266127Z      33     │ - ······where:·{·environmentId,·type:·"INVOICE",·status:·"Needs·Review"·},
Lint Code Base	Run Super-Linter	2026-09-20T16:18:34.6266590Z      34     │ - ····}),
Lint Code Base	Run Super-Linter	2026-09-20T16:18:34.6266873Z      35     │ - ····prisma.document.findMany({
Lint Code Base	Run Super-Linter	2026-09-20T16:18:34.6267207Z      36     │ - ······where:·{
Lint Code Base	Run Super-Linter	2026-09-20T16:18:34.6267509Z      37     │ - ········environmentId,
Lint Code Base	Run Super-Linter	2026-09-20T16:18:34.6267806Z      38     │ - ········type:·"INVOICE",
Lint Code Base	Run Super-Linter	2026-09-20T16:18:34.6268233Z      39     │ - ········status:·{·in:·["Needs·Review",·"Discrepancy"]·},
Lint Code Base	Run Super-Linter	2026-09-20T16:18:34.6268605Z      40     │ - ······},
Lint Code Base	Run Super-Linter	2026-09-20T16:18:34.6268868Z      41     │ - ······include:·{
Lint Code Base	Run Super-Linter	2026-09-20T16:18:34.6269150Z      42     │ - ········business:·true,
Lint Code Base	Run Super-Linter	2026-09-20T16:18:34.6269656Z      43     │ - ········discrepancies:·{·orderBy:·{·createdAt:·"desc"·},·take:·1·},
Lint Code Base	Run Super-Linter	2026-09-20T16:18:34.6270251Z      44     │ - ······},
Lint Code Base	Run Super-Linter	2026-09-20T16:18:34.6270560Z      45     │ - ······orderBy:·{·createdAt:·"desc"·},
Lint Code Base	Run Super-Linter	2026-09-20T16:18:34.6270869Z      46     │ - ······take:·3,
Lint Code Base	Run Super-Linter	2026-09-20T16:18:34.6271276Z      47     │ - ····}),
Lint Code Base	Run Super-Linter	2026-09-20T16:18:34.6271714Z      48     │ - ····prisma.discrepancy.findFirst({
Lint Code Base	Run Super-Linter	2026-09-20T16:18:34.6272487Z      49     │ - ······where:·{·environmentId,·status:·{·in:·["Needs·Review",·"Discrepancy"]·}·},
Lint Code Base	Run Super-Linter	2026-09-20T16:18:34.6273483Z      50     │ - ······orderBy:·{·createdAt:·"desc"·},
Lint Code Base	Run Super-Linter	2026-09-20T16:18:34.6274007Z      51     │ - ······include:·{·invoiceDoc:·{·include:·{·business:·true·}·}·},
Lint Code Base	Run Super-Linter	2026-09-20T16:18:34.6274380Z      52     │ - ····}),
Lint Code Base	Run Super-Linter	2026-09-20T16:18:34.6274609Z      53     │ - ··]);
Lint Code Base	Run Super-Linter	2026-09-20T16:18:34.6274848Z          13 │ + → const·[
Lint Code Base	Run Super-Linter	2026-09-20T16:18:34.6275109Z          14 │ + → → totalInvoices,
Lint Code Base	Run Super-Linter	2026-09-20T16:18:34.6275394Z          15 │ + → → matchedInvoices,
Lint Code Base	Run Super-Linter	2026-09-20T16:18:34.6275684Z          16 │ + → → discrepancyCount,
Lint Code Base	Run Super-Linter	2026-09-20T16:18:34.6275995Z          17 │ + → → pendingReview,
Lint Code Base	Run Super-Linter	2026-09-20T16:18:34.6276264Z          18 │ + → → priorityQueue,
Lint Code Base	Run Super-Linter	2026-09-20T16:18:34.6276542Z          19 │ + → → latestDiscrepancy,
Lint Code Base	Run Super-Linter	2026-09-20T16:18:34.6276859Z          20 │ + → ]·=·await·Promise.all([
Lint Code Base	Run Super-Linter	2026-09-20T16:18:34.6277311Z          21 │ + → → prisma.document.count({·where:·{·environmentId,·type:·"INVOICE"·}·}),
Lint Code Base	Run Super-Linter	2026-09-20T16:18:34.6277757Z          22 │ + → → prisma.document.count({
Lint Code Base	Run Super-Linter	2026-09-20T16:18:34.6278183Z          23 │ + → → → where:·{·environmentId,·type:·"INVOICE",·status:·"Matched"·},
Lint Code Base	Run Super-Linter	2026-09-20T16:18:34.6278557Z          24 │ + → → }),
Lint Code Base	Run Super-Linter	2026-09-20T16:18:34.6278820Z          25 │ + → → prisma.document.count({
Lint Code Base	Run Super-Linter	2026-09-20T16:18:34.6279104Z          26 │ + → → → where:·{
Lint Code Base	Run Super-Linter	2026-09-20T16:18:34.6279367Z          27 │ + → → → → environmentId,
Lint Code Base	Run Super-Linter	2026-09-20T16:18:34.6279651Z          28 │ + → → → → type:·"INVOICE",
Lint Code Base	Run Super-Linter	2026-09-20T16:18:34.6280278Z          29 │ + → → → → status:·{·in:·["Needs·Review",·"Discrepancy"]·},
Lint Code Base	Run Super-Linter	2026-09-20T16:18:34.6280624Z          30 │ + → → → },
Lint Code Base	Run Super-Linter	2026-09-20T16:18:34.6280887Z          31 │ + → → }),
Lint Code Base	Run Super-Linter	2026-09-20T16:18:34.6281156Z          32 │ + → → prisma.document.count({
Lint Code Base	Run Super-Linter	2026-09-20T16:18:34.6281605Z          33 │ + → → → where:·{·environmentId,·type:·"INVOICE",·status:·"Needs·Review"·},
Lint Code Base	Run Super-Linter	2026-09-20T16:18:34.6282015Z          34 │ + → → }),
Lint Code Base	Run Super-Linter	2026-09-20T16:18:34.6282287Z          35 │ + → → prisma.document.findMany({
Lint Code Base	Run Super-Linter	2026-09-20T16:18:34.6282589Z          36 │ + → → → where:·{
Lint Code Base	Run Super-Linter	2026-09-20T16:18:34.6282850Z          37 │ + → → → → environmentId,
Lint Code Base	Run Super-Linter	2026-09-20T16:18:34.6283129Z          38 │ + → → → → type:·"INVOICE",
Lint Code Base	Run Super-Linter	2026-09-20T16:18:34.6283480Z          39 │ + → → → → status:·{·in:·["Needs·Review",·"Discrepancy"]·},
Lint Code Base	Run Super-Linter	2026-09-20T16:18:34.6283814Z          40 │ + → → → },
Lint Code Base	Run Super-Linter	2026-09-20T16:18:34.6284055Z          41 │ + → → → include:·{
Lint Code Base	Run Super-Linter	2026-09-20T16:18:34.6284325Z          42 │ + → → → → business:·true,
Lint Code Base	Run Super-Linter	2026-09-20T16:18:34.6284732Z          43 │ + → → → → discrepancies:·{·orderBy:·{·createdAt:·"desc"·},·take:·1·},
Lint Code Base	Run Super-Linter	2026-09-20T16:18:34.6285096Z          44 │ + → → → },
Lint Code Base	Run Super-Linter	2026-09-20T16:18:34.6285395Z          45 │ + → → → orderBy:·{·createdAt:·"desc"·},
Lint Code Base	Run Super-Linter	2026-09-20T16:18:34.6285694Z          46 │ + → → → take:·3,
Lint Code Base	Run Super-Linter	2026-09-20T16:18:34.6285953Z          47 │ + → → }),
Lint Code Base	Run Super-Linter	2026-09-20T16:18:34.6286235Z          48 │ + → → prisma.discrepancy.findFirst({
Lint Code Base	Run Super-Linter	2026-09-20T16:18:34.6286714Z          49 │ + → → → where:·{·environmentId,·status:·{·in:·["Needs·Review",·"Discrepancy"]·}·},
Lint Code Base	Run Super-Linter	2026-09-20T16:18:34.6287176Z          50 │ + → → → orderBy:·{·createdAt:·"desc"·},
Lint Code Base	Run Super-Linter	2026-09-20T16:18:34.6287587Z          51 │ + → → → include:·{·invoiceDoc:·{·include:·{·business:·true·}·}·},
Lint Code Base	Run Super-Linter	2026-09-20T16:18:34.6287939Z          52 │ + → → }),
Lint Code Base	Run Super-Linter	2026-09-20T16:18:34.6288169Z          53 │ + → ]);
Lint Code Base	Run Super-Linter	2026-09-20T16:18:34.6288379Z      54  54 │   
Lint Code Base	Run Super-Linter	2026-09-20T16:18:34.6288628Z      55     │ - ··const·reconciledRate·=
Lint Code Base	Run Super-Linter	2026-09-20T16:18:34.6289080Z      56     │ - ····totalInvoices·>·0·?·(matchedInvoices·/·totalInvoices)·*·100·:·0;
Lint Code Base	Run Super-Linter	2026-09-20T16:18:34.6289506Z          55 │ + → const·reconciledRate·=
Lint Code Base	Run Super-Linter	2026-09-20T16:18:34.6290321Z          56 │ + → → totalInvoices·>·0·?·(matchedInvoices·/·totalInvoices)·*·100·:·0;
Lint Code Base	Run Super-Linter	2026-09-20T16:18:34.6290704Z      57  57 │   
Lint Code Base	Run Super-Linter	2026-09-20T16:18:34.6290994Z      58     │ - ··const·featured·=·priorityQueue[0];
Lint Code Base	Run Super-Linter	2026-09-20T16:18:34.6291535Z      59     │ - ··const·featuredDiscrepancy·=·featured?.discrepancies[0];
Lint Code Base	Run Super-Linter	2026-09-20T16:18:34.6291963Z          58 │ + → const·featured·=·priorityQueue[0];
Lint Code Base	Run Super-Linter	2026-09-20T16:18:34.6292378Z          59 │ + → const·featuredDiscrepancy·=·featured?.discrepancies[0];
Lint Code Base	Run Super-Linter	2026-09-20T16:18:34.6292763Z      60  60 │   
Lint Code Base	Run Super-Linter	2026-09-20T16:18:34.6293086Z      61     │ - ··return·(
Lint Code Base	Run Super-Linter	2026-09-20T16:18:34.6293572Z      62     │ - ····<div·className="min-h-screen·p-8·space-y-8·max-w-7xl·mx-auto">
Lint Code Base	Run Super-Linter	2026-09-20T16:18:34.6294276Z      63     │ - ······<header·className="flex·justify-between·items-center·pb-6·border-b·border-[var(--border-color)]">
Lint Code Base	Run Super-Linter	2026-09-20T16:18:34.6294815Z      64     │ - ········<div>
Lint Code Base	Run Super-Linter	2026-09-20T16:18:34.6295368Z      65     │ - ··········<h1·className="text-3xl·font-bold·font-display·tracking-tight·text-[var(--text-primary)]">
Lint Code Base	Run Super-Linter	2026-09-20T16:18:34.6295933Z      66     │ - ············Command·Center
Lint Code Base	Run Super-Linter	2026-09-20T16:18:34.6296235Z      67     │ - ··········</h1>
Lint Code Base	Run Super-Linter	2026-09-20T16:18:34.6296638Z      68     │ - ··········<p·className="text-sm·text-[var(--text-secondary)]">
Lint Code Base	Run Super-Linter	2026-09-20T16:18:34.6297175Z      69     │ - ············Quiet·operational·overview.·Flagged·items·prioritized.
Lint Code Base	Run Super-Linter	2026-09-20T16:18:34.6297675Z      70     │ - ··········</p>
Lint Code Base	Run Super-Linter	2026-09-20T16:18:34.6297969Z      71     │ - ········</div>
Lint Code Base	Run Super-Linter	2026-09-20T16:18:34.6298222Z          61 │ + → return·(
Lint Code Base	Run Super-Linter	2026-09-20T16:18:34.6298613Z          62 │ + → → <div·className="min-h-screen·p-8·space-y-8·max-w-7xl·mx-auto">
Lint Code Base	Run Super-Linter	2026-09-20T16:18:34.6299284Z          63 │ + → → → <header·className="flex·justify-between·items-center·pb-6·border-b·border-[var(--border-color)]">
Lint Code Base	Run Super-Linter	2026-09-20T16:18:34.6299924Z          64 │ + → → → → <div>
Lint Code Base	Run Super-Linter	2026-09-20T16:18:34.6300458Z          65 │ + → → → → → <h1·className="text-3xl·font-bold·font-display·tracking-tight·text-[var(--text-primary)]">
Lint Code Base	Run Super-Linter	2026-09-20T16:18:34.6300996Z          66 │ + → → → → → → Command·Center
Lint Code Base	Run Super-Linter	2026-09-20T16:18:34.6301280Z          67 │ + → → → → → </h1>
Lint Code Base	Run Super-Linter	2026-09-20T16:18:34.6301655Z          68 │ + → → → → → <p·className="text-sm·text-[var(--text-secondary)]">
Lint Code Base	Run Super-Linter	2026-09-20T16:18:34.6302142Z          69 │ + → → → → → → Quiet·operational·overview.·Flagged·items·prioritized.
Lint Code Base	Run Super-Linter	2026-09-20T16:18:34.6302521Z          70 │ + → → → → → </p>
Lint Code Base	Run Super-Linter	2026-09-20T16:18:34.6302771Z          71 │ + → → → → </div>
Lint Code Base	Run Super-Linter	2026-09-20T16:18:34.6303007Z      72  72 │   
Lint Code Base	Run Super-Linter	2026-09-20T16:18:34.6303279Z      73     │ - ········<div·className="flex·gap-3">
Lint Code Base	Run Super-Linter	2026-09-20T16:18:34.6304324Z      74     │ - ··········<button·className="flex·items-center·gap-2·px-3·py-2·text-xs·rounded-md·border·border-[var(--border-color)]·bg-[var(--bg-surface)]·text-[var(--text-primary)]">
Lint Code Base	Run Super-Linter	2026-09-20T16:18:34.6305149Z      75     │ - ············<Filter·className="w-3.5·h-3.5"·/>·Filters
Lint Code Base	Run Super-Linter	2026-09-20T16:18:34.6305505Z      76     │ - ··········</button>
Lint Code Base	Run Super-Linter	2026-09-20T16:18:34.6305897Z      77     │ - ··········<Link
Lint Code Base	Run Super-Linter	2026-09-20T16:18:34.6306179Z      78     │ - ············href="/upload"
Lint Code Base	Run Super-Linter	2026-09-20T16:18:34.6306887Z      79     │ - ············className="px-4·py-2·text-xs·font-medium·rounded-md·bg-[var(--color-primary)]·text-white·hover:bg-[var(--color-primary-hover)]"
Lint Code Base	Run Super-Linter	2026-09-20T16:18:34.6307602Z      80     │ - ··········>
Lint Code Base	Run Super-Linter	2026-09-20T16:18:34.6307892Z      81     │ - ············+·Process·Invoices
Lint Code Base	Run Super-Linter	2026-09-20T16:18:34.6308208Z      82     │ - ··········</Link>
Lint Code Base	Run Super-Linter	2026-09-20T16:18:34.6308492Z      83     │ - ········</div>
Lint Code Base	Run Super-Linter	2026-09-20T16:18:34.6308753Z      84     │ - ······</header>
Lint Code Base	Run Super-Linter	2026-09-20T16:18:34.6309060Z          73 │ + → → → → <div·className="flex·gap-3">
Lint Code Base	Run Super-Linter	2026-09-20T16:18:34.6309964Z          74 │ + → → → → → <button·className="flex·items-center·gap-2·px-3·py-2·text-xs·rounded-md·border·border-[var(--border-color)]·bg-[var(--bg-surface)]·text-[var(--text-primary)]">
Lint Code Base	Run Super-Linter	2026-09-20T16:18:34.6310761Z          75 │ + → → → → → → <Filter·className="w-3.5·h-3.5"·/>·Filters
Lint Code Base	Run Super-Linter	2026-09-20T16:18:34.6311124Z          76 │ + → → → → → </button>
Lint Code Base	Run Super-Linter	2026-09-20T16:18:34.6311393Z          77 │ + → → → → → <Link
Lint Code Base	Run Super-Linter	2026-09-20T16:18:34.6311662Z          78 │ + → → → → → → href="/upload"
Lint Code Base	Run Super-Linter	2026-09-20T16:18:34.6312362Z          79 │ + → → → → → → className="px-4·py-2·text-xs·font-medium·rounded-md·bg-[var(--color-primary)]·text-white·hover:bg-[var(--color-primary-hover)]"
Lint Code Base	Run Super-Linter	2026-09-20T16:18:34.6312989Z          80 │ + → → → → → >
Lint Code Base	Run Super-Linter	2026-09-20T16:18:34.6313275Z          81 │ + → → → → → → +·Process·Invoices
Lint Code Base	Run Super-Linter	2026-09-20T16:18:34.6313570Z          82 │ + → → → → → </Link>
Lint Code Base	Run Super-Linter	2026-09-20T16:18:34.6313836Z          83 │ + → → → → </div>
Lint Code Base	Run Super-Linter	2026-09-20T16:18:34.6314086Z          84 │ + → → → </header>
Lint Code Base	Run Super-Linter	2026-09-20T16:18:34.6314321Z      85  85 │   
Lint Code Base	Run Super-Linter	2026-09-20T16:18:34.6314697Z      86     │ - ······<section·className="grid·grid-cols-1·md:grid-cols-4·gap-4">
Lint Code Base	Run Super-Linter	2026-09-20T16:18:34.6315082Z      87     │ - ········{[
Lint Code Base	Run Super-Linter	2026-09-20T16:18:34.6315300Z   318 more lines truncated
Lint Code Base	Run Super-Linter	2026-09-20T16:18:34.6315520Z   
Lint Code Base	Run Super-Linter	2026-09-20T16:18:34.6315634Z 
Lint Code Base	Run Super-Linter	2026-09-20T16:18:34.6315992Z app/(app)/purchase-orders/page.tsx format ━━━━━━━━━━━━━━━━━━━━━━━━━━━━━━━━━━━━━━━━━━━━━━━━━━━━━━━━━━
Lint Code Base	Run Super-Linter	2026-09-20T16:18:34.6316332Z 
Lint Code Base	Run Super-Linter	2026-09-20T16:18:34.6316531Z   × Formatter would have printed the following content:
Lint Code Base	Run Super-Linter	2026-09-20T16:18:34.6316807Z   
Lint Code Base	Run Super-Linter	2026-09-20T16:18:34.6317000Z       4   4 │   
Lint Code Base	Run Super-Linter	2026-09-20T16:18:34.6317312Z       5   5 │   export default async function PurchaseOrdersPage() {
Lint Code Base	Run Super-Linter	2026-09-20T16:18:34.6317707Z       6     │ - ··const·user·=·await·requireUser();
Lint Code Base	Run Super-Linter	2026-09-20T16:18:34.6318054Z           6 │ + → const·user·=·await·requireUser();
Lint Code Base	Run Super-Linter	2026-09-20T16:18:34.6318334Z       7   7 │   
Lint Code Base	Run Super-Linter	2026-09-20T16:18:34.6318648Z       8     │ - ··const·pos·=·await·prisma.document.findMany({
Lint Code Base	Run Super-Linter	2026-09-20T16:18:34.6319161Z       9     │ - ····where:·{·environmentId:·user.environmentId,·type:·"PURCHASE_ORDER"·},
Lint Code Base	Run Super-Linter	2026-09-20T16:18:34.6319617Z      10     │ - ····include:·{·business:·true·},
Lint Code Base	Run Super-Linter	2026-09-20T16:18:34.6320092Z      11     │ - ····orderBy:·{·createdAt:·"desc"·},
Lint Code Base	Run Super-Linter	2026-09-20T16:18:34.6320462Z      12     │ - ··});
Lint Code Base	Run Super-Linter	2026-09-20T16:18:34.6320781Z           8 │ + → const·pos·=·await·prisma.document.findMany({
Lint Code Base	Run Super-Linter	2026-09-20T16:18:34.6321278Z           9 │ + → → where:·{·environmentId:·user.environmentId,·type:·"PURCHASE_ORDER"·},
Lint Code Base	Run Super-Linter	2026-09-20T16:18:34.6321736Z          10 │ + → → include:·{·business:·true·},
Lint Code Base	Run Super-Linter	2026-09-20T16:18:34.6322068Z          11 │ + → → orderBy:·{·createdAt:·"desc"·},
Lint Code Base	Run Super-Linter	2026-09-20T16:18:34.6322361Z          12 │ + → });
Lint Code Base	Run Super-Linter	2026-09-20T16:18:34.6322578Z      13  13 │   
Lint Code Base	Run Super-Linter	2026-09-20T16:18:34.6323054Z      14     │ - ··//·For·each·PO,·find·any·invoice·that·references·it·(matched·by·business·+·reference).
Lint Code Base	Run Super-Linter	2026-09-20T16:18:34.6323771Z      15     │ - ··const·matches·=·await·prisma.document.findMany({
Lint Code Base	Run Super-Linter	2026-09-20T16:18:34.6324185Z      16     │ - ····where:·{
Lint Code Base	Run Super-Linter	2026-09-20T16:18:34.6324504Z      17     │ - ······environmentId:·user.environmentId,
Lint Code Base	Run Super-Linter	2026-09-20T16:18:34.6324838Z      18     │ - ······type:·"INVOICE",
Lint Code Base	Run Super-Linter	2026-09-20T16:18:34.6325222Z      19     │ - ······linkedPoRef:·{·in:·pos.map((p)·=>·p.reference)·},
Lint Code Base	Run Super-Linter	2026-09-20T16:18:34.6325737Z      20     │ - ····},
Lint Code Base	Run Super-Linter	2026-09-20T16:18:34.6326129Z      21     │ - ····select:·{·reference:·true,·linkedPoRef:·true,·businessId:·true·},
Lint Code Base	Run Super-Linter	2026-09-20T16:18:34.6326610Z      22     │ - ··});
Lint Code Base	Run Super-Linter	2026-09-20T16:18:34.6327090Z          14 │ + → //·For·each·PO,·find·any·invoice·that·references·it·(matched·by·business·+·reference).
Lint Code Base	Run Super-Linter	2026-09-20T16:18:34.6327641Z          15 │ + → const·matches·=·await·prisma.document.findMany({
Lint Code Base	Run Super-Linter	2026-09-20T16:18:34.6328066Z          16 │ + → → where:·{
Lint Code Base	Run Super-Linter	2026-09-20T16:18:34.6328463Z          17 │ + → → → environmentId:·user.environmentId,
Lint Code Base	Run Super-Linter	2026-09-20T16:18:34.6328793Z          18 │ + → → → type:·"INVOICE",
Lint Code Base	Run Super-Linter	2026-09-20T16:18:34.6329167Z          19 │ + → → → linkedPoRef:·{·in:·pos.map((p)·=>·p.reference)·},
Lint Code Base	Run Super-Linter	2026-09-20T16:18:34.6329505Z          20 │ + → → },
Lint Code Base	Run Super-Linter	2026-09-20T16:18:34.6330032Z          21 │ + → → select:·{·reference:·true,·linkedPoRef:·true,·businessId:·true·},
Lint Code Base	Run Super-Linter	2026-09-20T16:18:34.6330461Z          22 │ + → });
Lint Code Base	Run Super-Linter	2026-09-20T16:18:34.6330718Z      23  23 │   
Lint Code Base	Run Super-Linter	2026-09-20T16:18:34.6331057Z      24     │ - ··const·invoiceByPoRef·=·new·Map<string,·string>();
Lint Code Base	Run Super-Linter	2026-09-20T16:18:34.6331444Z      25     │ - ··for·(const·m·of·matches)
Lint Code Base	Run Super-Linter	2026-09-20T16:18:34.6331924Z      26     │ - ····invoiceByPoRef.set(`${m.businessId}:${m.linkedPoRef}`,·m.reference);
Lint Code Base	Run Super-Linter	2026-09-20T16:18:34.6332431Z          24 │ + → const·invoiceByPoRef·=·new·Map<string,·string>();
Lint Code Base	Run Super-Linter	2026-09-20T16:18:34.6332826Z          25 │ + → for·(const·m·of·matches)
Lint Code Base	Run Super-Linter	2026-09-20T16:18:34.6333369Z          26 │ + → → invoiceByPoRef.set(`${m.businessId}:${m.linkedPoRef}`,·m.reference);
Lint Code Base	Run Super-Linter	2026-09-20T16:18:34.6333750Z      27  27 │   
Lint Code Base	Run Super-Linter	2026-09-20T16:18:34.6333974Z      28     │ - ··return·(
Lint Code Base	Run Super-Linter	2026-09-20T16:18:34.6334333Z      29     │ - ····<div·className="p-8·space-y-6·max-w-7xl·mx-auto">
Lint Code Base	Run Super-Linter	2026-09-20T16:18:34.6334676Z      30     │ - ······<div>
Lint Code Base	Run Super-Linter	2026-09-20T16:18:34.6335143Z      31     │ - ········<h1·className="text-2xl·font-display·font-bold·text-[var(--text-primary)]">
Lint Code Base	Run Super-Linter	2026-09-20T16:18:34.6335619Z      32     │ - ··········Purchase·Orders
Lint Code Base	Run Super-Linter	2026-09-20T16:18:34.6335929Z      33     │ - ········</h1>
Lint Code Base	Run Super-Linter	2026-09-20T16:18:34.6336293Z      34     │ - ········<p·className="text-xs·text-[var(--text-secondary)]">
Lint Code Base	Run Super-Linter	2026-09-20T16:18:34.6336873Z      35     │ - ··········Approved·purchase·order·baselines·registered·for·automated·matching.
Lint Code Base	Run Super-Linter	2026-09-20T16:18:34.6337322Z      36     │ - ········</p>
Lint Code Base	Run Super-Linter	2026-09-20T16:18:34.6337584Z      37     │ - ······</div>
Lint Code Base	Run Super-Linter	2026-09-20T16:18:34.6337968Z          28 │ + → return·(
Lint Code Base	Run Super-Linter	2026-09-20T16:18:34.6338456Z          29 │ + → → <div·className="p-8·space-y-6·max-w-7xl·mx-auto">
Lint Code Base	Run Super-Linter	2026-09-20T16:18:34.6338977Z          30 │ + → → → <div>
Lint Code Base	Run Super-Linter	2026-09-20T16:18:34.6339674Z          31 │ + → → → → <h1·className="text-2xl·font-display·font-bold·text-[var(--text-primary)]">
Lint Code Base	Run Super-Linter	2026-09-20T16:18:34.6340553Z          32 │ + → → → → → Purchase·Orders
Lint Code Base	Run Super-Linter	2026-09-20T16:18:34.6340910Z          33 │ + → → → → </h1>
Lint Code Base	Run Super-Linter	2026-09-20T16:18:34.6341267Z          34 │ + → → → → <p·className="text-xs·text-[var(--text-secondary)]">
Lint Code Base	Run Super-Linter	2026-09-20T16:18:34.6341964Z          35 │ + → → → → → Approved·purchase·order·baselines·registered·for·automated·matching.
Lint Code Base	Run Super-Linter	2026-09-20T16:18:34.6342430Z          36 │ + → → → → </p>
Lint Code Base	Run Super-Linter	2026-09-20T16:18:34.6342758Z          37 │ + → → → </div>
Lint Code Base	Run Super-Linter	2026-09-20T16:18:34.6342989Z      38  38 │   
Lint Code Base	Run Super-Linter	2026-09-20T16:18:34.6343529Z      39     │ - ······<div·className="rounded-xl·border·border-[var(--border-color)]·bg-[var(--bg-surface)]·overflow-hidden">
Lint Code Base	Run Super-Linter	2026-09-20T16:18:34.6344129Z      40     │ - ········<div·className="overflow-x-auto">
Lint Code Base	Run Super-Linter	2026-09-20T16:18:34.6344603Z      41     │ - ··········<table·className="w-full·text-left·border-collapse·text-xs">
Lint Code Base	Run Super-Linter	2026-09-20T16:18:34.6345023Z      42     │ - ············<thead>
Lint Code Base	Run Super-Linter	2026-09-20T16:18:34.6345653Z      43     │ - ··············<tr·className="border-b·border-[var(--border-color)]·bg-[var(--bg-surface-alt)]·text-[var(--text-muted)]·font-mono">
Lint Code Base	Run Super-Linter	2026-09-20T16:18:34.6346341Z      44     │ - ················<th·className="p-3·font-medium">PO·NUMBER</th>
Lint Code Base	Run Super-Linter	2026-09-20T16:18:34.6346815Z      45     │ - ················<th·className="p-3·font-medium">VENDOR</th>
Lint Code Base	Run Super-Linter	2026-09-20T16:18:34.6347336Z      46     │ - ················<th·className="p-3·font-medium·text-right">PO·AMOUNT</th>
Lint Code Base	Run Super-Linter	2026-09-20T16:18:34.6347879Z      47     │ - ················<th·className="p-3·font-medium">MATCHED·INVOICE</th>
Lint Code Base	Run Super-Linter	2026-09-20T16:18:34.6348352Z      48     │ - ················<th·className="p-3·font-medium">STATUS</th>
Lint Code Base	Run Super-Linter	2026-09-20T16:18:34.6348717Z      49     │ - ··············</tr>
Lint Code Base	Run Super-Linter	2026-09-20T16:18:34.6349000Z      50     │ - ············</thead>
Lint Code Base	Run Super-Linter	2026-09-20T16:18:34.6349410Z      51     │ - ············<tbody·className="divide-y·divide-[var(--border-color)]">
Lint Code Base	Run Super-Linter	2026-09-20T16:18:34.6350096Z      52     │ - ··············{pos.length·===·0·&&·(
Lint Code Base	Run Super-Linter	2026-09-20T16:18:34.6350438Z      53     │ - ················<tr>
Lint Code Base	Run Super-Linter	2026-09-20T16:18:34.6350744Z      54     │ - ··················<td
Lint Code Base	Run Super-Linter	2026-09-20T16:18:34.6351056Z      55     │ - ····················colSpan={5}
Lint Code Base	Run Super-Linter	2026-09-20T16:18:34.6351500Z      56     │ - ····················className="p-6·text-center·text-[var(--text-muted)]"
Lint Code Base	Run Super-Linter	2026-09-20T16:18:34.6351925Z      57     │ - ··················>
Lint Code Base	Run Super-Linter	2026-09-20T16:18:34.6352295Z      58     │ - ····················No·purchase·orders·uploaded·yet.
Lint Code Base	Run Super-Linter	2026-09-20T16:18:34.6352669Z      59     │ - ··················</td>
Lint Code Base	Run Super-Linter	2026-09-20T16:18:34.6352967Z      60     │ - ················</tr>
Lint Code Base	Run Super-Linter	2026-09-20T16:18:34.6353245Z      61     │ - ··············)}
Lint Code Base	Run Super-Linter	2026-09-20T16:18:34.6353552Z      62     │ - ··············{pos.map((po)·=>·{
Lint Code Base	Run Super-Linter	2026-09-20T16:18:34.6353963Z      63     │ - ················const·matchedInvoice·=·invoiceByPoRef.get(
Lint Code Base	Run Super-Linter	2026-09-20T16:18:34.6354411Z      64     │ - ··················`${po.businessId}:${po.reference}`,
Lint Code Base	Run Super-Linter	2026-09-20T16:18:34.6354757Z      65     │ - ················);
Lint Code Base	Run Super-Linter	2026-09-20T16:18:34.6355040Z      66     │ - ················return·(
Lint Code Base	Run Super-Linter	2026-09-20T16:18:34.6355331Z      67     │ - ··················<tr
Lint Code Base	Run Super-Linter	2026-09-20T16:18:34.6355636Z      68     │ - ····················key={po.id}
Lint Code Base	Run Super-Linter	2026-09-20T16:18:34.6356108Z      69     │ - ····················className="hover:bg-[var(--bg-surface-alt)]·transition-colors"
Lint Code Base	Run Super-Linter	2026-09-20T16:18:34.6356568Z      70     │ - ··················>
Lint Code Base	Run Super-Linter	2026-09-20T16:18:34.6357054Z      71     │ - ····················<td·className="p-3·font-mono·font-semibold·text-[var(--text-primary)]">
Lint Code Base	Run Super-Linter	2026-09-20T16:18:34.6357593Z      72     │ - ······················{po.reference}
Lint Code Base	Run Super-Linter	2026-09-20T16:18:34.6357923Z      73     │ - ····················</td>
Lint Code Base	Run Super-Linter	2026-09-20T16:18:34.6358325Z      74     │ - ····················<td·className="p-3·text-[var(--text-primary)]">
Lint Code Base	Run Super-Linter	2026-09-20T16:18:34.6358759Z      75     │ - ······················{po.business.name}
Lint Code Base	Run Super-Linter	2026-09-20T16:18:34.6359092Z      76     │ - ····················</td>
Lint Code Base	Run Super-Linter	2026-09-20T16:18:34.6359650Z      77     │ - ····················<td·className="p-3·text-right·font-mono·font-semibold·text-[var(--text-primary)]">
Lint Code Base	Run Super-Linter	2026-09-20T16:18:34.6360390Z      78     │ - ······················$
Lint Code Base	Run Super-Linter	2026-09-20T16:18:34.6360795Z      79     │ - ······················{po.totalAmount.toLocaleString("en-US",·{
Lint Code Base	Run Super-Linter	2026-09-20T16:18:34.6361515Z      80     │ - ························minimumFractionDigits:·2,
Lint Code Base	Run Super-Linter	2026-09-20T16:18:34.6361946Z      81     │ - ······················})}
Lint Code Base	Run Super-Linter	2026-09-20T16:18:34.6362246Z      82     │ - ····················</td>
Lint Code Base	Run Super-Linter	2026-09-20T16:18:34.6362783Z      83     │ - ····················<td·className="p-3·font-mono·text-[var(--color-primary)]">
Lint Code Base	Run Super-Linter	2026-09-20T16:18:34.6363274Z      84     │ - ······················{matchedInvoice·??·"—"}
Lint Code Base	Run Super-Linter	2026-09-20T16:18:34.6363665Z      85     │ - ····················</td>
Lint Code Base	Run Super-Linter	2026-09-20T16:18:34.6364006Z      86     │ - ····················<td·className="p-3">
Lint Code Base	Run Super-Linter	2026-09-20T16:18:34.6364960Z      87     │ - ······················<span·className="inline-flex·items-center·gap-1·px-2·py-0.5·rounded-full·text-[10px]·font-mono·font-medium·bg-[var(--color-primary-soft)]·text-[var(--color-primary)]">
Lint Code Base	Run Super-Linter	2026-09-20T16:18:34.6366023Z      88     │ - ························<FileCheck·className="w-3·h-3"·/>·Active·Baseline
Lint Code Base	Run Super-Linter	2026-09-20T16:18:34.6366510Z      89     │ - ······················</span>
Lint Code Base	Run Super-Linter	2026-09-20T16:18:34.6366843Z      90     │ - ····················</td>
Lint Code Base	Run Super-Linter	2026-09-20T16:18:34.6367141Z      91     │ - ··················</tr>
Lint Code Base	Run Super-Linter	2026-09-20T16:18:34.6367434Z      92     │ - ················);
Lint Code Base	Run Super-Linter	2026-09-20T16:18:34.6367748Z      93     │ - ··············})}
Lint Code Base	Run Super-Linter	2026-09-20T16:18:34.6368026Z      94     │ - ············</tbody>
Lint Code Base	Run Super-Linter	2026-09-20T16:18:34.6368305Z      95     │ - ··········</table>
Lint Code Base	Run Super-Linter	2026-09-20T16:18:34.6368578Z      96     │ - ········</div>
Lint Code Base	Run Super-Linter	2026-09-20T16:18:34.6368843Z      97     │ - ······</div>
Lint Code Base	Run Super-Linter	2026-09-20T16:18:34.6369100Z      98     │ - ····</div>
Lint Code Base	Run Super-Linter	2026-09-20T16:18:34.6369350Z      99     │ - ··);
Lint Code Base	Run Super-Linter	2026-09-20T16:18:34.6370072Z          39 │ + → → → <div·className="rounded-xl·border·border-[var(--border-color)]·bg-[var(--bg-surface)]·overflow-hidden">
Lint Code Base	Run Super-Linter	2026-09-20T16:18:34.6370812Z          40 │ + → → → → <div·className="overflow-x-auto">
Lint Code Base	Run Super-Linter	2026-09-20T16:18:34.6371270Z          41 │ + → → → → → <table·className="w-full·text-left·border-collapse·text-xs">
Lint Code Base	Run Super-Linter	2026-09-20T16:18:34.6371671Z          42 │ + → → → → → → <thead>
Lint Code Base	Run Super-Linter	2026-09-20T16:18:34.6372301Z          43 │ + → → → → → → → <tr·className="border-b·border-[var(--border-color)]·bg-[var(--bg-surface-alt)]·text-[var(--text-muted)]·font-mono">
Lint Code Base	Run Super-Linter	2026-09-20T16:18:34.6372999Z          44 │ + → → → → → → → → <th·className="p-3·font-medium">PO·NUMBER</th>
Lint Code Base	Run Super-Linter	2026-09-20T16:18:34.6373448Z          45 │ + → → → → → → → → <th·className="p-3·font-medium">VENDOR</th>
Lint Code Base	Run Super-Linter	2026-09-20T16:18:34.6373930Z          46 │ + → → → → → → → → <th·className="p-3·font-medium·text-right">PO·AMOUNT</th>
Lint Code Base	Run Super-Linter	2026-09-20T16:18:34.6374425Z          47 │ + → → → → → → → → <th·className="p-3·font-medium">MATCHED·INVOICE</th>
Lint Code Base	Run Super-Linter	2026-09-20T16:18:34.6374873Z          48 │ + → → → → → → → → <th·className="p-3·font-medium">STATUS</th>
Lint Code Base	Run Super-Linter	2026-09-20T16:18:34.6375405Z          49 │ + → → → → → → → </tr>
Lint Code Base	Run Super-Linter	2026-09-20T16:18:34.6375811Z          50 │ + → → → → → → </thead>
Lint Code Base	Run Super-Linter	2026-09-20T16:18:34.6376441Z          51 │ + → → → → → → <tbody·className="divide-y·divide-[var(--border-color)]">
Lint Code Base	Run Super-Linter	2026-09-20T16:18:34.6377148Z          52 │ + → → → → → → → {pos.length·===·0·&&·(
Lint Code Base	Run Super-Linter	2026-09-20T16:18:34.6377857Z          53 │ + → → → → → → → → <tr>
Lint Code Base	Run Super-Linter	2026-09-20T16:18:34.6378146Z          54 │ + → → → → → → → → → <td
Lint Code Base	Run Super-Linter	2026-09-20T16:18:34.6378570Z          55 │ + → → → → → → → → → → colSpan={5}
Lint Code Base	Run Super-Linter	2026-09-20T16:18:34.6379033Z          56 │ + → → → → → → → → → → className="p-6·text-center·text-[var(--text-muted)]"
Lint Code Base	Run Super-Linter	2026-09-20T16:18:34.6379450Z          57 │ + → → → → → → → → → >
Lint Code Base	Run Super-Linter	2026-09-20T16:18:34.6380048Z          58 │ + → → → → → → → → → → No·purchase·orders·uploaded·yet.
Lint Code Base	Run Super-Linter	2026-09-20T16:18:34.6380483Z          59 │ + → → → → → → → → → </td>
Lint Code Base	Run Super-Linter	2026-09-20T16:18:34.6380807Z          60 │ + → → → → → → → → </tr>
Lint Code Base	Run Super-Linter	2026-09-20T16:18:34.6381089Z          61 │ + → → → → → → → )}
Lint Code Base	Run Super-Linter	2026-09-20T16:18:34.6381417Z          62 │ + → → → → → → → {pos.map((po)·=>·{
Lint Code Base	Run Super-Linter	2026-09-20T16:18:34.6381845Z          63 │ + → → → → → → → → const·matchedInvoice·=·invoiceByPoRef.get(
Lint Code Base	Run Super-Linter	2026-09-20T16:18:34.6382298Z          64 │ + → → → → → → → → → `${po.businessId}:${po.reference}`,
Lint Code Base	Run Super-Linter	2026-09-20T16:18:34.6382670Z   37 more lines truncated
Lint Code Base	Run Super-Linter	2026-09-20T16:18:34.6382885Z   
Lint Code Base	Run Super-Linter	2026-09-20T16:18:34.6382980Z 
Lint Code Base	Run Super-Linter	2026-09-20T16:18:34.6383325Z app/(app)/quotes/page.tsx format ━━━━━━━━━━━━━━━━━━━━━━━━━━━━━━━━━━━━━━━━━━━━━━━━━━━━━━━━━━━━━━━━━━━
Lint Code Base	Run Super-Linter	2026-09-20T16:18:34.6383699Z 
Lint Code Base	Run Super-Linter	2026-09-20T16:18:34.6383882Z   × Formatter would have printed the following content:
Lint Code Base	Run Super-Linter	2026-09-20T16:18:34.6384163Z   
Lint Code Base	Run Super-Linter	2026-09-20T16:18:34.6384353Z      4  4 │   
Lint Code Base	Run Super-Linter	2026-09-20T16:18:34.6384684Z      5  5 │   export default async function QuotesPage() {
Lint Code Base	Run Super-Linter	2026-09-20T16:18:34.6385106Z      6    │ - ··const·user·=·await·requireUser();
Lint Code Base	Run Super-Linter	2026-09-20T16:18:34.6385454Z         6 │ + → const·user·=·await·requireUser();
Lint Code Base	Run Super-Linter	2026-09-20T16:18:34.6385819Z      7  7 │   
Lint Code Base	Run Super-Linter	2026-09-20T16:18:34.6386135Z      8    │ - ··const·quotes·=·await·prisma.document.findMany({
Lint Code Base	Run Super-Linter	2026-09-20T16:18:34.6386673Z      9    │ - ····where:·{·environmentId:·user.environmentId,·type:·"QUOTE"·},
Lint Code Base	Run Super-Linter	2026-09-20T16:18:34.6387093Z     10    │ - ····include:·{·business:·true·},
Lint Code Base	Run Super-Linter	2026-09-20T16:18:34.6387450Z     11    │ - ····orderBy:·{·createdAt:·"desc"·},
Lint Code Base	Run Super-Linter	2026-09-20T16:18:34.6387770Z     12    │ - ··});
Lint Code Base	Run Super-Linter	2026-09-20T16:18:34.6388085Z         8 │ + → const·quotes·=·await·prisma.document.findMany({
Lint Code Base	Run Super-Linter	2026-09-20T16:18:34.6388559Z         9 │ + → → where:·{·environmentId:·user.environmentId,·type:·"QUOTE"·},
Lint Code Base	Run Super-Linter	2026-09-20T16:18:34.6389024Z        10 │ + → → include:·{·business:·true·},
Lint Code Base	Run Super-Linter	2026-09-20T16:18:34.6389393Z        11 │ + → → orderBy:·{·createdAt:·"desc"·},
Lint Code Base	Run Super-Linter	2026-09-20T16:18:34.6389673Z        12 │ + → });
Lint Code Base	Run Super-Linter	2026-09-20T16:18:34.6390009Z     13 13 │   
Lint Code Base	Run Super-Linter	2026-09-20T16:18:34.6390235Z     14    │ - ··return·(
Lint Code Base	Run Super-Linter	2026-09-20T16:18:34.6390634Z     15    │ - ····<div·className="p-8·space-y-6·max-w-7xl·mx-auto">
Lint Code Base	Run Super-Linter	2026-09-20T16:18:34.6391027Z     16    │ - ······<div>
Lint Code Base	Run Super-Linter	2026-09-20T16:18:34.6391504Z     17    │ - ········<h1·className="text-2xl·font-display·font-bold·text-[var(--text-primary)]">
Lint Code Base	Run Super-Linter	2026-09-20T16:18:34.6392040Z     18    │ - ··········Quotes
Lint Code Base	Run Super-Linter	2026-09-20T16:18:34.6392336Z     19    │ - ········</h1>
Lint Code Base	Run Super-Linter	2026-09-20T16:18:34.6392940Z     20    │ - ········<p·className="text-xs·text-[var(--text-secondary)]">
Lint Code Base	Run Super-Linter	2026-09-20T16:18:34.6393516Z     21    │ - ··········Initial·supplier·estimates·and·rate·commitments·before·PO·issuance.
Lint Code Base	Run Super-Linter	2026-09-20T16:18:34.6394156Z     22    │ - ········</p>
Lint Code Base	Run Super-Linter	2026-09-20T16:18:34.6394462Z     23    │ - ······</div>
Lint Code Base	Run Super-Linter	2026-09-20T16:18:34.6394708Z        14 │ + → return·(
Lint Code Base	Run Super-Linter	2026-09-20T16:18:34.6395045Z        15 │ + → → <div·className="p-8·space-y-6·max-w-7xl·mx-auto">
Lint Code Base	Run Super-Linter	2026-09-20T16:18:34.6395380Z        16 │ + → → → <div>
Lint Code Base	Run Super-Linter	2026-09-20T16:18:34.6395813Z        17 │ + → → → → <h1·className="text-2xl·font-display·font-bold·text-[var(--text-primary)]">
Lint Code Base	Run Super-Linter	2026-09-20T16:18:34.6396248Z        18 │ + → → → → → Quotes
Lint Code Base	Run Super-Linter	2026-09-20T16:18:34.6396500Z        19 │ + → → → → </h1>
Lint Code Base	Run Super-Linter	2026-09-20T16:18:34.6396853Z        20 │ + → → → → <p·className="text-xs·text-[var(--text-secondary)]">
Lint Code Base	Run Super-Linter	2026-09-20T16:18:34.6397395Z        21 │ + → → → → → Initial·supplier·estimates·and·rate·commitments·before·PO·issuance.
Lint Code Base	Run Super-Linter	2026-09-20T16:18:34.6397816Z        22 │ + → → → → </p>
Lint Code Base	Run Super-Linter	2026-09-20T16:18:34.6398078Z        23 │ + → → → </div>
Lint Code Base	Run Super-Linter	2026-09-20T16:18:34.6398315Z     24 24 │   
Lint Code Base	Run Super-Linter	2026-09-20T16:18:34.6398836Z     25    │ - ······<div·className="rounded-xl·border·border-[var(--border-color)]·bg-[var(--bg-surface)]·overflow-hidden">
Lint Code Base	Run Super-Linter	2026-09-20T16:18:34.6399445Z     26    │ - ········<div·className="overflow-x-auto">
Lint Code Base	Run Super-Linter	2026-09-20T16:18:34.6399997Z     27    │ - ··········<table·className="w-full·text-left·border-collapse·text-xs">
Lint Code Base	Run Super-Linter	2026-09-20T16:18:34.6400412Z     28    │ - ············<thead>
Lint Code Base	Run Super-Linter	2026-09-20T16:18:34.6401043Z     29    │ - ··············<tr·className="border-b·border-[var(--border-color)]·bg-[var(--bg-surface-alt)]·text-[var(--text-muted)]·font-mono">
Lint Code Base	Run Super-Linter	2026-09-20T16:18:34.6401721Z     30    │ - ················<th·className="p-3·font-medium">QUOTE·REF</th>
Lint Code Base	Run Super-Linter	2026-09-20T16:18:34.6402181Z     31    │ - ················<th·className="p-3·font-medium">VENDOR</th>
Lint Code Base	Run Super-Linter	2026-09-20T16:18:34.6402705Z     32    │ - ················<th·className="p-3·font-medium·text-right">QUOTED·AMOUNT</th>
Lint Code Base	Run Super-Linter	2026-09-20T16:18:34.6403299Z     33    │ - ················<th·className="p-3·font-medium">LINKED·QUOTE·REF</th>
Lint Code Base	Run Super-Linter	2026-09-20T16:18:34.6403806Z     34    │ - ················<th·className="p-3·font-medium">PIPELINE·STATUS</th>
Lint Code Base	Run Super-Linter	2026-09-20T16:18:34.6404202Z     35    │ - ··············</tr>
Lint Code Base	Run Super-Linter	2026-09-20T16:18:34.6404478Z     36    │ - ············</thead>
Lint Code Base	Run Super-Linter	2026-09-20T16:18:34.6404879Z     37    │ - ············<tbody·className="divide-y·divide-[var(--border-color)]">
Lint Code Base	Run Super-Linter	2026-09-20T16:18:34.6405314Z     38    │ - ··············{quotes.length·===·0·&&·(
Lint Code Base	Run Super-Linter	2026-09-20T16:18:34.6405627Z     39    │ - ················<tr>
Lint Code Base	Run Super-Linter	2026-09-20T16:18:34.6405902Z     40    │ - ··················<td
Lint Code Base	Run Super-Linter	2026-09-20T16:18:34.6406202Z     41    │ - ····················colSpan={5}
Lint Code Base	Run Super-Linter	2026-09-20T16:18:34.6406626Z     42    │ - ····················className="p-6·text-center·text-[var(--text-muted)]"
Lint Code Base	Run Super-Linter	2026-09-20T16:18:34.6407019Z     43    │ - ··················>
Lint Code Base	Run Super-Linter	2026-09-20T16:18:34.6407342Z     44    │ - ····················No·quotes·uploaded·yet.
Lint Code Base	Run Super-Linter	2026-09-20T16:18:34.6407694Z     45    │ - ··················</td>
Lint Code Base	Run Super-Linter	2026-09-20T16:18:34.6407978Z     46    │ - ················</tr>
Lint Code Base	Run Super-Linter	2026-09-20T16:18:34.6408258Z     47    │ - ··············)}
Lint Code Base	Run Super-Linter	2026-09-20T16:18:34.6408570Z     48    │ - ··············{quotes.map((q)·=>·(
Lint Code Base	Run Super-Linter	2026-09-20T16:18:34.6408877Z     49    │ - ················<tr
Lint Code Base	Run Super-Linter	2026-09-20T16:18:34.6409165Z     50    │ - ··················key={q.id}
Lint Code Base	Run Super-Linter	2026-09-20T16:18:34.6409611Z     51    │ - ··················className="hover:bg-[var(--bg-surface-alt)]·transition-colors"
Lint Code Base	Run Super-Linter	2026-09-20T16:18:34.6410268Z     52    │ - ················>
Lint Code Base	Run Super-Linter	2026-09-20T16:18:34.6410755Z     53    │ - ··················<td·className="p-3·font-mono·font-semibold·text-[var(--text-primary)]">
Lint Code Base	Run Super-Linter	2026-09-20T16:18:34.6411239Z     54    │ - ····················{q.reference}
Lint Code Base	Run Super-Linter	2026-09-20T16:18:34.6411556Z     55    │ - ··················</td>
Lint Code Base	Run Super-Linter	2026-09-20T16:18:34.6411952Z     56    │ - ··················<td·className="p-3·text-[var(--text-primary)]">
Lint Code Base	Run Super-Linter	2026-09-20T16:18:34.6412371Z     57    │ - ····················{q.business.name}
Lint Code Base	Run Super-Linter	2026-09-20T16:18:34.6412855Z     58    │ - ··················</td>
Lint Code Base	Run Super-Linter	2026-09-20T16:18:34.6413392Z     59    │ - ··················<td·className="p-3·text-right·font-mono·font-semibold·text-[var(--text-primary)]">
Lint Code Base	Run Super-Linter	2026-09-20T16:18:34.6413963Z     60    │ - ····················$
Lint Code Base	Run Super-Linter	2026-09-20T16:18:34.6414338Z     61    │ - ····················{q.totalAmount.toLocaleString("en-US",·{
Lint Code Base	Run Super-Linter	2026-09-20T16:18:34.6414769Z     62    │ - ······················minimumFractionDigits:·2,
Lint Code Base	Run Super-Linter	2026-09-20T16:18:34.6415240Z     63    │ - ····················})}
Lint Code Base	Run Super-Linter	2026-09-20T16:18:34.6415602Z     64    │ - ··················</td>
Lint Code Base	Run Super-Linter	2026-09-20T16:18:34.6416036Z     65    │ - ··················<td·className="p-3·font-mono·text-[var(--text-secondary)]">
Lint Code Base	Run Super-Linter	2026-09-20T16:18:34.6416512Z     66    │ - ····················{q.linkedQuoteRef·??·"—"}
Lint Code Base	Run Super-Linter	2026-09-20T16:18:34.6416844Z     67    │ - ··················</td>
Lint Code Base	Run Super-Linter	2026-09-20T16:18:34.6417165Z     68    │ - ··················<td·className="p-3">
Lint Code Base	Run Super-Linter	2026-09-20T16:18:34.6417832Z     69    │ - ····················<span·className="inline-flex·items-center·gap-1.5·text-[11px]·font-mono·text-[var(--success)]">
Lint Code Base	Run Super-Linter	2026-09-20T16:18:34.6418510Z     70    │ - ······················<CheckCircle2·className="w-3.5·h-3.5"·/>·Approved
Lint Code Base	Run Super-Linter	2026-09-20T16:18:34.6418934Z     71    │ - ····················</span>
Lint Code Base	Run Super-Linter	2026-09-20T16:18:34.6419228Z     72    │ - ··················</td>
Lint Code Base	Run Super-Linter	2026-09-20T16:18:34.6419529Z     73    │ - ················</tr>
Lint Code Base	Run Super-Linter	2026-09-20T16:18:34.6420120Z     74    │ - ··············))}
Lint Code Base	Run Super-Linter	2026-09-20T16:18:34.6420464Z     75    │ - ············</tbody>
Lint Code Base	Run Super-Linter	2026-09-20T16:18:34.6420736Z     76    │ - ··········</table>
Lint Code Base	Run Super-Linter	2026-09-20T16:18:34.6421003Z     77    │ - ········</div>
Lint Code Base	Run Super-Linter	2026-09-20T16:18:34.6421259Z     78    │ - ······</div>
Lint Code Base	Run Super-Linter	2026-09-20T16:18:34.6421508Z     79    │ - ····</div>
Lint Code Base	Run Super-Linter	2026-09-20T16:18:34.6421740Z     80    │ - ··);
Lint Code Base	Run Super-Linter	2026-09-20T16:18:34.6422280Z        25 │ + → → → <div·className="rounded-xl·border·border-[var(--border-color)]·bg-[var(--bg-surface)]·overflow-hidden">
Lint Code Base	Run Super-Linter	2026-09-20T16:18:34.6422871Z        26 │ + → → → → <div·className="overflow-x-auto">
Lint Code Base	Run Super-Linter	2026-09-20T16:18:34.6423320Z        27 │ + → → → → → <table·className="w-full·text-left·border-collapse·text-xs">
Lint Code Base	Run Super-Linter	2026-09-20T16:18:34.6423738Z        28 │ + → → → → → → <thead>
Lint Code Base	Run Super-Linter	2026-09-20T16:18:34.6424365Z        29 │ + → → → → → → → <tr·className="border-b·border-[var(--border-color)]·bg-[var(--bg-surface-alt)]·text-[var(--text-muted)]·font-mono">
Lint Code Base	Run Super-Linter	2026-09-20T16:18:34.6425125Z        30 │ + → → → → → → → → <th·className="p-3·font-medium">QUOTE·REF</th>
Lint Code Base	Run Super-Linter	2026-09-20T16:18:34.6425563Z        31 │ + → → → → → → → → <th·className="p-3·font-medium">VENDOR</th>
Lint Code Base	Run Super-Linter	2026-09-20T16:18:34.6426055Z        32 │ + → → → → → → → → <th·className="p-3·font-medium·text-right">QUOTED·AMOUNT</th>
Lint Code Base	Run Super-Linter	2026-09-20T16:18:34.6426579Z        33 │ + → → → → → → → → <th·className="p-3·font-medium">LINKED·QUOTE·REF</th>
Lint Code Base	Run Super-Linter	2026-09-20T16:18:34.6427054Z        34 │ + → → → → → → → → <th·className="p-3·font-medium">PIPELINE·STATUS</th>
Lint Code Base	Run Super-Linter	2026-09-20T16:18:34.6427431Z        35 │ + → → → → → → → </tr>
Lint Code Base	Run Super-Linter	2026-09-20T16:18:34.6427864Z        36 │ + → → → → → → </thead>
Lint Code Base	Run Super-Linter	2026-09-20T16:18:34.6428249Z        37 │ + → → → → → → <tbody·className="divide-y·divide-[var(--border-color)]">
Lint Code Base	Run Super-Linter	2026-09-20T16:18:34.6428747Z        38 │ + → → → → → → → {quotes.length·===·0·&&·(
Lint Code Base	Run Super-Linter	2026-09-20T16:18:34.6429099Z        39 │ + → → → → → → → → <tr>
Lint Code Base	Run Super-Linter	2026-09-20T16:18:34.6429398Z        40 │ + → → → → → → → → → <td
Lint Code Base	Run Super-Linter	2026-09-20T16:18:34.6429683Z        41 │ + → → → → → → → → → → colSpan={5}
Lint Code Base	Run Super-Linter	2026-09-20T16:18:34.6430292Z        42 │ + → → → → → → → → → → className="p-6·text-center·text-[var(--text-muted)]"
Lint Code Base	Run Super-Linter	2026-09-20T16:18:34.6430744Z        43 │ + → → → → → → → → → >
Lint Code Base	Run Super-Linter	2026-09-20T16:18:34.6431065Z        44 │ + → → → → → → → → → → No·quotes·uploaded·yet.
Lint Code Base	Run Super-Linter	2026-09-20T16:18:34.6431390Z        45 │ + → → → → → → → → → </td>
Lint Code Base	Run Super-Linter	2026-09-20T16:18:34.6431692Z        46 │ + → → → → → → → → </tr>
Lint Code Base	Run Super-Linter	2026-09-20T16:18:34.6431998Z        47 │ + → → → → → → → )}
Lint Code Base	Run Super-Linter	2026-09-20T16:18:34.6432328Z        48 │ + → → → → → → → {quotes.map((q)·=>·(
Lint Code Base	Run Super-Linter	2026-09-20T16:18:34.6432653Z        49 │ + → → → → → → → → <tr
Lint Code Base	Run Super-Linter	2026-09-20T16:18:34.6432959Z        50 │ + → → → → → → → → → key={q.id}
Lint Code Base	Run Super-Linter	2026-09-20T16:18:34.6433446Z        51 │ + → → → → → → → → → className="hover:bg-[var(--bg-surface-alt)]·transition-colors"
Lint Code Base	Run Super-Linter	2026-09-20T16:18:34.6433866Z        52 │ + → → → → → → → → >
Lint Code Base	Run Super-Linter	2026-09-20T16:18:34.6434349Z        53 │ + → → → → → → → → → <td·className="p-3·font-mono·font-semibold·text-[var(--text-primary)]">
Lint Code Base	Run Super-Linter	2026-09-20T16:18:34.6434858Z        54 │ + → → → → → → → → → → {q.reference}
Lint Code Base	Run Super-Linter	2026-09-20T16:18:34.6435163Z        55 │ + → → → → → → → → → </td>
Lint Code Base	Run Super-Linter	2026-09-20T16:18:34.6435593Z        56 │ + → → → → → → → → → <td·className="p-3·text-[var(--text-primary)]">
Lint Code Base	Run Super-Linter	2026-09-20T16:18:34.6435982Z        57 │ + → → → → → → → → → → {q.business.name}
Lint Code Base	Run Super-Linter	2026-09-20T16:18:34.6436345Z        58 │ + → → → → → → → → → </td>
Lint Code Base	Run Super-Linter	2026-09-20T16:18:34.6436878Z        59 │ + → → → → → → → → → <td·className="p-3·text-right·font-mono·font-semibold·text-[var(--text-primary)]">
Lint Code Base	Run Super-Linter	2026-09-20T16:18:34.6437433Z        60 │ + → → → → → → → → → → $
Lint Code Base	Run Super-Linter	2026-09-20T16:18:34.6437805Z        61 │ + → → → → → → → → → → {q.totalAmount.toLocaleString("en-US",·{
Lint Code Base	Run Super-Linter	2026-09-20T16:18:34.6438210Z        62 │ + → → → → → → → → → → → minimumFractionDigits:·2,
Lint Code Base	Run Super-Linter	2026-09-20T16:18:34.6438549Z        63 │ + → → → → → → → → → → })}
Lint Code Base	Run Super-Linter	2026-09-20T16:18:34.6438848Z        64 │ + → → → → → → → → → </td>
Lint Code Base	Run Super-Linter	2026-09-20T16:18:34.6439281Z        65 │ + → → → → → → → → → <td·className="p-3·font-mono·text-[var(--text-secondary)]">
Lint Code Base	Run Super-Linter	2026-09-20T16:18:34.6439902Z        66 │ + → → → → → → → → → → {q.linkedQuoteRef·??·"—"}
Lint Code Base	Run Super-Linter	2026-09-20T16:18:34.6440271Z        67 │ + → → → → → → → → → </td>
Lint Code Base	Run Super-Linter	2026-09-20T16:18:34.6440627Z        68 │ + → → → → → → → → → <td·className="p-3">
Lint Code Base	Run Super-Linter	2026-09-20T16:18:34.6441237Z        69 │ + → → → → → → → → → → <span·className="inline-flex·items-center·gap-1.5·text-[11px]·font-mono·text-[var(--success)]">
Lint Code Base	Run Super-Linter	2026-09-20T16:18:34.6441910Z        70 │ + → → → → → → → → → → → <CheckCircle2·className="w-3.5·h-3.5"·/>·Approved
Lint Code Base	Run Super-Linter	2026-09-20T16:18:34.6442460Z        71 │ + → → → → → → → → → → </span>
Lint Code Base	Run Super-Linter	2026-09-20T16:18:34.6442913Z        72 │ + → → → → → → → → → </td>
Lint Code Base	Run Super-Linter	2026-09-20T16:18:34.6443316Z        73 │ + → → → → → → → → </tr>
Lint Code Base	Run Super-Linter	2026-09-20T16:18:34.6443885Z        74 │ + → → → → → → → ))}
Lint Code Base	Run Super-Linter	2026-09-20T16:18:34.6444371Z        75 │ + → → → → → → </tbody>
Lint Code Base	Run Super-Linter	2026-09-20T16:18:34.6444860Z        76 │ + → → → → → </table>
Lint Code Base	Run Super-Linter	2026-09-20T16:18:34.6445404Z        77 │ + → → → → </div>
Lint Code Base	Run Super-Linter	2026-09-20T16:18:34.6445932Z        78 │ + → → → </div>
Lint Code Base	Run Super-Linter	2026-09-20T16:18:34.6446494Z        79 │ + → → </div>
Lint Code Base	Run Super-Linter	2026-09-20T16:18:34.6446959Z        80 │ + → );
Lint Code Base	Run Super-Linter	2026-09-20T16:18:34.6447348Z     81 81 │   }
Lint Code Base	Run Super-Linter	2026-09-20T16:18:34.6447698Z   1 more lines truncated
Lint Code Base	Run Super-Linter	2026-09-20T16:18:34.6448084Z   
Lint Code Base	Run Super-Linter	2026-09-20T16:18:34.6448248Z 
Lint Code Base	Run Super-Linter	2026-09-20T16:18:34.6448844Z app/(app)/reports/page.tsx format ━━━━━━━━━━━━━━━━━━━━━━━━━━━━━━━━━━━━━━━━━━━━━━━━━━━━━━━━━━━━━━━━━━
Lint Code Base	Run Super-Linter	2026-09-20T16:18:34.6449370Z 
Lint Code Base	Run Super-Linter	2026-09-20T16:18:34.6449700Z   × Formatter would have printed the following content:
Lint Code Base	Run Super-Linter	2026-09-20T16:18:34.6450282Z   
Lint Code Base	Run Super-Linter	2026-09-20T16:18:34.6450633Z       4   4 │   
Lint Code Base	Run Super-Linter	2026-09-20T16:18:34.6451179Z       5   5 │   export default async function ReportsPage() {
Lint Code Base	Run Super-Linter	2026-09-20T16:18:34.6451899Z       6     │ - ··const·user·=·await·requireUser();
Lint Code Base	Run Super-Linter	2026-09-20T16:18:34.6452626Z       7     │ - ··const·environmentId·=·user.environmentId;
Lint Code Base	Run Super-Linter	2026-09-20T16:18:34.6453323Z           6 │ + → const·user·=·await·requireUser();
Lint Code Base	Run Super-Linter	2026-09-20T16:18:34.6454139Z           7 │ + → const·environmentId·=·user.environmentId;
Lint Code Base	Run Super-Linter	2026-09-20T16:18:34.6454788Z       8   8 │   
Lint Code Base	Run Super-Linter	2026-09-20T16:18:34.6455493Z       9     │ - ··const·[totalInvoices,·flagged,·discrepancies,·businessCount]·=
Lint Code Base	Run Super-Linter	2026-09-20T16:18:34.6456289Z      10     │ - ····await·Promise.all([
Lint Code Base	Run Super-Linter	2026-09-20T16:18:34.6481699Z      11     │ - ······prisma.document.count({·where:·{·environmentId,·type:·"INVOICE"·}·}),
Lint Code Base	Run Super-Linter	2026-09-20T16:18:34.6482899Z      12     │ - ······prisma.document.count({
Lint Code Base	Run Super-Linter	2026-09-20T16:18:34.6483246Z      13     │ - ········where:·{
Lint Code Base	Run Super-Linter	2026-09-20T16:18:34.6483546Z      14     │ - ··········environmentId,
Lint Code Base	Run Super-Linter	2026-09-20T16:18:34.6483904Z      15     │ - ··········type:·"INVOICE",
Lint Code Base	Run Super-Linter	2026-09-20T16:18:34.6484304Z      16     │ - ··········status:·{·in:·["Needs·Review",·"Discrepancy"]·},
Lint Code Base	Run Super-Linter	2026-09-20T16:18:34.6484696Z      17     │ - ········},
Lint Code Base	Run Super-Linter	2026-09-20T16:18:34.6484951Z      18     │ - ······}),
Lint Code Base	Run Super-Linter	2026-09-20T16:18:34.6485359Z      19     │ - ······prisma.discrepancy.findMany({·where:·{·environmentId·}·}),
Lint Code Base	Run Super-Linter	2026-09-20T16:18:34.6485875Z      20     │ - ······prisma.business.count({·where:·{·environmentId·}·}),
Lint Code Base	Run Super-Linter	2026-09-20T16:18:34.6486364Z      21     │ - ····]);
Lint Code Base	Run Super-Linter	2026-09-20T16:18:34.6486818Z           9 │ + → const·[totalInvoices,·flagged,·discrepancies,·businessCount]·=
Lint Code Base	Run Super-Linter	2026-09-20T16:18:34.6487241Z          10 │ + → → await·Promise.all([
Lint Code Base	Run Super-Linter	2026-09-20T16:18:34.6487702Z          11 │ + → → → prisma.document.count({·where:·{·environmentId,·type:·"INVOICE"·}·}),
Lint Code Base	Run Super-Linter	2026-09-20T16:18:34.6488154Z          12 │ + → → → prisma.document.count({
Lint Code Base	Run Super-Linter	2026-09-20T16:18:34.6488453Z          13 │ + → → → → where:·{
Lint Code Base	Run Super-Linter	2026-09-20T16:18:34.6488736Z          14 │ + → → → → → environmentId,
Lint Code Base	Run Super-Linter	2026-09-20T16:18:34.6489060Z          15 │ + → → → → → type:·"INVOICE",
Lint Code Base	Run Super-Linter	2026-09-20T16:18:34.6489424Z          16 │ + → → → → → status:·{·in:·["Needs·Review",·"Discrepancy"]·},
Lint Code Base	Run Super-Linter	2026-09-20T16:18:34.6489940Z          17 │ + → → → → },
Lint Code Base	Run Super-Linter	2026-09-20T16:18:34.6490256Z          18 │ + → → → }),
Lint Code Base	Run Super-Linter	2026-09-20T16:18:34.6490645Z          19 │ + → → → prisma.discrepancy.findMany({·where:·{·environmentId·}·}),
Lint Code Base	Run Super-Linter	2026-09-20T16:18:34.6491128Z          20 │ + → → → prisma.business.count({·where:·{·environmentId·}·}),
Lint Code Base	Run Super-Linter	2026-09-20T16:18:34.6491478Z          21 │ + → → ]);
Lint Code Base	Run Super-Linter	2026-09-20T16:18:34.6491699Z      22  22 │   
Lint Code Base	Run Super-Linter	2026-09-20T16:18:34.6491958Z      23     │ - ··const·discrepancyRate·=
Lint Code Base	Run Super-Linter	2026-09-20T16:18:34.6492389Z      24     │ - ····totalInvoices·>·0·?·(flagged·/·totalInvoices)·*·100·:·0;
Lint Code Base	Run Super-Linter	2026-09-20T16:18:34.6492797Z          23 │ + → const·discrepancyRate·=
Lint Code Base	Run Super-Linter	2026-09-20T16:18:34.6493197Z          24 │ + → → totalInvoices·>·0·?·(flagged·/·totalInvoices)·*·100·:·0;
Lint Code Base	Run Super-Linter	2026-09-20T16:18:34.6493548Z      25  25 │   
Lint Code Base	Run Super-Linter	2026-09-20T16:18:34.6494176Z      26     │ - ··//·Leakage·prevented·=·variance·caught·on·invoices·that·were·actually·flagged
Lint Code Base	Run Super-Linter	2026-09-20T16:18:34.6494825Z      27     │ - ··//·(i.e.·the·amount·that·would·have·overpaid·a·vendor·had·it·gone·through).
Lint Code Base	Run Super-Linter	2026-09-20T16:18:34.6495404Z      28     │ - ··const·preventedLeakage·=·discrepancies
Lint Code Base	Run Super-Linter	2026-09-20T16:18:34.6495846Z      29     │ - ····.filter((d)·=>·d.status·!==·"Matched"·&&·d.variance·>·0)
Lint Code Base	Run Super-Linter	2026-09-20T16:18:34.6496280Z      30     │ - ····.reduce((sum,·d)·=>·sum·+·d.variance,·0);
Lint Code Base	Run Super-Linter	2026-09-20T16:18:34.6496812Z          26 │ + → //·Leakage·prevented·=·variance·caught·on·invoices·that·were·actually·flagged
Lint Code Base	Run Super-Linter	2026-09-20T16:18:34.6497434Z          27 │ + → //·(i.e.·the·amount·that·would·have·overpaid·a·vendor·had·it·gone·through).
Lint Code Base	Run Super-Linter	2026-09-20T16:18:34.6497917Z          28 │ + → const·preventedLeakage·=·discrepancies
Lint Code Base	Run Super-Linter	2026-09-20T16:18:34.6498343Z          29 │ + → → .filter((d)·=>·d.status·!==·"Matched"·&&·d.variance·>·0)
Lint Code Base	Run Super-Linter	2026-09-20T16:18:34.6498761Z          30 │ + → → .reduce((sum,·d)·=>·sum·+·d.variance,·0);
Lint Code Base	Run Super-Linter	2026-09-20T16:18:34.6499091Z      31  31 │   
Lint Code Base	Run Super-Linter	2026-09-20T16:18:34.6499475Z      32     │ - ··const·noPoCount·=·discrepancies.filter((d)·=>·!d.poAmount).length;
Lint Code Base	Run Super-Linter	2026-09-20T16:18:34.6500142Z      33     │ - ··const·priceOnly·=·discrepancies.filter(
Lint Code Base	Run Super-Linter	2026-09-20T16:18:34.6500545Z      34     │ - ····(d)·=>·d.poAmount·&&·d.status·!==·"Matched",
Lint Code Base	Run Super-Linter	2026-09-20T16:18:34.6500890Z      35     │ - ··).length;
Lint Code Base	Run Super-Linter	2026-09-20T16:18:34.6501235Z      36     │ - ··const·totalFlags·=·noPoCount·+·priceOnly·||·1;
Lint Code Base	Run Super-Linter	2026-09-20T16:18:34.6501724Z          32 │ + → const·noPoCount·=·discrepancies.filter((d)·=>·!d.poAmount).length;
Lint Code Base	Run Super-Linter	2026-09-20T16:18:34.6502189Z          33 │ + → const·priceOnly·=·discrepancies.filter(
Lint Code Base	Run Super-Linter	2026-09-20T16:18:34.6502574Z          34 │ + → → (d)·=>·d.poAmount·&&·d.status·!==·"Matched",
Lint Code Base	Run Super-Linter	2026-09-20T16:18:34.6502905Z          35 │ + → ).length;
Lint Code Base	Run Super-Linter	2026-09-20T16:18:34.6503242Z          36 │ + → const·totalFlags·=·noPoCount·+·priceOnly·||·1;
Lint Code Base	Run Super-Linter	2026-09-20T16:18:34.6503568Z      37  37 │   
Lint Code Base	Run Super-Linter	2026-09-20T16:18:34.6503818Z      38     │ - ··return·(
Lint Code Base	Run Super-Linter	2026-09-20T16:18:34.6504186Z      39     │ - ····<div·className="p-8·space-y-6·max-w-7xl·mx-auto">
Lint Code Base	Run Super-Linter	2026-09-20T16:18:34.6504783Z      40     │ - ······<div·className="flex·flex-col·sm:flex-row·sm:items-center·justify-between·gap-4">
Lint Code Base	Run Super-Linter	2026-09-20T16:18:34.6505248Z      41     │ - ········<div>
Lint Code Base	Run Super-Linter	2026-09-20T16:18:34.6505699Z      42     │ - ··········<h1·className="text-2xl·font-display·font-bold·text-[var(--text-primary)]">
Lint Code Base	Run Super-Linter	2026-09-20T16:18:34.6506191Z      43     │ - ············Operational·Reports
Lint Code Base	Run Super-Linter	2026-09-20T16:18:34.6506544Z      44     │ - ··········</h1>
Lint Code Base	Run Super-Linter	2026-09-20T16:18:34.6507061Z      45     │ - ··········<p·className="text-xs·text-[var(--text-secondary)]">
Lint Code Base	Run Super-Linter	2026-09-20T16:18:34.6507621Z      46     │ - ············Financial·exposure·summaries,·variance·leakage,·and·reconciliation
Lint Code Base	Run Super-Linter	2026-09-20T16:18:34.6508077Z      47     │ - ············throughput.
Lint Code Base	Run Super-Linter	2026-09-20T16:18:34.6508376Z      48     │ - ··········</p>
Lint Code Base	Run Super-Linter	2026-09-20T16:18:34.6508664Z      49     │ - ········</div>
Lint Code Base	Run Super-Linter	2026-09-20T16:18:34.6509708Z      50     │ - ········<button·className="px-3·py-1.5·text-xs·rounded-md·border·border-[var(--border-color)]·bg-[var(--bg-surface)]·hover:bg-[var(--bg-surface-alt)]·inline-flex·items-center·gap-1.5·font-medium">
Lint Code Base	Run Super-Linter	2026-09-20T16:18:34.6510804Z      51     │ - ··········<Download·className="w-3.5·h-3.5"·/>·Export·Audit·Summary
Lint Code Base	Run Super-Linter	2026-09-20T16:18:34.6511310Z      52     │ - ········</button>
Lint Code Base	Run Super-Linter	2026-09-20T16:18:34.6511652Z      53     │ - ······</div>
Lint Code Base	Run Super-Linter	2026-09-20T16:18:34.6511904Z          38 │ + → return·(
Lint Code Base	Run Super-Linter	2026-09-20T16:18:34.6512242Z          39 │ + → → <div·className="p-8·space-y-6·max-w-7xl·mx-auto">
Lint Code Base	Run Super-Linter	2026-09-20T16:18:34.6512803Z          40 │ + → → → <div·className="flex·flex-col·sm:flex-row·sm:items-center·justify-between·gap-4">
Lint Code Base	Run Super-Linter	2026-09-20T16:18:34.6513268Z          41 │ + → → → → <div>
Lint Code Base	Run Super-Linter	2026-09-20T16:18:34.6513712Z          42 │ + → → → → → <h1·className="text-2xl·font-display·font-bold·text-[var(--text-primary)]">
Lint Code Base	Run Super-Linter	2026-09-20T16:18:34.6514184Z          43 │ + → → → → → → Operational·Reports
Lint Code Base	Run Super-Linter	2026-09-20T16:18:34.6514505Z          44 │ + → → → → → </h1>
Lint Code Base	Run Super-Linter	2026-09-20T16:18:34.6514862Z          45 │ + → → → → → <p·className="text-xs·text-[var(--text-secondary)]">
Lint Code Base	Run Super-Linter	2026-09-20T16:18:34.6515409Z          46 │ + → → → → → → Financial·exposure·summaries,·variance·leakage,·and·reconciliation
Lint Code Base	Run Super-Linter	2026-09-20T16:18:34.6515838Z          47 │ + → → → → → → throughput.
Lint Code Base	Run Super-Linter	2026-09-20T16:18:34.6516281Z          48 │ + → → → → → </p>
Lint Code Base	Run Super-Linter	2026-09-20T16:18:34.6516670Z          49 │ + → → → → </div>
Lint Code Base	Run Super-Linter	2026-09-20T16:18:34.6517965Z          50 │ + → → → → <button·className="px-3·py-1.5·text-xs·rounded-md·border·border-[var(--border-color)]·bg-[var(--bg-surface)]·hover:bg-[var(--bg-surface-alt)]·inline-flex·items-center·gap-1.5·font-medium">
Lint Code Base	Run Super-Linter	2026-09-20T16:18:34.6519541Z          51 │ + → → → → → <Download·className="w-3.5·h-3.5"·/>·Export·Audit·Summary
Lint Code Base	Run Super-Linter	2026-09-20T16:18:34.6520257Z          52 │ + → → → → </button>
Lint Code Base	Run Super-Linter	2026-09-20T16:18:34.6520662Z          53 │ + → → → </div>
Lint Code Base	Run Super-Linter	2026-09-20T16:18:34.6521035Z      54  54 │   
Lint Code Base	Run Super-Linter	2026-09-20T16:18:34.6521651Z      55     │ - ······<div·className="grid·grid-cols-1·sm:grid-cols-3·gap-4">
Lint Code Base	Run Super-Linter	2026-09-20T16:18:34.6522755Z      56     │ - ········<div·className="p-5·rounded-xl·border·border-[var(--border-color)]·bg-[var(--bg-surface)]·space-y-1">
Lint Code Base	Run Super-Linter	2026-09-20T16:18:34.6523981Z      57     │ - ··········<div·className="flex·items-center·justify-between·text-[var(--text-muted)]">
Lint Code Base	Run Super-Linter	2026-09-20T16:18:34.6525043Z      58     │ - ············<span·className="text-[10px]·font-mono·uppercase">
Lint Code Base	Run Super-Linter	2026-09-20T16:18:34.6525793Z      59     │ - ··············Prevented·Leakage
Lint Code Base	Run Super-Linter	2026-09-20T16:18:34.6526359Z      60     │ - ············</span>
Lint Code Base	Run Super-Linter	2026-09-20T16:18:34.6527109Z      61     │ - ············<DollarSign·className="w-4·h-4·text-[var(--success)]"·/>
Lint Code Base	Run Super-Linter	2026-09-20T16:18:34.6527836Z      62     │ - ··········</div>
Lint Code Base	Run Super-Linter	2026-09-20T16:18:34.6528719Z      63     │ - ··········<div·className="text-2xl·font-display·font-bold·text-[var(--text-primary)]">
Lint Code Base	Run Super-Linter	2026-09-20T16:18:34.6529522Z      64     │ - ············$
Lint Code Base	Run Super-Linter	2026-09-20T16:18:34.6530270Z      65     │ - ············{preventedLeakage.toLocaleString("en-US",·{
Lint Code Base	Run Super-Linter	2026-09-20T16:18:34.6530998Z      66     │ - ··············minimumFractionDigits:·2,
Lint Code Base	Run Super-Linter	2026-09-20T16:18:34.6531571Z      67     │ - ············})}
Lint Code Base	Run Super-Linter	2026-09-20T16:18:34.6532008Z      68     │ - ··········</div>
Lint Code Base	Run Super-Linter	2026-09-20T16:18:34.6532678Z      69     │ - ··········<div·className="text-[10px]·text-[var(--text-muted)]·font-mono">
Lint Code Base	Run Super-Linter	2026-09-20T16:18:34.6533132Z      70     │ - ············Caught·before·payment
Lint Code Base	Run Super-Linter	2026-09-20T16:18:34.6533443Z      71     │ - ··········</div>
Lint Code Base	Run Super-Linter	2026-09-20T16:18:34.6533709Z      72     │ - ········</div>
Lint Code Base	Run Super-Linter	2026-09-20T16:18:34.6534084Z          55 │ + → → → <div·className="grid·grid-cols-1·sm:grid-cols-3·gap-4">
Lint Code Base	Run Super-Linter	2026-09-20T16:18:34.6534751Z          56 │ + → → → → <div·className="p-5·rounded-xl·border·border-[var(--border-color)]·bg-[var(--bg-surface)]·space-y-1">
Lint Code Base	Run Super-Linter	2026-09-20T16:18:34.6535472Z          57 │ + → → → → → <div·className="flex·items-center·justify-between·text-[var(--text-muted)]">
Lint Code Base	Run Super-Linter	2026-09-20T16:18:34.6536186Z          58 │ + → → → → → → <span·className="text-[10px]·font-mono·uppercase">
Lint Code Base	Run Super-Linter	2026-09-20T16:18:34.6536577Z          59 │ + → → → → → → → Prevented·Leakage
Lint Code Base	Run Super-Linter	2026-09-20T16:18:34.6536952Z          60 │ + → → → → → → </span>
Lint Code Base	Run Super-Linter	2026-09-20T16:18:34.6537343Z          61 │ + → → → → → → <DollarSign·className="w-4·h-4·text-[var(--success)]"·/>
Lint Code Base	Run Super-Linter	2026-09-20T16:18:34.6537719Z          62 │ + → → → → → </div>
Lint Code Base	Run Super-Linter	2026-09-20T16:18:34.6538168Z          63 │ + → → → → → <div·className="text-2xl·font-display·font-bold·text-[var(--text-primary)]">
Lint Code Base	Run Super-Linter	2026-09-20T16:18:34.6538286Z          64 │ + → → → → → → $
Lint Code Base	Run Super-Linter	2026-09-20T16:18:34.6538488Z          65 │ + → → → → → → {preventedLeakage.toLocaleString("en-US",·{
Lint Code Base	Run Super-Linter	2026-09-20T16:18:34.6538658Z          66 │ + → → → → → → → minimumFractionDigits:·2,
Lint Code Base	Run Super-Linter	2026-09-20T16:18:34.6538775Z          67 │ + → → → → → → })}
Lint Code Base	Run Super-Linter	2026-09-20T16:18:34.6538887Z          68 │ + → → → → → </div>
Lint Code Base	Run Super-Linter	2026-09-20T16:18:34.6539147Z          69 │ + → → → → → <div·className="text-[10px]·text-[var(--text-muted)]·font-mono">
Lint Code Base	Run Super-Linter	2026-09-20T16:18:34.6539323Z          70 │ + → → → → → → Caught·before·payment
Lint Code Base	Run Super-Linter	2026-09-20T16:18:34.6539442Z          71 │ + → → → → → </div>
Lint Code Base	Run Super-Linter	2026-09-20T16:18:34.6539567Z          72 │ + → → → → </div>
Lint Code Base	Run Super-Linter	2026-09-20T16:18:34.6539674Z      73  73 │   
Lint Code Base	Run Super-Linter	2026-09-20T16:18:34.6540347Z      74     │ - ········<div·className="p-5·rounded-xl·border·border-[var(--border-color)]·bg-[var(--bg-surface)]·space-y-1">
Lint Code Base	Run Super-Linter	2026-09-20T16:18:34.6540677Z      75     │ - ··········<div·className="flex·items-center·justify-between·text-[var(--text-muted)]">
Lint Code Base	Run Super-Linter	2026-09-20T16:18:34.6540915Z      76     │ - ············<span·className="text-[10px]·font-mono·uppercase">
Lint Code Base	Run Super-Linter	2026-09-20T16:18:34.6541073Z      77     │ - ··············Discrepancy·Rate
Lint Code Base	Run Super-Linter	2026-09-20T16:18:34.6541212Z      78     │ - ············</span>
Lint Code Base	Run Super-Linter	2026-09-20T16:18:34.6541469Z      79     │ - ············<AlertOctagon·className="w-4·h-4·text-[var(--danger)]"·/>
Lint Code Base	Run Super-Linter	2026-09-20T16:18:34.6541599Z      80     │ - ··········</div>
Lint Code Base	Run Super-Linter	2026-09-20T16:18:34.6541930Z      81     │ - ··········<div·className="text-2xl·font-display·font-bold·text-[var(--text-primary)]">
Lint Code Base	Run Super-Linter	2026-09-20T16:18:34.6542154Z      82     │ - ············{discrepancyRate.toFixed(1)}%
Lint Code Base	Run Super-Linter	2026-09-20T16:18:34.6542301Z      83     │ - ··········</div>
Lint Code Base	Run Super-Linter	2026-09-20T16:18:34.6542567Z      84     │ - ··········<div·className="text-[10px]·text-[var(--text-muted)]·font-mono">
Lint Code Base	Run Super-Linter	2026-09-20T16:18:34.6542791Z      85     │ - ············{flagged}·of·{totalInvoices}·invoices·flagged
Lint Code Base	Run Super-Linter	2026-09-20T16:18:34.6542909Z      86     │ - ··········</div>
Lint Code Base	Run Super-Linter	2026-09-20T16:18:34.6543037Z      87     │ - ········</div>
Lint Code Base	Run Super-Linter	2026-09-20T16:18:34.6543445Z          74 │ + → → → → <div·className="p-5·rounded-xl·border·border-[var(--border-color)]·bg-[var(--bg-surface)]·space-y-1">
Lint Code Base	Run Super-Linter	2026-09-20T16:18:34.6543752Z          75 │ + → → → → → <div·className="flex·items-center·justify-between·text-[var(--text-muted)]">
Lint Code Base	Run Super-Linter	2026-09-20T16:18:34.6543978Z          76 │ + → → → → → → <span·className="text-[10px]·font-mono·uppercase">
Lint Code Base	Run Super-Linter	2026-09-20T16:18:34.6544149Z          77 │ + → → → → → → → Discrepancy·Rate
Lint Code Base	Run Super-Linter	2026-09-20T16:18:34.6544453Z          78 │ + → → → → → → </span>
Lint Code Base	Run Super-Linter	2026-09-20T16:18:34.6544580Z   125 more lines truncated
Lint Code Base	Run Super-Linter	2026-09-20T16:18:34.6544682Z   
Lint Code Base	Run Super-Linter	2026-09-20T16:18:34.6544814Z 
Lint Code Base	Run Super-Linter	2026-09-20T16:18:34.6545180Z app/(app)/settings/page.tsx format ━━━━━━━━━━━━━━━━━━━━━━━━━━━━━━━━━━━━━━━━━━━━━━━━━━━━━━━━━━━━━━━━━
Lint Code Base	Run Super-Linter	2026-09-20T16:18:34.6545188Z 
Lint Code Base	Run Super-Linter	2026-09-20T16:18:34.6545363Z   × Formatter would have printed the following content:
Lint Code Base	Run Super-Linter	2026-09-20T16:18:34.6545448Z   
Lint Code Base	Run Super-Linter	2026-09-20T16:18:34.6545548Z      4  4 │   
Lint Code Base	Run Super-Linter	2026-09-20T16:18:34.6545738Z      5  5 │   export default async function SettingsPage() {
Lint Code Base	Run Super-Linter	2026-09-20T16:18:34.6545912Z      6    │ - ··const·user·=·await·requireUser();
Lint Code Base	Run Super-Linter	2026-09-20T16:18:34.6546067Z         6 │ + → const·user·=·await·requireUser();
Lint Code Base	Run Super-Linter	2026-09-20T16:18:34.6546175Z      7  7 │   
Lint Code Base	Run Super-Linter	2026-09-20T16:18:34.6546290Z      8    │ - ··return·(
Lint Code Base	Run Super-Linter	2026-09-20T16:18:34.6546532Z      9    │ - ····<div·className="p-8·space-y-8·max-w-4xl·mx-auto">
Lint Code Base	Run Super-Linter	2026-09-20T16:18:34.6546660Z     10    │ - ······<div>
Lint Code Base	Run Super-Linter	2026-09-20T16:18:34.6547006Z     11    │ - ········<h1·className="text-2xl·font-display·font-bold·text-[var(--text-primary)]">
Lint Code Base	Run Super-Linter	2026-09-20T16:18:34.6547140Z     12    │ - ··········Settings
Lint Code Base	Run Super-Linter	2026-09-20T16:18:34.6547273Z     13    │ - ········</h1>
Lint Code Base	Run Super-Linter	2026-09-20T16:18:34.6547498Z     14    │ - ········<p·className="text-xs·text-[var(--text-secondary)]">
Lint Code Base	Run Super-Linter	2026-09-20T16:18:34.6547804Z     15    │ - ··········Manage·visual·language·preferences,·theme·engines,·and·reconciliation
Lint Code Base	Run Super-Linter	2026-09-20T16:18:34.6547936Z     16    │ - ··········rules.
Lint Code Base	Run Super-Linter	2026-09-20T16:18:34.6548055Z     17    │ - ········</p>
Lint Code Base	Run Super-Linter	2026-09-20T16:18:34.6548174Z     18    │ - ······</div>
Lint Code Base	Run Super-Linter	2026-09-20T16:18:34.6548301Z     19    │ - ······<SettingsForm
Lint Code Base	Run Super-Linter	2026-09-20T16:18:34.6548552Z     20    │ - ········initialTolerance={user.environment.toleranceThreshold}
Lint Code Base	Run Super-Linter	2026-09-20T16:18:34.6548903Z     21    │ - ········canEdit={ROLES_THAT_CAN_MANAGE_SETTINGS.includes(user.role·as·any)}
Lint Code Base	Run Super-Linter	2026-09-20T16:18:34.6549045Z     22    │ - ······/>
Lint Code Base	Run Super-Linter	2026-09-20T16:18:34.6549203Z     23    │ - ····</div>
Lint Code Base	Run Super-Linter	2026-09-20T16:18:34.6549344Z     24    │ - ··);
Lint Code Base	Run Super-Linter	2026-09-20T16:18:34.6549460Z         8 │ + → return·(
Lint Code Base	Run Super-Linter	2026-09-20T16:18:34.6549662Z         9 │ + → → <div·className="p-8·space-y-8·max-w-4xl·mx-auto">
Lint Code Base	Run Super-Linter	2026-09-20T16:18:34.6549943Z        10 │ + → → → <div>
Lint Code Base	Run Super-Linter	2026-09-20T16:18:34.6550266Z        11 │ + → → → → <h1·className="text-2xl·font-display·font-bold·text-[var(--text-primary)]">
Lint Code Base	Run Super-Linter	2026-09-20T16:18:34.6550386Z        12 │ + → → → → → Settings
Lint Code Base	Run Super-Linter	2026-09-20T16:18:34.6550507Z        13 │ + → → → → </h1>
Lint Code Base	Run Super-Linter	2026-09-20T16:18:34.6550716Z        14 │ + → → → → <p·className="text-xs·text-[var(--text-secondary)]">
Lint Code Base	Run Super-Linter	2026-09-20T16:18:34.6551017Z        15 │ + → → → → → Manage·visual·language·preferences,·theme·engines,·and·reconciliation
Lint Code Base	Run Super-Linter	2026-09-20T16:18:34.6551157Z        16 │ + → → → → → rules.
Lint Code Base	Run Super-Linter	2026-09-20T16:18:34.6551278Z        17 │ + → → → → </p>
Lint Code Base	Run Super-Linter	2026-09-20T16:18:34.6551393Z        18 │ + → → → </div>
Lint Code Base	Run Super-Linter	2026-09-20T16:18:34.6551512Z        19 │ + → → → <SettingsForm
Lint Code Base	Run Super-Linter	2026-09-20T16:18:34.6551755Z        20 │ + → → → → initialTolerance={user.environment.toleranceThreshold}
Lint Code Base	Run Super-Linter	2026-09-20T16:18:34.6552039Z        21 │ + → → → → canEdit={ROLES_THAT_CAN_MANAGE_SETTINGS.includes(user.role·as·any)}
Lint Code Base	Run Super-Linter	2026-09-20T16:18:34.6552166Z        22 │ + → → → />
Lint Code Base	Run Super-Linter	2026-09-20T16:18:34.6552274Z        23 │ + → → </div>
Lint Code Base	Run Super-Linter	2026-09-20T16:18:34.6552387Z        24 │ + → );
Lint Code Base	Run Super-Linter	2026-09-20T16:18:34.6552493Z     25 25 │   }
Lint Code Base	Run Super-Linter	2026-09-20T16:18:34.6552591Z     26 26 │   
Lint Code Base	Run Super-Linter	2026-09-20T16:18:34.6552670Z   
Lint Code Base	Run Super-Linter	2026-09-20T16:18:34.6552676Z 
Lint Code Base	Run Super-Linter	2026-09-20T16:18:34.6553006Z app/(app)/team/page.tsx format ━━━━━━━━━━━━━━━━━━━━━━━━━━━━━━━━━━━━━━━━━━━━━━━━━━━━━━━━━━━━━━━━━━━━━
Lint Code Base	Run Super-Linter	2026-09-20T16:18:34.6553014Z 
Lint Code Base	Run Super-Linter	2026-09-20T16:18:34.6553194Z   × Formatter would have printed the following content:
Lint Code Base	Run Super-Linter	2026-09-20T16:18:34.6553265Z   
Lint Code Base	Run Super-Linter	2026-09-20T16:18:34.6553367Z      6  6 │   
Lint Code Base	Run Super-Linter	2026-09-20T16:18:34.6553542Z      7  7 │   export default async function TeamPage() {
Lint Code Base	Run Super-Linter	2026-09-20T16:18:34.6553698Z      8    │ - ··const·user·=·await·requireUser();
Lint Code Base	Run Super-Linter	2026-09-20T16:18:34.6553857Z         8 │ + → const·user·=·await·requireUser();
Lint Code Base	Run Super-Linter	2026-09-20T16:18:34.6554052Z      9  9 │   
Lint Code Base	Run Super-Linter	2026-09-20T16:18:34.6554254Z     10    │ - ··const·members·=·await·prisma.user.findMany({
Lint Code Base	Run Super-Linter	2026-09-20T16:18:34.6554528Z     11    │ - ····where:·{·environmentId:·user.environmentId·},
Lint Code Base	Run Super-Linter	2026-09-20T16:18:34.6554761Z     12    │ - ····include:·{·_count:·{·select:·{·documents:·true·}·}·},
Lint Code Base	Run Super-Linter	2026-09-20T16:18:34.6554922Z     13    │ - ····orderBy:·{·createdAt:·"asc"·},
Lint Code Base	Run Super-Linter	2026-09-20T16:18:34.6555027Z     14    │ - ··});
Lint Code Base	Run Super-Linter	2026-09-20T16:18:34.6555245Z        10 │ + → const·members·=·await·prisma.user.findMany({
Lint Code Base	Run Super-Linter	2026-09-20T16:18:34.6555491Z        11 │ + → → where:·{·environmentId:·user.environmentId·},
Lint Code Base	Run Super-Linter	2026-09-20T16:18:34.6555788Z        12 │ + → → include:·{·_count:·{·select:·{·documents:·true·}·}·},
Lint Code Base	Run Super-Linter	2026-09-20T16:18:34.6555952Z        13 │ + → → orderBy:·{·createdAt:·"asc"·},
Lint Code Base	Run Super-Linter	2026-09-20T16:18:34.6556062Z        14 │ + → });
Lint Code Base	Run Super-Linter	2026-09-20T16:18:34.6556166Z     15 15 │   
Lint Code Base	Run Super-Linter	2026-09-20T16:18:34.6556456Z     16    │ - ··const·canManage·=·ROLES_THAT_CAN_MANAGE_USERS.includes(user.role·as·any);
Lint Code Base	Run Super-Linter	2026-09-20T16:18:34.6556767Z        16 │ + → const·canManage·=·ROLES_THAT_CAN_MANAGE_USERS.includes(user.role·as·any);
Lint Code Base	Run Super-Linter	2026-09-20T16:18:34.6556865Z     17 17 │   
Lint Code Base	Run Super-Linter	2026-09-20T16:18:34.6557002Z     18    │ - ··return·(
Lint Code Base	Run Super-Linter	2026-09-20T16:18:34.6557212Z     19    │ - ····<div·className="p-8·space-y-6·max-w-7xl·mx-auto">
Lint Code Base	Run Super-Linter	2026-09-20T16:18:34.6557497Z     20    │ - ······<div·className="flex·flex-wrap·items-center·justify-between·gap-4">
Lint Code Base	Run Super-Linter	2026-09-20T16:18:34.6557622Z     21    │ - ········<div>
Lint Code Base	Run Super-Linter	2026-09-20T16:18:34.6557937Z     22    │ - ··········<h1·className="text-2xl·font-display·font-bold·text-[var(--text-primary)]">
Lint Code Base	Run Super-Linter	2026-09-20T16:18:34.6558081Z     23    │ - ············Team·Members
Lint Code Base	Run Super-Linter	2026-09-20T16:18:34.6558204Z     24    │ - ··········</h1>
Lint Code Base	Run Super-Linter	2026-09-20T16:18:34.6558443Z     25    │ - ··········<p·className="text-xs·text-[var(--text-secondary)]">
Lint Code Base	Run Super-Linter	2026-09-20T16:18:34.6558739Z     26    │ - ············Everyone·in·this·environment,·their·role,·and·documents·uploaded.
Lint Code Base	Run Super-Linter	2026-09-20T16:18:34.6558894Z     27    │ - ··········</p>
Lint Code Base	Run Super-Linter	2026-09-20T16:18:34.6559021Z     28    │ - ········</div>
Lint Code Base	Run Super-Linter	2026-09-20T16:18:34.6559190Z     29    │ - ········{canManage·&&·<AddUserForm·/>}
Lint Code Base	Run Super-Linter	2026-09-20T16:18:34.6559328Z     30    │ - ······</div>
Lint Code Base	Run Super-Linter	2026-09-20T16:18:34.6559438Z        18 │ + → return·(
Lint Code Base	Run Super-Linter	2026-09-20T16:18:34.6559647Z        19 │ + → → <div·className="p-8·space-y-6·max-w-7xl·mx-auto">
Lint Code Base	Run Super-Linter	2026-09-20T16:18:34.6560095Z        20 │ + → → → <div·className="flex·flex-wrap·items-center·justify-between·gap-4">
Lint Code Base	Run Super-Linter	2026-09-20T16:18:34.6560220Z        21 │ + → → → → <div>
Lint Code Base	Run Super-Linter	2026-09-20T16:18:34.6560522Z        22 │ + → → → → → <h1·className="text-2xl·font-display·font-bold·text-[var(--text-primary)]">
Lint Code Base	Run Super-Linter	2026-09-20T16:18:34.6560665Z        23 │ + → → → → → → Team·Members
Lint Code Base	Run Super-Linter	2026-09-20T16:18:34.6560790Z        24 │ + → → → → → </h1>
Lint Code Base	Run Super-Linter	2026-09-20T16:18:34.6561004Z        25 │ + → → → → → <p·className="text-xs·text-[var(--text-secondary)]">
Lint Code Base	Run Super-Linter	2026-09-20T16:18:34.6561298Z        26 │ + → → → → → → Everyone·in·this·environment,·their·role,·and·documents·uploaded.
Lint Code Base	Run Super-Linter	2026-09-20T16:18:34.6561507Z        27 │ + → → → → → </p>
Lint Code Base	Run Super-Linter	2026-09-20T16:18:34.6561624Z        28 │ + → → → → </div>
Lint Code Base	Run Super-Linter	2026-09-20T16:18:34.6561783Z        29 │ + → → → → {canManage·&&·<AddUserForm·/>}
Lint Code Base	Run Super-Linter	2026-09-20T16:18:34.6561963Z        30 │ + → → → </div>
Lint Code Base	Run Super-Linter	2026-09-20T16:18:34.6562070Z     31 31 │   
Lint Code Base	Run Super-Linter	2026-09-20T16:18:34.6562497Z     32    │ - ······<div·className="rounded-xl·border·border-[var(--border-color)]·bg-[var(--bg-surface)]·overflow-hidden">
Lint Code Base	Run Super-Linter	2026-09-20T16:18:34.6562775Z     33    │ - ········<table·className="w-full·text-left·border-collapse·text-xs">
Lint Code Base	Run Super-Linter	2026-09-20T16:18:34.6562901Z     34    │ - ··········<thead>
Lint Code Base	Run Super-Linter	2026-09-20T16:18:34.6563381Z     35    │ - ············<tr·className="border-b·border-[var(--border-color)]·bg-[var(--bg-surface-alt)]·text-[var(--text-muted)]·font-mono">
Lint Code Base	Run Super-Linter	2026-09-20T16:18:34.6563608Z     36    │ - ··············<th·className="p-3·font-medium">MEMBER</th>
Lint Code Base	Run Super-Linter	2026-09-20T16:18:34.6563812Z     37    │ - ··············<th·className="p-3·font-medium">ROLE</th>
Lint Code Base	Run Super-Linter	2026-09-20T16:18:34.6564140Z     38    │ - ··············<th·className="p-3·font-medium·text-right">DOCUMENTS·UPLOADED</th>
Lint Code Base	Run Super-Linter	2026-09-20T16:18:34.6564263Z     39    │ - ············</tr>
Lint Code Base	Run Super-Linter	2026-09-20T16:18:34.6564407Z     40    │ - ··········</thead>
Lint Code Base	Run Super-Linter	2026-09-20T16:18:34.6564655Z     41    │ - ··········<tbody·className="divide-y·divide-[var(--border-color)]">
Lint Code Base	Run Super-Linter	2026-09-20T16:18:34.6564826Z     42    │ - ············{members.map((member)·=>·(
Lint Code Base	Run Super-Linter	2026-09-20T16:18:34.6564957Z     43    │ - ··············<tr
Lint Code Base	Run Super-Linter	2026-09-20T16:18:34.6565107Z     44    │ - ················key={member.id}
Lint Code Base	Run Super-Linter	2026-09-20T16:18:34.6565398Z     45    │ - ················className="hover:bg-[var(--bg-surface-alt)]·transition-colors"
Lint Code Base	Run Super-Linter	2026-09-20T16:18:34.6565518Z     46    │ - ··············>
Lint Code Base	Run Super-Linter	2026-09-20T16:18:34.6565685Z     47    │ - ················<td·className="p-3">
Lint Code Base	Run Super-Linter	2026-09-20T16:18:34.6565964Z     48    │ - ··················<div·className="font-semibold·text-[var(--text-primary)]">
Lint Code Base	Run Super-Linter	2026-09-20T16:18:34.6566124Z     49    │ - ····················{member.name}
Lint Code Base	Run Super-Linter	2026-09-20T16:18:34.6566287Z     50    │ - ··················</div>
Lint Code Base	Run Super-Linter	2026-09-20T16:18:34.6566578Z     51    │ - ··················<div·className="text-[10px]·font-mono·text-[var(--text-muted)]">
Lint Code Base	Run Super-Linter	2026-09-20T16:18:34.6566755Z     52    │ - ····················{member.email}
Lint Code Base	Run Super-Linter	2026-09-20T16:18:34.6566885Z     53    │ - ··················</div>
Lint Code Base	Run Super-Linter	2026-09-20T16:18:34.6567020Z     54    │ - ················</td>
Lint Code Base	Run Super-Linter	2026-09-20T16:18:34.6567250Z     55    │ - ················<td·className="p-3·text-[var(--text-secondary)]">
Lint Code Base	Run Super-Linter	2026-09-20T16:18:34.6567647Z     56    │ - ··················<span·className="inline-flex·items-center·gap-1·text-[11px]·text-[var(--success)]">
Lint Code Base	Run Super-Linter	2026-09-20T16:18:34.6567908Z     57    │ - ····················<UserCheck·className="w-3.5·h-3.5"·/>·{member.role}
Lint Code Base	Run Super-Linter	2026-09-20T16:18:34.6568043Z     58    │ - ··················</span>
Lint Code Base	Run Super-Linter	2026-09-20T16:18:34.6568177Z     59    │ - ················</td>
Lint Code Base	Run Super-Linter	2026-09-20T16:18:34.6568546Z     60    │ - ················<td·className="p-3·text-right·font-mono·font-semibold·text-[var(--text-primary)]">
Lint Code Base	Run Super-Linter	2026-09-20T16:18:34.6568839Z     61    │ - ··················{member._count.documents}
Lint Code Base	Run Super-Linter	2026-09-20T16:18:34.6568973Z     62    │ - ················</td>
Lint Code Base	Run Super-Linter	2026-09-20T16:18:34.6569149Z     63    │ - ··············</tr>
Lint Code Base	Run Super-Linter	2026-09-20T16:18:34.6569275Z     64    │ - ············))}
Lint Code Base	Run Super-Linter	2026-09-20T16:18:34.6569398Z     65    │ - ··········</tbody>
Lint Code Base	Run Super-Linter	2026-09-20T16:18:34.6569522Z     66    │ - ········</table>
Lint Code Base	Run Super-Linter	2026-09-20T16:18:34.6569639Z     67    │ - ······</div>
Lint Code Base	Run Super-Linter	2026-09-20T16:18:34.6569888Z     68    │ - ····</div>
Lint Code Base	Run Super-Linter	2026-09-20T16:18:34.6570014Z     69    │ - ··);
Lint Code Base	Run Super-Linter	2026-09-20T16:18:34.6570435Z        32 │ + → → → <div·className="rounded-xl·border·border-[var(--border-color)]·bg-[var(--bg-surface)]·overflow-hidden">
Lint Code Base	Run Super-Linter	2026-09-20T16:18:34.6570691Z        33 │ + → → → → <table·className="w-full·text-left·border-collapse·text-xs">
Lint Code Base	Run Super-Linter	2026-09-20T16:18:34.6570802Z        34 │ + → → → → → <thead>
Lint Code Base	Run Super-Linter	2026-09-20T16:18:34.6571255Z        35 │ + → → → → → → <tr·className="border-b·border-[var(--border-color)]·bg-[var(--bg-surface-alt)]·text-[var(--text-muted)]·font-mono">
Lint Code Base	Run Super-Linter	2026-09-20T16:18:34.6571473Z        36 │ + → → → → → → → <th·className="p-3·font-medium">MEMBER</th>
Lint Code Base	Run Super-Linter	2026-09-20T16:18:34.6571679Z        37 │ + → → → → → → → <th·className="p-3·font-medium">ROLE</th>
Lint Code Base	Run Super-Linter	2026-09-20T16:18:34.6571963Z        38 │ + → → → → → → → <th·className="p-3·font-medium·text-right">DOCUMENTS·UPLOADED</th>
Lint Code Base	Run Super-Linter	2026-09-20T16:18:34.6572075Z        39 │ + → → → → → → </tr>
Lint Code Base	Run Super-Linter	2026-09-20T16:18:34.6572194Z        40 │ + → → → → → </thead>
Lint Code Base	Run Super-Linter	2026-09-20T16:18:34.6572422Z        41 │ + → → → → → <tbody·className="divide-y·divide-[var(--border-color)]">
Lint Code Base	Run Super-Linter	2026-09-20T16:18:34.6572581Z        42 │ + → → → → → → {members.map((member)·=>·(
Lint Code Base	Run Super-Linter	2026-09-20T16:18:34.6572691Z        43 │ + → → → → → → → <tr
Lint Code Base	Run Super-Linter	2026-09-20T16:18:34.6572830Z        44 │ + → → → → → → → → key={member.id}
Lint Code Base	Run Super-Linter	2026-09-20T16:18:34.6573096Z        45 │ + → → → → → → → → className="hover:bg-[var(--bg-surface-alt)]·transition-colors"
Lint Code Base	Run Super-Linter	2026-09-20T16:18:34.6573207Z        46 │ + → → → → → → → >
Lint Code Base	Run Super-Linter	2026-09-20T16:18:34.6573381Z        47 │ + → → → → → → → → <td·className="p-3">
Lint Code Base	Run Super-Linter	2026-09-20T16:18:34.6573630Z        48 │ + → → → → → → → → → <div·className="font-semibold·text-[var(--text-primary)]">
Lint Code Base	Run Super-Linter	2026-09-20T16:18:34.6573793Z        49 │ + → → → → → → → → → → {member.name}
Lint Code Base	Run Super-Linter	2026-09-20T16:18:34.6573913Z        50 │ + → → → → → → → → → </div>
Lint Code Base	Run Super-Linter	2026-09-20T16:18:34.6574191Z        51 │ + → → → → → → → → → <div·className="text-[10px]·font-mono·text-[var(--text-muted)]">
Lint Code Base	Run Super-Linter	2026-09-20T16:18:34.6574346Z        52 │ + → → → → → → → → → → {member.email}
Lint Code Base	Run Super-Linter	2026-09-20T16:18:34.6574465Z        53 │ + → → → → → → → → → </div>
Lint Code Base	Run Super-Linter	2026-09-20T16:18:34.6574586Z        54 │ + → → → → → → → → </td>
Lint Code Base	Run Super-Linter	2026-09-20T16:18:34.6574798Z        55 │ + → → → → → → → → <td·className="p-3·text-[var(--text-secondary)]">
Lint Code Base	Run Super-Linter	2026-09-20T16:18:34.6575170Z        56 │ + → → → → → → → → → <span·className="inline-flex·items-center·gap-1·text-[11px]·text-[var(--success)]">
Lint Code Base	Run Super-Linter	2026-09-20T16:18:34.6575400Z        57 │ + → → → → → → → → → → <UserCheck·className="w-3.5·h-3.5"·/>·{member.role}
Lint Code Base	Run Super-Linter	2026-09-20T16:18:34.6575549Z        58 │ + → → → → → → → → → </span>
Lint Code Base	Run Super-Linter	2026-09-20T16:18:34.6575705Z        59 │ + → → → → → → → → </td>
Lint Code Base	Run Super-Linter	2026-09-20T16:18:34.6576150Z        60 │ + → → → → → → → → <td·className="p-3·text-right·font-mono·font-semibold·text-[var(--text-primary)]">
Lint Code Base	Run Super-Linter	2026-09-20T16:18:34.6576387Z        61 │ + → → → → → → → → → {member._count.documents}
Lint Code Base	Run Super-Linter	2026-09-20T16:18:34.6576504Z        62 │ + → → → → → → → → </td>
Lint Code Base	Run Super-Linter	2026-09-20T16:18:34.6576627Z        63 │ + → → → → → → → </tr>
Lint Code Base	Run Super-Linter	2026-09-20T16:18:34.6576737Z        64 │ + → → → → → → ))}
Lint Code Base	Run Super-Linter	2026-09-20T16:18:34.6576865Z        65 │ + → → → → → </tbody>
Lint Code Base	Run Super-Linter	2026-09-20T16:18:34.6576982Z        66 │ + → → → → </table>
Lint Code Base	Run Super-Linter	2026-09-20T16:18:34.6577090Z        67 │ + → → → </div>
Lint Code Base	Run Super-Linter	2026-09-20T16:18:34.6577204Z        68 │ + → → </div>
Lint Code Base	Run Super-Linter	2026-09-20T16:18:34.6577303Z        69 │ + → );
Lint Code Base	Run Super-Linter	2026-09-20T16:18:34.6577406Z     70 70 │   }
Lint Code Base	Run Super-Linter	2026-09-20T16:18:34.6577502Z     71 71 │   
Lint Code Base	Run Super-Linter	2026-09-20T16:18:34.6577581Z   
Lint Code Base	Run Super-Linter	2026-09-20T16:18:34.6577588Z 
Lint Code Base	Run Super-Linter	2026-09-20T16:18:34.6578087Z app/(app)/vendors/page.tsx format ━━━━━━━━━━━━━━━━━━━━━━━━━━━━━━━━━━━━━━━━━━━━━━━━━━━━━━━━━━━━━━━━━━
Lint Code Base	Run Super-Linter	2026-09-20T16:18:34.6578097Z 
Lint Code Base	Run Super-Linter	2026-09-20T16:18:34.6578282Z   × Formatter would have printed the following content:
Lint Code Base	Run Super-Linter	2026-09-20T16:18:34.6578444Z   
Lint Code Base	Run Super-Linter	2026-09-20T16:18:34.6578548Z       4   4 │   
Lint Code Base	Run Super-Linter	2026-09-20T16:18:34.6578742Z       5   5 │   export default async function VendorsPage() {
Lint Code Base	Run Super-Linter	2026-09-20T16:18:34.6578906Z       6     │ - ··const·user·=·await·requireUser();
Lint Code Base	Run Super-Linter	2026-09-20T16:18:34.6579072Z           6 │ + → const·user·=·await·requireUser();
Lint Code Base	Run Super-Linter	2026-09-20T16:18:34.6579181Z       7   7 │   
Lint Code Base	Run Super-Linter	2026-09-20T16:18:34.6579401Z       8     │ - ··const·businesses·=·await·prisma.business.findMany({
Lint Code Base	Run Super-Linter	2026-09-20T16:18:34.6579610Z       9     │ - ····where:·{·environmentId:·user.environmentId·},
Lint Code Base	Run Super-Linter	2026-09-20T16:18:34.6579848Z      10     │ - ····include:·{
Lint Code Base	Run Super-Linter	2026-09-20T16:18:34.6580100Z      11     │ - ······documents:·{
Lint Code Base	Run Super-Linter	2026-09-20T16:18:34.6580276Z      12     │ - ········where:·{·type:·"INVOICE"·},
Lint Code Base	Run Super-Linter	2026-09-20T16:18:34.6580594Z      13     │ - ········select:·{·totalAmount:·true,·status:·true·},
Lint Code Base	Run Super-Linter	2026-09-20T16:18:34.6580777Z      14     │ - ······},
Lint Code Base	Run Super-Linter	2026-09-20T16:18:34.6580916Z      15     │ - ····},
Lint Code Base	Run Super-Linter	2026-09-20T16:18:34.6581107Z      16     │ - ····orderBy:·{·name:·"asc"·},
Lint Code Base	Run Super-Linter	2026-09-20T16:18:34.6581217Z      17     │ - ··});
Lint Code Base	Run Super-Linter	2026-09-20T16:18:34.6581449Z           8 │ + → const·businesses·=·await·prisma.business.findMany({
Lint Code Base	Run Super-Linter	2026-09-20T16:18:34.6581645Z           9 │ + → → where:·{·environmentId:·user.environmentId·},
Lint Code Base	Run Super-Linter	2026-09-20T16:18:34.6581780Z          10 │ + → → include:·{
Lint Code Base	Run Super-Linter	2026-09-20T16:18:34.6581900Z          11 │ + → → → documents:·{
Lint Code Base	Run Super-Linter	2026-09-20T16:18:34.6582064Z          12 │ + → → → → where:·{·type:·"INVOICE"·},
Lint Code Base	Run Super-Linter	2026-09-20T16:18:34.6582275Z          13 │ + → → → → select:·{·totalAmount:·true,·status:·true·},
Lint Code Base	Run Super-Linter	2026-09-20T16:18:34.6582385Z          14 │ + → → → },
Lint Code Base	Run Super-Linter	2026-09-20T16:18:34.6582497Z          15 │ + → → },
Lint Code Base	Run Super-Linter	2026-09-20T16:18:34.6582634Z          16 │ + → → orderBy:·{·name:·"asc"·},
Lint Code Base	Run Super-Linter	2026-09-20T16:18:34.6582746Z          17 │ + → });
Lint Code Base	Run Super-Linter	2026-09-20T16:18:34.6582866Z      18  18 │   
Lint Code Base	Run Super-Linter	2026-09-20T16:18:34.6582988Z      19     │ - ··return·(
Lint Code Base	Run Super-Linter	2026-09-20T16:18:34.6583206Z      20     │ - ····<div·className="p-8·space-y-6·max-w-7xl·mx-auto">
Lint Code Base	Run Super-Linter	2026-09-20T16:18:34.6583335Z      21     │ - ······<div>
Lint Code Base	Run Super-Linter	2026-09-20T16:18:34.6583659Z      22     │ - ········<h1·className="text-2xl·font-display·font-bold·text-[var(--text-primary)]">
Lint Code Base	Run Super-Linter	2026-09-20T16:18:34.6583785Z      23     │ - ··········Vendors
Lint Code Base	Run Super-Linter	2026-09-20T16:18:34.6583908Z      24     │ - ········</h1>
Lint Code Base	Run Super-Linter	2026-09-20T16:18:34.6584136Z      25     │ - ········<p·className="text-xs·text-[var(--text-secondary)]">
Lint Code Base	Run Super-Linter	2026-09-20T16:18:34.6584421Z      26     │ - ··········Businesses·tracked·in·this·environment,·discrepancy·risk,·and
Lint Code Base	Run Super-Linter	2026-09-20T16:18:34.6584593Z      27     │ - ··········historical·billing·volume.
Lint Code Base	Run Super-Linter	2026-09-20T16:18:34.6584714Z      28     │ - ········</p>
Lint Code Base	Run Super-Linter	2026-09-20T16:18:34.6584835Z      29     │ - ······</div>
Lint Code Base	Run Super-Linter	2026-09-20T16:18:34.6584946Z          19 │ + → return·(
Lint Code Base	Run Super-Linter	2026-09-20T16:18:34.6585153Z          20 │ + → → <div·className="p-8·space-y-6·max-w-7xl·mx-auto">
Lint Code Base	Run Super-Linter	2026-09-20T16:18:34.6585360Z          21 │ + → → → <div>
Lint Code Base	Run Super-Linter	2026-09-20T16:18:34.6585668Z          22 │ + → → → → <h1·className="text-2xl·font-display·font-bold·text-[var(--text-primary)]">
Lint Code Base	Run Super-Linter	2026-09-20T16:18:34.6585855Z          23 │ + → → → → → Vendors
Lint Code Base	Run Super-Linter	2026-09-20T16:18:34.6585967Z          24 │ + → → → → </h1>
Lint Code Base	Run Super-Linter	2026-09-20T16:18:34.6586194Z          25 │ + → → → → <p·className="text-xs·text-[var(--text-secondary)]">
Lint Code Base	Run Super-Linter	2026-09-20T16:18:34.6586458Z          26 │ + → → → → → Businesses·tracked·in·this·environment,·discrepancy·risk,·and
Lint Code Base	Run Super-Linter	2026-09-20T16:18:34.6586643Z          27 │ + → → → → → historical·billing·volume.
Lint Code Base	Run Super-Linter	2026-09-20T16:18:34.6586793Z          28 │ + → → → → </p>
Lint Code Base	Run Super-Linter	2026-09-20T16:18:34.6586958Z          29 │ + → → → </div>
Lint Code Base	Run Super-Linter	2026-09-20T16:18:34.6587083Z      30  30 │   
Lint Code Base	Run Super-Linter	2026-09-20T16:18:34.6587371Z      31     │ - ······<div·className="grid·grid-cols-1·md:grid-cols-3·gap-4">
Lint Code Base	Run Super-Linter	2026-09-20T16:18:34.6587552Z      32     │ - ········{businesses.length·===·0·&&·(
Lint Code Base	Run Super-Linter	2026-09-20T16:18:34.6588172Z      33     │ - ··········<p·className="text-xs·text-[var(--text-muted)]·col-span-full·p-6·text-center·rounded-xl·border·border-dashed·border-[var(--border-color)]">
Lint Code Base	Run Super-Linter	2026-09-20T16:18:34.6588376Z      34     │ - ············No·businesses·tracked·yet.
Lint Code Base	Run Super-Linter	2026-09-20T16:18:34.6588497Z      35     │ - ··········</p>
Lint Code Base	Run Super-Linter	2026-09-20T16:18:34.6588620Z      36     │ - ········)}
Lint Code Base	Run Super-Linter	2026-09-20T16:18:34.6588790Z      37     │ - ········{businesses.map((vendor)·=>·{
Lint Code Base	Run Super-Linter	2026-09-20T16:18:34.6589013Z      38     │ - ··········const·invoiceCount·=·vendor.documents.length;
Lint Code Base	Run Super-Linter	2026-09-20T16:18:34.6589237Z      39     │ - ··········const·totalVolume·=·vendor.documents.reduce(
Lint Code Base	Run Super-Linter	2026-09-20T16:18:34.6589416Z      40     │ - ············(acc,·d)·=>·acc·+·d.totalAmount,
Lint Code Base	Run Super-Linter	2026-09-20T16:18:34.6589549Z      41     │ - ············0,
Lint Code Base	Run Super-Linter	2026-09-20T16:18:34.6589665Z      42     │ - ··········);
Lint Code Base	Run Super-Linter	2026-09-20T16:18:34.6590070Z      43     │ - ··········const·discrepancies·=·vendor.documents.filter(
Lint Code Base	Run Super-Linter	2026-09-20T16:18:34.6590368Z      44     │ - ············(d)·=>·d.status·!==·"Matched"·&&·d.status·!==·"Processing",
Lint Code Base	Run Super-Linter	2026-09-20T16:18:34.6590496Z      45     │ - ··········).length;
Lint Code Base	Run Super-Linter	2026-09-20T16:18:34.6590731Z          31 │ + → → → <div·className="grid·grid-cols-1·md:grid-cols-3·gap-4">
Lint Code Base	Run Super-Linter	2026-09-20T16:18:34.6590911Z          32 │ + → → → → {businesses.length·===·0·&&·(
Lint Code Base	Run Super-Linter	2026-09-20T16:18:34.6591486Z          33 │ + → → → → → <p·className="text-xs·text-[var(--text-muted)]·col-span-full·p-6·text-center·rounded-xl·border·border-dashed·border-[var(--border-color)]">
Lint Code Base	Run Super-Linter	2026-09-20T16:18:34.6591651Z          34 │ + → → → → → → No·businesses·tracked·yet.
Lint Code Base	Run Super-Linter	2026-09-20T16:18:34.6591773Z          35 │ + → → → → → </p>
Lint Code Base	Run Super-Linter	2026-09-20T16:18:34.6591893Z          36 │ + → → → → )}
Lint Code Base	Run Super-Linter	2026-09-20T16:18:34.6592045Z          37 │ + → → → → {businesses.map((vendor)·=>·{
Lint Code Base	Run Super-Linter	2026-09-20T16:18:34.6592257Z          38 │ + → → → → → const·invoiceCount·=·vendor.documents.length;
Lint Code Base	Run Super-Linter	2026-09-20T16:18:34.6592461Z          39 │ + → → → → → const·totalVolume·=·vendor.documents.reduce(
Lint Code Base	Run Super-Linter	2026-09-20T16:18:34.6592661Z          40 │ + → → → → → → (acc,·d)·=>·acc·+·d.totalAmount,
Lint Code Base	Run Super-Linter	2026-09-20T16:18:34.6592775Z          41 │ + → → → → → → 0,
Lint Code Base	Run Super-Linter	2026-09-20T16:18:34.6592893Z          42 │ + → → → → → );
Lint Code Base	Run Super-Linter	2026-09-20T16:18:34.6593126Z          43 │ + → → → → → const·discrepancies·=·vendor.documents.filter(
Lint Code Base	Run Super-Linter	2026-09-20T16:18:34.6593366Z          44 │ + → → → → → → (d)·=>·d.status·!==·"Matched"·&&·d.status·!==·"Processing",
Lint Code Base	Run Super-Linter	2026-09-20T16:18:34.6593493Z          45 │ + → → → → → ).length;
Lint Code Base	Run Super-Linter	2026-09-20T16:18:34.6593595Z      46  46 │   
Lint Code Base	Run Super-Linter	2026-09-20T16:18:34.6593733Z      47     │ - ··········return·(
Lint Code Base	Run Super-Linter	2026-09-20T16:18:34.6593858Z      48     │ - ············<div
Lint Code Base	Run Super-Linter	2026-09-20T16:18:34.6594010Z      49     │ - ··············key={vendor.id}
Lint Code Base	Run Super-Linter	2026-09-20T16:18:34.6594642Z      50     │ - ··············className="p-5·rounded-xl·border·border-[var(--border-color)]·bg-[var(--bg-surface)]·space-y-4·hover:border-[var(--color-primary)]·transition-colors"
Lint Code Base	Run Super-Linter	2026-09-20T16:18:34.6594766Z      51     │ - ············>
Lint Code Base	Run Super-Linter	2026-09-20T16:18:34.6595112Z      52     │ - ··············<div·className="flex·justify-between·items-start">
Lint Code Base	Run Super-Linter	2026-09-20T16:18:34.6595248Z      53     │ - ················<div>
Lint Code Base	Run Super-Linter	2026-09-20T16:18:34.6595627Z      54     │ - ··················<h2·className="font-semibold·text-sm·text-[var(--text-primary)]">
Lint Code Base	Run Super-Linter	2026-09-20T16:18:34.6595785Z      55     │ - ····················{vendor.name}
Lint Code Base	Run Super-Linter	2026-09-20T16:18:34.6595930Z      56     │ - ··················</h2>
Lint Code Base	Run Super-Linter	2026-09-20T16:18:34.6596242Z      57     │ - ··················<span·className="text-[10px]·font-mono·text-[var(--text-muted)]">
Lint Code Base	Run Super-Linter	2026-09-20T16:18:34.6596421Z      58     │ - ····················{vendor.vendorCode}
Lint Code Base	Run Super-Linter	2026-09-20T16:18:34.6596569Z      59     │ - ··················</span>
Lint Code Base	Run Super-Linter	2026-09-20T16:18:34.6596705Z      60     │ - ················</div>
Lint Code Base	Run Super-Linter	2026-09-20T16:18:34.6596896Z      61     │ - ················{discrepancies·>·0·?·(
Lint Code Base	Run Super-Linter	2026-09-20T16:18:34.6597538Z      62     │ - ··················<span·className="inline-flex·items-center·gap-1·px-2·py-0.5·rounded·text-[10px]·font-mono·font-bold·bg-[var(--danger-soft)]·text-[var(--danger)]">
Lint Code Base	Run Super-Linter	2026-09-20T16:18:34.6597807Z      63     │ - ····················<AlertTriangle·className="w-3·h-3"·/>·Flagged
Lint Code Base	Run Super-Linter	2026-09-20T16:18:34.6597968Z      64     │ - ··················</span>
Lint Code Base	Run Super-Linter	2026-09-20T16:18:34.6598099Z      65     │ - ················)·:·(
Lint Code Base	Run Super-Linter	2026-09-20T16:18:34.6598747Z      66     │ - ··················<span·className="inline-flex·items-center·gap-1·px-2·py-0.5·rounded·text-[10px]·font-mono·font-bold·bg-[var(--success-soft)]·text-[var(--success)]">
Lint Code Base	Run Super-Linter	2026-09-20T16:18:34.6598984Z      67     │ - ····················<ShieldCheck·className="w-3·h-3"·/>·Verified
Lint Code Base	Run Super-Linter	2026-09-20T16:18:34.6599124Z      68     │ - ··················</span>
Lint Code Base	Run Super-Linter	2026-09-20T16:18:34.6599258Z      69     │ - ················)}
Lint Code Base	Run Super-Linter	2026-09-20T16:18:34.6599386Z      70     │ - ··············</div>
Lint Code Base	Run Super-Linter	2026-09-20T16:18:34.6599511Z          47 │ + → → → → → return·(
Lint Code Base	Run Super-Linter	2026-09-20T16:18:34.6599624Z          48 │ + → → → → → → <div
Lint Code Base	Run Super-Linter	2026-09-20T16:18:34.6599833Z          49 │ + → → → → → → → key={vendor.id}
Lint Code Base	Run Super-Linter	2026-09-20T16:18:34.6600450Z          50 │ + → → → → → → → className="p-5·rounded-xl·border·border-[var(--border-color)]·bg-[var(--bg-surface)]·space-y-4·hover:border-[var(--color-primary)]·transition-colors"
Lint Code Base	Run Super-Linter	2026-09-20T16:18:34.6600585Z          51 │ + → → → → → → >
Lint Code Base	Run Super-Linter	2026-09-20T16:18:34.6600816Z          52 │ + → → → → → → → <div·className="flex·justify-between·items-start">
Lint Code Base	Run Super-Linter	2026-09-20T16:18:34.6600935Z          53 │ + → → → → → → → → <div>
Lint Code Base	Run Super-Linter	2026-09-20T16:18:34.6601223Z          54 │ + → → → → → → → → → <h2·className="font-semibold·text-sm·text-[var(--text-primary)]">
Lint Code Base	Run Super-Linter	2026-09-20T16:18:34.6601364Z          55 │ + → → → → → → → → → → {vendor.name}
Lint Code Base	Run Super-Linter	2026-09-20T16:18:34.6601492Z          56 │ + → → → → → → → → → </h2>
Lint Code Base	Run Super-Linter	2026-09-20T16:18:34.6601776Z          57 │ + → → → → → → → → → <span·className="text-[10px]·font-mono·text-[var(--text-muted)]">
Lint Code Base	Run Super-Linter	2026-09-20T16:18:34.6601939Z          58 │ + → → → → → → → → → → {vendor.vendorCode}
Lint Code Base	Run Super-Linter	2026-09-20T16:18:34.6602069Z          59 │ + → → → → → → → → → </span>
Lint Code Base	Run Super-Linter	2026-09-20T16:18:34.6602270Z          60 │ + → → → → → → → → </div>
Lint Code Base	Run Super-Linter	2026-09-20T16:18:34.6602433Z          61 │ + → → → → → → → → {discrepancies·>·0·?·(
Lint Code Base	Run Super-Linter	2026-09-20T16:18:34.6603034Z          62 │ + → → → → → → → → → <span·className="inline-flex·items-center·gap-1·px-2·py-0.5·rounded·text-[10px]·font-mono·font-bold·bg-[var(--danger-soft)]·text-[var(--danger)]">
Lint Code Base	Run Super-Linter	2026-09-20T16:18:34.6603326Z          63 │ + → → → → → → → → → → <AlertTriangle·className="w-3·h-3"·/>·Flagged
Lint Code Base	Run Super-Linter	2026-09-20T16:18:34.6603458Z          64 │ + → → → → → → → → → </span>
Lint Code Base	Run Super-Linter	2026-09-20T16:18:34.6603579Z          65 │ + → → → → → → → → )·:·(
Lint Code Base	Run Super-Linter	2026-09-20T16:18:34.6604192Z          66 │ + → → → → → → → → → <span·className="inline-flex·items-center·gap-1·px-2·py-0.5·rounded·text-[10px]·font-mono·font-bold·bg-[var(--success-soft)]·text-[var(--success)]">
Lint Code Base	Run Super-Linter	2026-09-20T16:18:34.6604401Z          67 │ + → → → → → → → → → → <ShieldCheck·className="w-3·h-3"·/>·Verified
Lint Code Base	Run Super-Linter	2026-09-20T16:18:34.6604531Z          68 │ + → → → → → → → → → </span>
Lint Code Base	Run Super-Linter	2026-09-20T16:18:34.6604668Z          69 │ + → → → → → → → → )}
Lint Code Base	Run Super-Linter	2026-09-20T16:18:34.6604790Z          70 │ + → → → → → → → </div>
Lint Code Base	Run Super-Linter	2026-09-20T16:18:34.6604891Z      71  71 │   
Lint Code Base	Run Super-Linter	2026-09-20T16:18:34.6605347Z      72     │ - ··············<div·className="grid·grid-cols-2·gap-2·text-xs·font-mono·pt-2·border-t·border-[var(--border-color)]">
Lint Code Base	Run Super-Linter	2026-09-20T16:18:34.6605504Z      73     │ - ················<div>
Lint Code Base	Run Super-Linter	2026-09-20T16:18:34.6605798Z      74     │ - ··················<div·className="text-[10px]·text-[var(--text-muted)]·uppercase">
Lint Code Base	Run Super-Linter	2026-09-20T16:18:34.6605949Z      75     │ - ····················Invoices
Lint Code Base	Run Super-Linter	2026-09-20T16:18:34.6606082Z      76     │ - ··················</div>
Lint Code Base	Run Super-Linter	2026-09-20T16:18:34.6606352Z      77     │ - ··················<div·className="text-[var(--text-primary)]">
Lint Code Base	Run Super-Linter	2026-09-20T16:18:34.6606633Z      78     │ - ····················{invoiceCount}·processed
Lint Code Base	Run Super-Linter	2026-09-20T16:18:34.6606808Z      79     │ - ··················</div>
Lint Code Base	Run Super-Linter	2026-09-20T16:18:34.6606965Z      80     │ - ················</div>
Lint Code Base	Run Super-Linter	2026-09-20T16:18:34.6607096Z      81     │ - ················<div>
Lint Code Base	Run Super-Linter	2026-09-20T16:18:34.6607420Z      82     │ - ··················<div·className="text-[10px]·text-[var(--text-muted)]·uppercase">
Lint Code Base	Run Super-Linter	2026-09-20T16:18:34.6607576Z      83     │ - ····················Total·Volume
Lint Code Base	Run Super-Linter	2026-09-20T16:18:34.6607736Z      84     │ - ··················</div>
Lint Code Base	Run Super-Linter	2026-09-20T16:18:34.6608018Z      85     │ - ··················<div·className="font-semibold·text-[var(--text-primary)]">
Lint Code Base	Run Super-Linter	2026-09-20T16:18:34.6608149Z      86     │ - ····················$
Lint Code Base	Run Super-Linter	2026-09-20T16:18:34.6608376Z      87     │ - ····················{totalVolume.toLocaleString("en-US",·{
Lint Code Base	Run Super-Linter	2026-09-20T16:18:34.6608590Z      88     │ - ······················minimumFractionDigits:·2,
Lint Code Base	Run Super-Linter	2026-09-20T16:18:34.6608733Z      89     │ - ····················})}
Lint Code Base	Run Super-Linter	2026-09-20T16:18:34.6608864Z      90     │ - ··················</div>
Lint Code Base	Run Super-Linter	2026-09-20T16:18:34.6609000Z      91     │ - ················</div>
Lint Code Base	Run Super-Linter	2026-09-20T16:18:34.6609137Z      92     │ - ··············</div>
Lint Code Base	Run Super-Linter	2026-09-20T16:18:34.6609226Z   35 more lines truncated
Lint Code Base	Run Super-Linter	2026-09-20T16:18:34.6609378Z   
Lint Code Base	Run Super-Linter	2026-09-20T16:18:34.6609384Z 
Lint Code Base	Run Super-Linter	2026-09-20T16:18:34.6609797Z app/api/auth/login/route.ts format ━━━━━━━━━━━━━━━━━━━━━━━━━━━━━━━━━━━━━━━━━━━━━━━━━━━━━━━━━━━━━━━━━
Lint Code Base	Run Super-Linter	2026-09-20T16:18:34.6609876Z 
Lint Code Base	Run Super-Linter	2026-09-20T16:18:34.6610172Z   × Formatter would have printed the following content:
Lint Code Base	Run Super-Linter	2026-09-20T16:18:34.6610318Z   
Lint Code Base	Run Super-Linter	2026-09-20T16:18:34.6610420Z      5  5 │   
Lint Code Base	Run Super-Linter	2026-09-20T16:18:34.6610556Z      6  6 │   const schema = z.object({
Lint Code Base	Run Super-Linter	2026-09-20T16:18:34.6610694Z      7    │ - ··email:·z.string().email(),
Lint Code Base	Run Super-Linter	2026-09-20T16:18:34.6610875Z      8    │ - ··password:·z.string().min(1),
Lint Code Base	Run Super-Linter	2026-09-20T16:18:34.6611066Z         7 │ + → email:·z.string().email(),
Lint Code Base	Run Super-Linter	2026-09-20T16:18:34.6611257Z         8 │ + → password:·z.string().min(1),
Lint Code Base	Run Super-Linter	2026-09-20T16:18:34.6611387Z      9  9 │   });
Lint Code Base	Run Super-Linter	2026-09-20T16:18:34.6611506Z     10 10 │   
Lint Code Base	Run Super-Linter	2026-09-20T16:18:34.6611610Z     ····· │ 
Lint Code Base	Run Super-Linter	2026-09-20T16:18:34.6611706Z     14 14 │   
Lint Code Base	Run Super-Linter	2026-09-20T16:18:34.6611895Z     15 15 │   export async function POST(req: NextRequest) {
Lint Code Base	Run Super-Linter	2026-09-20T16:18:34.6612115Z     16    │ - ··const·body·=·await·req.json().catch(()·=>·null);
Lint Code Base	Run Super-Linter	2026-09-20T16:18:34.6612292Z     17    │ - ··const·parsed·=·schema.safeParse(body);
Lint Code Base	Run Super-Linter	2026-09-20T16:18:34.6612446Z     18    │ - ··if·(!parsed.success)·{
Lint Code Base	Run Super-Linter	2026-09-20T16:18:34.6612743Z     19    │ - ····return·NextResponse.json({·error:·"Invalid·input"·},·{·status:·400·});
Lint Code Base	Run Super-Linter	2026-09-20T16:18:34.6612855Z     20    │ - ··}
Lint Code Base	Run Super-Linter	2026-09-20T16:18:34.6613035Z     21    │ - ··const·{·email,·password·}·=·parsed.data;
Lint Code Base	Run Super-Linter	2026-09-20T16:18:34.6613232Z     22    │ - ··const·normalizedEmail·=·email.toLowerCase();
Lint Code Base	Run Super-Linter	2026-09-20T16:18:34.6613422Z        16 │ + → const·body·=·await·req.json().catch(()·=>·null);
Lint Code Base	Run Super-Linter	2026-09-20T16:18:34.6613599Z        17 │ + → const·parsed·=·schema.safeParse(body);
Lint Code Base	Run Super-Linter	2026-09-20T16:18:34.6613730Z        18 │ + → if·(!parsed.success)·{
Lint Code Base	Run Super-Linter	2026-09-20T16:18:34.6614017Z        19 │ + → → return·NextResponse.json({·error:·"Invalid·input"·},·{·status:·400·});
Lint Code Base	Run Super-Linter	2026-09-20T16:18:34.6614123Z        20 │ + → }
Lint Code Base	Run Super-Linter	2026-09-20T16:18:34.6614297Z        21 │ + → const·{·email,·password·}·=·parsed.data;
Lint Code Base	Run Super-Linter	2026-09-20T16:18:34.6614507Z        22 │ + → const·normalizedEmail·=·email.toLowerCase();
Lint Code Base	Run Super-Linter	2026-09-20T16:18:34.6614605Z     23 23 │   
Lint Code Base	Run Super-Linter	2026-09-20T16:18:34.6614760Z     24    │ - ··//·Rate·limiting·check
Lint Code Base	Run Super-Linter	2026-09-20T16:18:34.6614998Z     25    │ - ··const·ip·=·req.headers.get("x-forwarded-for")·||·"unknown";
Lint Code Base	Run Super-Linter	2026-09-20T16:18:34.6615198Z     26    │ - ··const·rateLimitKey·=·`${ip}:${normalizedEmail}`;
Lint Code Base	Run Super-Linter	2026-09-20T16:18:34.6615415Z     27    │ - ··const·attemptInfo·=·loginAttempts.get(rateLimitKey);
Lint Code Base	Run Super-Linter	2026-09-20T16:18:34.6615547Z        24 │ + → //·Rate·limiting·check
Lint Code Base	Run Super-Linter	2026-09-20T16:18:34.6615781Z        25 │ + → const·ip·=·req.headers.get("x-forwarded-for")·||·"unknown";
Lint Code Base	Run Super-Linter	2026-09-20T16:18:34.6615971Z        26 │ + → const·rateLimitKey·=·`${ip}:${normalizedEmail}`;
Lint Code Base	Run Super-Linter	2026-09-20T16:18:34.6616186Z        27 │ + → const·attemptInfo·=·loginAttempts.get(rateLimitKey);
Lint Code Base	Run Super-Linter	2026-09-20T16:18:34.6616282Z     28 28 │   
Lint Code Base	Run Super-Linter	2026-09-20T16:18:34.6616416Z     29    │ - ··if·(attemptInfo)·{
Lint Code Base	Run Super-Linter	2026-09-20T16:18:34.6616689Z     30    │ - ····if·(Date.now()·-·attemptInfo.timestamp·<·LOCKOUT_DURATION)·{
Lint Code Base	Run Super-Linter	2026-09-20T16:18:34.6616879Z     31    │ - ······if·(attemptInfo.count·>=·MAX_ATTEMPTS)·{
Lint Code Base	Run Super-Linter	2026-09-20T16:18:34.6617058Z     32    │ - ········return·NextResponse.json(
Lint Code Base	Run Super-Linter	2026-09-20T16:18:34.6617407Z     33    │ - ··········{·error:·"Too·many·login·attempts.·Please·try·again·later."·},
Lint Code Base	Run Super-Linter	2026-09-20T16:18:34.6617590Z     34    │ - ··········{·status:·429·},
Lint Code Base	Run Super-Linter	2026-09-20T16:18:34.6617733Z     35    │ - ········);
Lint Code Base	Run Super-Linter	2026-09-20T16:18:34.6617850Z     36    │ - ······}
Lint Code Base	Run Super-Linter	2026-09-20T16:18:34.6617967Z     37    │ - ····}·else·{
Lint Code Base	Run Super-Linter	2026-09-20T16:18:34.6618160Z     38    │ - ······//·Reset·if·lockout·duration·has·passed
Lint Code Base	Run Super-Linter	2026-09-20T16:18:34.6618336Z     39    │ - ······loginAttempts.delete(rateLimitKey);
Lint Code Base	Run Super-Linter	2026-09-20T16:18:34.6618445Z     40    │ - ····}
Lint Code Base	Run Super-Linter	2026-09-20T16:18:34.6618552Z     41    │ - ··}
Lint Code Base	Run Super-Linter	2026-09-20T16:18:34.6618677Z        29 │ + → if·(attemptInfo)·{
Lint Code Base	Run Super-Linter	2026-09-20T16:18:34.6618926Z        30 │ + → → if·(Date.now()·-·attemptInfo.timestamp·<·LOCKOUT_DURATION)·{
Lint Code Base	Run Super-Linter	2026-09-20T16:18:34.6619215Z        31 │ + → → → if·(attemptInfo.count·>=·MAX_ATTEMPTS)·{
Lint Code Base	Run Super-Linter	2026-09-20T16:18:34.6619373Z        32 │ + → → → → return·NextResponse.json(
Lint Code Base	Run Super-Linter	2026-09-20T16:18:34.6619702Z        33 │ + → → → → → {·error:·"Too·many·login·attempts.·Please·try·again·later."·},
Lint Code Base	Run Super-Linter	2026-09-20T16:18:34.6619956Z        34 │ + → → → → → {·status:·429·},
Lint Code Base	Run Super-Linter	2026-09-20T16:18:34.6620171Z        35 │ + → → → → );
Lint Code Base	Run Super-Linter	2026-09-20T16:18:34.6620275Z        36 │ + → → → }
Lint Code Base	Run Super-Linter	2026-09-20T16:18:34.6620402Z        37 │ + → → }·else·{
Lint Code Base	Run Super-Linter	2026-09-20T16:18:34.6620585Z        38 │ + → → → //·Reset·if·lockout·duration·has·passed
Lint Code Base	Run Super-Linter	2026-09-20T16:18:34.6620755Z        39 │ + → → → loginAttempts.delete(rateLimitKey);
Lint Code Base	Run Super-Linter	2026-09-20T16:18:34.6620863Z        40 │ + → → }
Lint Code Base	Run Super-Linter	2026-09-20T16:18:34.6620964Z        41 │ + → }
Lint Code Base	Run Super-Linter	2026-09-20T16:18:34.6621063Z     42 42 │   
Lint Code Base	Run Super-Linter	2026-09-20T16:18:34.6621282Z     43    │ - ··const·user·=·await·prisma.user.findUnique({
Lint Code Base	Run Super-Linter	2026-09-20T16:18:34.6621467Z     44    │ - ····where:·{·email:·normalizedEmail·},
Lint Code Base	Run Super-Linter	2026-09-20T16:18:34.6621595Z     45    │ - ··});
Lint Code Base	Run Super-Linter	2026-09-20T16:18:34.6621788Z        43 │ + → const·user·=·await·prisma.user.findUnique({
Lint Code Base	Run Super-Linter	2026-09-20T16:18:34.6621953Z        44 │ + → → where:·{·email:·normalizedEmail·},
Lint Code Base	Run Super-Linter	2026-09-20T16:18:34.6622083Z        45 │ + → });
Lint Code Base	Run Super-Linter	2026-09-20T16:18:34.6622182Z     46 46 │   
Lint Code Base	Run Super-Linter	2026-09-20T16:18:34.6622469Z     47    │ - ··if·(!user·||·!(await·comparePassword(password,·user.passwordHash)))·{
Lint Code Base	Run Super-Linter	2026-09-20T16:18:34.6622617Z     48    │ - ····//·Record·failed·attempt
Lint Code Base	Run Super-Linter	2026-09-20T16:18:34.6622890Z     49    │ - ····const·currentCount·=·loginAttempts.get(rateLimitKey)?.count·||·0;
Lint Code Base	Run Super-Linter	2026-09-20T16:18:34.6623062Z     50    │ - ····loginAttempts.set(rateLimitKey,·{
Lint Code Base	Run Super-Linter	2026-09-20T16:18:34.6623209Z     51    │ - ······count:·currentCount·+·1,
Lint Code Base	Run Super-Linter	2026-09-20T16:18:34.6623353Z     52    │ - ······timestamp:·Date.now(),
Lint Code Base	Run Super-Linter	2026-09-20T16:18:34.6623458Z     53    │ - ····});
Lint Code Base	Run Super-Linter	2026-09-20T16:18:34.6623731Z        47 │ + → if·(!user·||·!(await·comparePassword(password,·user.passwordHash)))·{
Lint Code Base	Run Super-Linter	2026-09-20T16:18:34.6623892Z        48 │ + → → //·Record·failed·attempt
Lint Code Base	Run Super-Linter	2026-09-20T16:18:34.6624148Z        49 │ + → → const·currentCount·=·loginAttempts.get(rateLimitKey)?.count·||·0;
Lint Code Base	Run Super-Linter	2026-09-20T16:18:34.6624325Z        50 │ + → → loginAttempts.set(rateLimitKey,·{
Lint Code Base	Run Super-Linter	2026-09-20T16:18:34.6624463Z        51 │ + → → → count:·currentCount·+·1,
Lint Code Base	Run Super-Linter	2026-09-20T16:18:34.6624600Z        52 │ + → → → timestamp:·Date.now(),
Lint Code Base	Run Super-Linter	2026-09-20T16:18:34.6624698Z        53 │ + → → });
Lint Code Base	Run Super-Linter	2026-09-20T16:18:34.6624799Z     54 54 │   
Lint Code Base	Run Super-Linter	2026-09-20T16:18:34.6624943Z     55    │ - ····return·NextResponse.json(
Lint Code Base	Run Super-Linter	2026-09-20T16:18:34.6625135Z     56    │ - ······{·error:·"Invalid·email·or·password"·},
Lint Code Base	Run Super-Linter	2026-09-20T16:18:34.6625276Z     57    │ - ······{·status:·401·},
Lint Code Base	Run Super-Linter	2026-09-20T16:18:34.6625384Z     58    │ - ····);
Lint Code Base	Run Super-Linter	2026-09-20T16:18:34.6625490Z     59    │ - ··}
Lint Code Base	Run Super-Linter	2026-09-20T16:18:34.6625627Z        55 │ + → → return·NextResponse.json(
Lint Code Base	Run Super-Linter	2026-09-20T16:18:34.6625807Z        56 │ + → → → {·error:·"Invalid·email·or·password"·},
Lint Code Base	Run Super-Linter	2026-09-20T16:18:34.6625930Z        57 │ + → → → {·status:·401·},
Lint Code Base	Run Super-Linter	2026-09-20T16:18:34.6626121Z        58 │ + → → );
Lint Code Base	Run Super-Linter	2026-09-20T16:18:34.6626223Z        59 │ + → }
Lint Code Base	Run Super-Linter	2026-09-20T16:18:34.6626319Z     60 60 │   
Lint Code Base	Run Super-Linter	2026-09-20T16:18:34.6626627Z     61    │ - ··//·Clear·failed·attempts·on·successful·login
Lint Code Base	Run Super-Linter	2026-09-20T16:18:34.6626789Z     62    │ - ··loginAttempts.delete(rateLimitKey);
Lint Code Base	Run Super-Linter	2026-09-20T16:18:34.6626978Z        61 │ + → //·Clear·failed·attempts·on·successful·login
Lint Code Base	Run Super-Linter	2026-09-20T16:18:34.6627130Z        62 │ + → loginAttempts.delete(rateLimitKey);
Lint Code Base	Run Super-Linter	2026-09-20T16:18:34.6627233Z     63 63 │   
Lint Code Base	Run Super-Linter	2026-09-20T16:18:34.6627387Z     64    │ - ··const·token·=·await·signSession({
Lint Code Base	Run Super-Linter	2026-09-20T16:18:34.6627522Z     65    │ - ····userId:·user.id,
Lint Code Base	Run Super-Linter	2026-09-20T16:18:34.6627689Z     66    │ - ····environmentId:·user.environmentId,
Lint Code Base	Run Super-Linter	2026-09-20T16:18:34.6627813Z     67    │ - ····role:·user.role,
Lint Code Base	Run Super-Linter	2026-09-20T16:18:34.6627921Z     68    │ - ··});
Lint Code Base	Run Super-Linter	2026-09-20T16:18:34.6628075Z        64 │ + → const·token·=·await·signSession({
Lint Code Base	Run Super-Linter	2026-09-20T16:18:34.6628201Z        65 │ + → → userId:·user.id,
Lint Code Base	Run Super-Linter	2026-09-20T16:18:34.6628374Z        66 │ + → → environmentId:·user.environmentId,
Lint Code Base	Run Super-Linter	2026-09-20T16:18:34.6628500Z        67 │ + → → role:·user.role,
Lint Code Base	Run Super-Linter	2026-09-20T16:18:34.6628608Z        68 │ + → });
Lint Code Base	Run Super-Linter	2026-09-20T16:18:34.6628722Z     69 69 │   
Lint Code Base	Run Super-Linter	2026-09-20T16:18:34.6628918Z     70    │ - ··const·res·=·NextResponse.json({·ok:·true·});
Lint Code Base	Run Super-Linter	2026-09-20T16:18:34.6629095Z     71    │ - ··res.cookies.set(SESSION_COOKIE,·token,·{
Lint Code Base	Run Super-Linter	2026-09-20T16:18:34.6629229Z     72    │ - ····httpOnly:·true,
Lint Code Base	Run Super-Linter	2026-09-20T16:18:34.6629355Z     73    │ - ····sameSite:·"lax",
Lint Code Base	Run Super-Linter	2026-09-20T16:18:34.6629556Z     74    │ - ····secure:·process.env.NODE_ENV·===·"production",
Lint Code Base	Run Super-Linter	2026-09-20T16:18:34.6629689Z     75    │ - ····path:·"/",
Lint Code Base	Run Super-Linter	2026-09-20T16:18:34.6629915Z     76    │ - ····maxAge:·60·*·60·*·24·*·7,
Lint Code Base	Run Super-Linter	2026-09-20T16:18:34.6630025Z     77    │ - ··});
Lint Code Base	Run Super-Linter	2026-09-20T16:18:34.6630142Z     78    │ - ··return·res;
Lint Code Base	Run Super-Linter	2026-09-20T16:18:34.6630335Z        70 │ + → const·res·=·NextResponse.json({·ok:·true·});
Lint Code Base	Run Super-Linter	2026-09-20T16:18:34.6630504Z        71 │ + → res.cookies.set(SESSION_COOKIE,·token,·{
Lint Code Base	Run Super-Linter	2026-09-20T16:18:34.6630661Z        72 │ + → → httpOnly:·true,
Lint Code Base	Run Super-Linter	2026-09-20T16:18:34.6630785Z        73 │ + → → sameSite:·"lax",
Lint Code Base	Run Super-Linter	2026-09-20T16:18:34.6630980Z        74 │ + → → secure:·process.env.NODE_ENV·===·"production",
Lint Code Base	Run Super-Linter	2026-09-20T16:18:34.6631118Z        75 │ + → → path:·"/",
Lint Code Base	Run Super-Linter	2026-09-20T16:18:34.6631253Z        76 │ + → → maxAge:·60·*·60·*·24·*·7,
Lint Code Base	Run Super-Linter	2026-09-20T16:18:34.6631362Z        77 │ + → });
Lint Code Base	Run Super-Linter	2026-09-20T16:18:34.6631475Z        78 │ + → return·res;
Lint Code Base	Run Super-Linter	2026-09-20T16:18:34.6631586Z     79 79 │   }
Lint Code Base	Run Super-Linter	2026-09-20T16:18:34.6631684Z     80 80 │   
Lint Code Base	Run Super-Linter	2026-09-20T16:18:34.6631769Z   
Lint Code Base	Run Super-Linter	2026-09-20T16:18:34.6631775Z 
Lint Code Base	Run Super-Linter	2026-09-20T16:18:34.6632139Z app/api/auth/logout/route.ts format ━━━━━━━━━━━━━━━━━━━━━━━━━━━━━━━━━━━━━━━━━━━━━━━━━━━━━━━━━━━━━━━━
Lint Code Base	Run Super-Linter	2026-09-20T16:18:34.6632146Z 
Lint Code Base	Run Super-Linter	2026-09-20T16:18:34.6632320Z   × Formatter would have printed the following content:
Lint Code Base	Run Super-Linter	2026-09-20T16:18:34.6632401Z   
Lint Code Base	Run Super-Linter	2026-09-20T16:18:34.6632499Z     3 3 │   
Lint Code Base	Run Super-Linter	2026-09-20T16:18:34.6632645Z     4 4 │   export async function POST() {
Lint Code Base	Run Super-Linter	2026-09-20T16:18:34.6632850Z     5   │ - ··const·res·=·NextResponse.json({·ok:·true·});
Lint Code Base	Run Super-Linter	2026-09-20T16:18:34.6633100Z     6   │ - ··res.cookies.set(SESSION_COOKIE,·"",·{·path:·"/",·maxAge:·0·});
Lint Code Base	Run Super-Linter	2026-09-20T16:18:34.6633239Z     7   │ - ··return·res;
Lint Code Base	Run Super-Linter	2026-09-20T16:18:34.6633422Z       5 │ + → const·res·=·NextResponse.json({·ok:·true·});
Lint Code Base	Run Super-Linter	2026-09-20T16:18:34.6633660Z       6 │ + → res.cookies.set(SESSION_COOKIE,·"",·{·path:·"/",·maxAge:·0·});
Lint Code Base	Run Super-Linter	2026-09-20T16:18:34.6633772Z       7 │ + → return·res;
Lint Code Base	Run Super-Linter	2026-09-20T16:18:34.6633878Z     8 8 │   }
Lint Code Base	Run Super-Linter	2026-09-20T16:18:34.6633974Z     9 9 │   
Lint Code Base	Run Super-Linter	2026-09-20T16:18:34.6634052Z   
Lint Code Base	Run Super-Linter	2026-09-20T16:18:34.6634057Z 
Lint Code Base	Run Super-Linter	2026-09-20T16:18:34.6634403Z app/api/auth/signup/route.ts format ━━━━━━━━━━━━━━━━━━━━━━━━━━━━━━━━━━━━━━━━━━━━━━━━━━━━━━━━━━━━━━━━
Lint Code Base	Run Super-Linter	2026-09-20T16:18:34.6634410Z 
Lint Code Base	Run Super-Linter	2026-09-20T16:18:34.6634580Z   × Formatter would have printed the following content:
Lint Code Base	Run Super-Linter	2026-09-20T16:18:34.6634660Z   
Lint Code Base	Run Super-Linter	2026-09-20T16:18:34.6634879Z      8  8 │   // is no "join an existing environment" signup path, by design.
Lint Code Base	Run Super-Linter	2026-09-20T16:18:34.6635099Z      9  9 │   const schema = z.object({
Lint Code Base	Run Super-Linter	2026-09-20T16:18:34.6635258Z     10    │ - ··environmentName:·z.string().min(2),
Lint Code Base	Run Super-Linter	2026-09-20T16:18:34.6635467Z     11    │ - ··name:·z.string().min(1),
Lint Code Base	Run Super-Linter	2026-09-20T16:18:34.6635610Z     12    │ - ··email:·z.string().email(),
Lint Code Base	Run Super-Linter	2026-09-20T16:18:34.6635751Z     13    │ - ··password:·z.string().min(8),
Lint Code Base	Run Super-Linter	2026-09-20T16:18:34.6635909Z        10 │ + → environmentName:·z.string().min(2),
Lint Code Base	Run Super-Linter	2026-09-20T16:18:34.6636036Z        11 │ + → name:·z.string().min(1),
Lint Code Base	Run Super-Linter	2026-09-20T16:18:34.6636171Z        12 │ + → email:·z.string().email(),
Lint Code Base	Run Super-Linter	2026-09-20T16:18:34.6636303Z        13 │ + → password:·z.string().min(8),
Lint Code Base	Run Super-Linter	2026-09-20T16:18:34.6636410Z     14 14 │   });
Lint Code Base	Run Super-Linter	2026-09-20T16:18:34.6636504Z     15 15 │   
Lint Code Base	Run Super-Linter	2026-09-20T16:18:34.6636724Z     16 16 │   export async function POST(req: NextRequest) {
Lint Code Base	Run Super-Linter	2026-09-20T16:18:34.6637018Z     17    │ - ··const·body·=·await·req.json().catch(()·=>·null);
Lint Code Base	Run Super-Linter	2026-09-20T16:18:34.6637245Z     18    │ - ··const·parsed·=·schema.safeParse(body);
Lint Code Base	Run Super-Linter	2026-09-20T16:18:34.6637420Z     19    │ - ··if·(!parsed.success)·{
Lint Code Base	Run Super-Linter	2026-09-20T16:18:34.6637564Z     20    │ - ····return·NextResponse.json(
Lint Code Base	Run Super-Linter	2026-09-20T16:18:34.6637831Z     21    │ - ······{·error:·parsed.error.issues[0]?.message·??·"Invalid·input"·},
Lint Code Base	Run Super-Linter	2026-09-20T16:18:34.6637973Z     22    │ - ······{·status:·400·},
Lint Code Base	Run Super-Linter	2026-09-20T16:18:34.6638086Z     23    │ - ····);
Lint Code Base	Run Super-Linter	2026-09-20T16:18:34.6638194Z     24    │ - ··}
Lint Code Base	Run Super-Linter	2026-09-20T16:18:34.6638453Z     25    │ - ··const·{·environmentName,·name,·email,·password·}·=·parsed.data;
Lint Code Base	Run Super-Linter	2026-09-20T16:18:34.6638651Z        17 │ + → const·body·=·await·req.json().catch(()·=>·null);
Lint Code Base	Run Super-Linter	2026-09-20T16:18:34.6638814Z        18 │ + → const·parsed·=·schema.safeParse(body);
Lint Code Base	Run Super-Linter	2026-09-20T16:18:34.6638951Z        19 │ + → if·(!parsed.success)·{
Lint Code Base	Run Super-Linter	2026-09-20T16:18:34.6639100Z        20 │ + → → return·NextResponse.json(
Lint Code Base	Run Super-Linter	2026-09-20T16:18:34.6639362Z        21 │ + → → → {·error:·parsed.error.issues[0]?.message·??·"Invalid·input"·},
Lint Code Base	Run Super-Linter	2026-09-20T16:18:34.6639492Z        22 │ + → → → {·status:·400·},
Lint Code Base	Run Super-Linter	2026-09-20T16:18:34.6639614Z        23 │ + → → );
Lint Code Base	Run Super-Linter	2026-09-20T16:18:34.6639835Z        24 │ + → }
Lint Code Base	Run Super-Linter	2026-09-20T16:18:34.6640244Z        25 │ + → const·{·environmentName,·name,·email,·password·}·=·parsed.data;
Lint Code Base	Run Super-Linter	2026-09-20T16:18:34.6640372Z     26 26 │   
Lint Code Base	Run Super-Linter	2026-09-20T16:18:34.6640566Z     27    │ - ··const·normalizedEmail·=·email.toLowerCase();
Lint Code Base	Run Super-Linter	2026-09-20T16:18:34.6640754Z        27 │ + → const·normalizedEmail·=·email.toLowerCase();
Lint Code Base	Run Super-Linter	2026-09-20T16:18:34.6640859Z     28 28 │   
Lint Code Base	Run Super-Linter	2026-09-20T16:18:34.6641062Z     29    │ - ··const·existing·=·await·prisma.user.findUnique({
Lint Code Base	Run Super-Linter	2026-09-20T16:18:34.6641256Z     30    │ - ····where:·{·email:·normalizedEmail·},
Lint Code Base	Run Super-Linter	2026-09-20T16:18:34.6641394Z     31    │ - ··});
Lint Code Base	Run Super-Linter	2026-09-20T16:18:34.6641577Z     32    │ - ··if·(existing)·{
Lint Code Base	Run Super-Linter	2026-09-20T16:18:34.6641762Z     33    │ - ····return·NextResponse.json(
Lint Code Base	Run Super-Linter	2026-09-20T16:18:34.6642026Z     34    │ - ······{·error:·"An·account·with·that·email·already·exists"·},
Lint Code Base	Run Super-Linter	2026-09-20T16:18:34.6642186Z     35    │ - ······{·status:·409·},
Lint Code Base	Run Super-Linter	2026-09-20T16:18:34.6642319Z     36    │ - ····);
Lint Code Base	Run Super-Linter	2026-09-20T16:18:34.6642427Z     37    │ - ··}
Lint Code Base	Run Super-Linter	2026-09-20T16:18:34.6642628Z        29 │ + → const·existing·=·await·prisma.user.findUnique({
Lint Code Base	Run Super-Linter	2026-09-20T16:18:34.6642813Z        30 │ + → → where:·{·email:·normalizedEmail·},
Lint Code Base	Run Super-Linter	2026-09-20T16:18:34.6642914Z        31 │ + → });
Lint Code Base	Run Super-Linter	2026-09-20T16:18:34.6643044Z        32 │ + → if·(existing)·{
Lint Code Base	Run Super-Linter	2026-09-20T16:18:34.6643180Z        33 │ + → → return·NextResponse.json(
Lint Code Base	Run Super-Linter	2026-09-20T16:18:34.6643432Z        34 │ + → → → {·error:·"An·account·with·that·email·already·exists"·},
Lint Code Base	Run Super-Linter	2026-09-20T16:18:34.6643564Z        35 │ + → → → {·status:·409·},
Lint Code Base	Run Super-Linter	2026-09-20T16:18:34.6643667Z        36 │ + → → );
Lint Code Base	Run Super-Linter	2026-09-20T16:18:34.6643774Z        37 │ + → }
Lint Code Base	Run Super-Linter	2026-09-20T16:18:34.6643875Z     38 38 │   
Lint Code Base	Run Super-Linter	2026-09-20T16:18:34.6644096Z     39    │ - ··const·passwordHash·=·await·hashPassword(password);
Lint Code Base	Run Super-Linter	2026-09-20T16:18:34.6644297Z        39 │ + → const·passwordHash·=·await·hashPassword(password);
Lint Code Base	Run Super-Linter	2026-09-20T16:18:34.6644405Z     40 40 │   
Lint Code Base	Run Super-Linter	2026-09-20T16:18:34.6644740Z     41    │ - ··const·{·environment,·masterUser·}·=·await·prisma.$transaction(async·(tx)·=>·{
Lint Code Base	Run Super-Linter	2026-09-20T16:18:34.6645056Z     42    │ - ····const·environment·=·await·tx.environment.create({
Lint Code Base	Run Super-Linter	2026-09-20T16:18:34.6645260Z     43    │ - ······data:·{
Lint Code Base	Run Super-Linter	2026-09-20T16:18:34.6645406Z     44    │ - ········name:·environmentName,
Lint Code Base	Run Super-Linter	2026-09-20T16:18:34.6645536Z     45    │ - ········users:·{
Lint Code Base	Run Super-Linter	2026-09-20T16:18:34.6645662Z     46    │ - ··········create:·{
Lint Code Base	Run Super-Linter	2026-09-20T16:18:34.6645790Z     47    │ - ············name,
Lint Code Base	Run Super-Linter	2026-09-20T16:18:34.6645948Z     48    │ - ············email:·normalizedEmail,
Lint Code Base	Run Super-Linter	2026-09-20T16:18:34.6646092Z     49    │ - ············passwordHash,
Lint Code Base	Run Super-Linter	2026-09-20T16:18:34.6646236Z     50    │ - ············role:·"MASTER",
Lint Code Base	Run Super-Linter	2026-09-20T16:18:34.6646353Z     51    │ - ··········},
Lint Code Base	Run Super-Linter	2026-09-20T16:18:34.6646477Z     52    │ - ········},
Lint Code Base	Run Super-Linter	2026-09-20T16:18:34.6646587Z     53    │ - ······},
Lint Code Base	Run Super-Linter	2026-09-20T16:18:34.6646740Z     54    │ - ······include:·{·users:·true·},
Lint Code Base	Run Super-Linter	2026-09-20T16:18:34.6646848Z     55    │ - ····});
Lint Code Base	Run Super-Linter	2026-09-20T16:18:34.6647182Z        41 │ + → const·{·environment,·masterUser·}·=·await·prisma.$transaction(async·(tx)·=>·{
Lint Code Base	Run Super-Linter	2026-09-20T16:18:34.6647422Z        42 │ + → → const·environment·=·await·tx.environment.create({
Lint Code Base	Run Super-Linter	2026-09-20T16:18:34.6647613Z        43 │ + → → → data:·{
Lint Code Base	Run Super-Linter	2026-09-20T16:18:34.6647800Z        44 │ + → → → → name:·environmentName,
Lint Code Base	Run Super-Linter	2026-09-20T16:18:34.6647954Z        45 │ + → → → → users:·{
Lint Code Base	Run Super-Linter	2026-09-20T16:18:34.6648095Z        46 │ + → → → → → create:·{
Lint Code Base	Run Super-Linter	2026-09-20T16:18:34.6648208Z        47 │ + → → → → → → name,
Lint Code Base	Run Super-Linter	2026-09-20T16:18:34.6648367Z        48 │ + → → → → → → email:·normalizedEmail,
Lint Code Base	Run Super-Linter	2026-09-20T16:18:34.6648500Z        49 │ + → → → → → → passwordHash,
Lint Code Base	Run Super-Linter	2026-09-20T16:18:34.6648627Z        50 │ + → → → → → → role:·"MASTER",
Lint Code Base	Run Super-Linter	2026-09-20T16:18:34.6648742Z        51 │ + → → → → → },
Lint Code Base	Run Super-Linter	2026-09-20T16:18:34.6648846Z        52 │ + → → → → },
Lint Code Base	Run Super-Linter	2026-09-20T16:18:34.6648953Z        53 │ + → → → },
Lint Code Base	Run Super-Linter	2026-09-20T16:18:34.6649092Z        54 │ + → → → include:·{·users:·true·},
Lint Code Base	Run Super-Linter	2026-09-20T16:18:34.6649199Z        55 │ + → → });
Lint Code Base	Run Super-Linter	2026-09-20T16:18:34.6649317Z     56 56 │   
Lint Code Base	Run Super-Linter	2026-09-20T16:18:34.6649508Z     57    │ - ····const·masterUser·=·environment.users[0];
Lint Code Base	Run Super-Linter	2026-09-20T16:18:34.6649687Z        57 │ + → → const·masterUser·=·environment.users[0];
Lint Code Base	Run Super-Linter	2026-09-20T16:18:34.6649958Z     58 58 │   
Lint Code Base	Run Super-Linter	2026-09-20T16:18:34.6650234Z     59    │ - ····await·tx.auditLog.create({
Lint Code Base	Run Super-Linter	2026-09-20T16:18:34.6650353Z     60    │ - ······data:·{
Lint Code Base	Run Super-Linter	2026-09-20T16:18:34.6650525Z     61    │ - ········environmentId:·environment.id,
Lint Code Base	Run Super-Linter	2026-09-20T16:18:34.6650666Z     62    │ - ········userId:·masterUser.id,
Lint Code Base	Run Super-Linter	2026-09-20T16:18:34.6650910Z     63    │ - ········action:·`Environment·"${environment.name}"·created`,
Lint Code Base	Run Super-Linter	2026-09-20T16:18:34.6651168Z     64    │ - ········reason:·`${masterUser.name}·signed·up·as·master·account`,
Lint Code Base	Run Super-Linter	2026-09-20T16:18:34.6651276Z     65    │ - ······},
Lint Code Base	Run Super-Linter	2026-09-20T16:18:34.6651395Z     66    │ - ····});
Lint Code Base	Run Super-Linter	2026-09-20T16:18:34.6651532Z        59 │ + → → await·tx.auditLog.create({
Lint Code Base	Run Super-Linter	2026-09-20T16:18:34.6651651Z        60 │ + → → → data:·{
Lint Code Base	Run Super-Linter	2026-09-20T16:18:34.6651901Z        61 │ + → → → → environmentId:·environment.id,
Lint Code Base	Run Super-Linter	2026-09-20T16:18:34.6652042Z        62 │ + → → → → userId:·masterUser.id,
Lint Code Base	Run Super-Linter	2026-09-20T16:18:34.6652253Z        63 │ + → → → → action:·`Environment·"${environment.name}"·created`,
Lint Code Base	Run Super-Linter	2026-09-20T16:18:34.6652582Z        64 │ + → → → → reason:·`${masterUser.name}·signed·up·as·master·account`,
Lint Code Base	Run Super-Linter	2026-09-20T16:18:34.6652692Z        65 │ + → → → },
Lint Code Base	Run Super-Linter	2026-09-20T16:18:34.6652793Z        66 │ + → → });
Lint Code Base	Run Super-Linter	2026-09-20T16:18:34.6652895Z     67 67 │   
Lint Code Base	Run Super-Linter	2026-09-20T16:18:34.6653065Z     68    │ - ····return·{·environment,·masterUser·};
Lint Code Base	Run Super-Linter	2026-09-20T16:18:34.6653176Z     69    │ - ··});
Lint Code Base	Run Super-Linter	2026-09-20T16:18:34.6653340Z        68 │ + → → return·{·environment,·masterUser·};
Lint Code Base	Run Super-Linter	2026-09-20T16:18:34.6653444Z        69 │ + → });
Lint Code Base	Run Super-Linter	2026-09-20T16:18:34.6653545Z     70 70 │   
Lint Code Base	Run Super-Linter	2026-09-20T16:18:34.6653700Z     71    │ - ··const·token·=·await·signSession({
Lint Code Base	Run Super-Linter	2026-09-20T16:18:34.6653839Z     72    │ - ····userId:·masterUser.id,
Lint Code Base	Run Super-Linter	2026-09-20T16:18:34.6653991Z     73    │ - ····environmentId:·environment.id,
Lint Code Base	Run Super-Linter	2026-09-20T16:18:34.6654149Z     74    │ - ····role:·masterUser.role,
Lint Code Base	Run Super-Linter	2026-09-20T16:18:34.6654248Z     75    │ - ··});
Lint Code Base	Run Super-Linter	2026-09-20T16:18:34.6654405Z        71 │ + → const·token·=·await·signSession({
Lint Code Base	Run Super-Linter	2026-09-20T16:18:34.6654554Z        72 │ + → → userId:·masterUser.id,
Lint Code Base	Run Super-Linter	2026-09-20T16:18:34.6654698Z        73 │ + → → environmentId:·environment.id,
Lint Code Base	Run Super-Linter	2026-09-20T16:18:34.6654837Z        74 │ + → → role:·masterUser.role,
Lint Code Base	Run Super-Linter	2026-09-20T16:18:34.6654933Z        75 │ + → });
Lint Code Base	Run Super-Linter	2026-09-20T16:18:34.6655036Z     76 76 │   
Lint Code Base	Run Super-Linter	2026-09-20T16:18:34.6655224Z     77    │ - ··const·res·=·NextResponse.json({·ok:·true·});
Lint Code Base	Run Super-Linter	2026-09-20T16:18:34.6655406Z     78    │ - ··res.cookies.set(SESSION_COOKIE,·token,·{
Lint Code Base	Run Super-Linter	2026-09-20T16:18:34.6655531Z     79    │ - ····httpOnly:·true,
Lint Code Base	Run Super-Linter	2026-09-20T16:18:34.6655669Z     80    │ - ····sameSite:·"lax",
Lint Code Base	Run Super-Linter	2026-09-20T16:18:34.6655870Z     81    │ - ····secure:·process.env.NODE_ENV·===·"production",
Lint Code Base	Run Super-Linter	2026-09-20T16:18:34.6655994Z     82    │ - ····path:·"/",
Lint Code Base	Run Super-Linter	2026-09-20T16:18:34.6656142Z     83    │ - ····maxAge:·60·*·60·*·24·*·7,
Lint Code Base	Run Super-Linter	2026-09-20T16:18:34.6656261Z     84    │ - ··});
Lint Code Base	Run Super-Linter	2026-09-20T16:18:34.6656383Z     85    │ - ··return·res;
Lint Code Base	Run Super-Linter	2026-09-20T16:18:34.6656566Z        77 │ + → const·res·=·NextResponse.json({·ok:·true·});
Lint Code Base	Run Super-Linter	2026-09-20T16:18:34.6656756Z        78 │ + → res.cookies.set(SESSION_COOKIE,·token,·{
Lint Code Base	Run Super-Linter	2026-09-20T16:18:34.6656946Z        79 │ + → → httpOnly:·true,
Lint Code Base	Run Super-Linter	2026-09-20T16:18:34.6657124Z        80 │ + → → sameSite:·"lax",
Lint Code Base	Run Super-Linter	2026-09-20T16:18:34.6657391Z        81 │ + → → secure:·process.env.NODE_ENV·===·"production",
Lint Code Base	Run Super-Linter	2026-09-20T16:18:34.6657513Z        82 │ + → → path:·"/",
Lint Code Base	Run Super-Linter	2026-09-20T16:18:34.6657657Z        83 │ + → → maxAge:·60·*·60·*·24·*·7,
Lint Code Base	Run Super-Linter	2026-09-20T16:18:34.6657756Z        84 │ + → });
Lint Code Base	Run Super-Linter	2026-09-20T16:18:34.6657874Z        85 │ + → return·res;
Lint Code Base	Run Super-Linter	2026-09-20T16:18:34.6657971Z     86 86 │   }
Lint Code Base	Run Super-Linter	2026-09-20T16:18:34.6658073Z     87 87 │   
Lint Code Base	Run Super-Linter	2026-09-20T16:18:34.6658154Z   
Lint Code Base	Run Super-Linter	2026-09-20T16:18:34.6658160Z 
Lint Code Base	Run Super-Linter	2026-09-20T16:18:34.6658498Z package.json format ━━━━━━━━━━━━━━━━━━━━━━━━━━━━━━━━━━━━━━━━━━━━━━━━━━━━━━━━━━━━━━━━━━━━━━━━━━━━━━━━
Lint Code Base	Run Super-Linter	2026-09-20T16:18:34.6658522Z 
Lint Code Base	Run Super-Linter	2026-09-20T16:18:34.6658703Z   × Formatter would have printed the following content:
Lint Code Base	Run Super-Linter	2026-09-20T16:18:34.6658778Z   
Lint Code Base	Run Super-Linter	2026-09-20T16:18:34.6658896Z      1  1 │   {
Lint Code Base	Run Super-Linter	2026-09-20T16:18:34.6659052Z      2    │ - ··"name":·"ghost-invoice-hunter",
Lint Code Base	Run Super-Linter	2026-09-20T16:18:34.6659193Z      3    │ - ··"version":·"0.1.0",
Lint Code Base	Run Super-Linter	2026-09-20T16:18:34.6659326Z      4    │ - ··"private":·true,
Lint Code Base	Run Super-Linter	2026-09-20T16:18:34.6659443Z      5    │ - ··"scripts":·{
Lint Code Base	Run Super-Linter	2026-09-20T16:18:34.6659579Z      6    │ - ····"dev":·"next·dev",
Lint Code Base	Run Super-Linter	2026-09-20T16:18:34.6659956Z      7    │ - ····"build":·"next·build",
Lint Code Base	Run Super-Linter	2026-09-20T16:18:34.6660159Z      8    │ - ····"start":·"next·start",
Lint Code Base	Run Super-Linter	2026-09-20T16:18:34.6660428Z      9    │ - ····"postinstall":·"prisma·generate",
Lint Code Base	Run Super-Linter	2026-09-20T16:18:34.6660634Z     10    │ - ····"db:push":·"prisma·db·push",
Lint Code Base	Run Super-Linter	2026-09-20T16:18:34.6660794Z     11    │ - ····"db:seed":·"tsx·prisma/seed.ts"
Lint Code Base	Run Super-Linter	2026-09-20T16:18:34.6660900Z     12    │ - ··},
Lint Code Base	Run Super-Linter	2026-09-20T16:18:34.6661031Z     13    │ - ··"dependencies":·{
Lint Code Base	Run Super-Linter	2026-09-20T16:18:34.6661312Z     14    │ - ····"@prisma/client":·"^5.20.0",
Lint Code Base	Run Super-Linter	2026-09-20T16:18:34.6661458Z     15    │ - ····"bcryptjs":·"^2.4.3",
Lint Code Base	Run Super-Linter	2026-09-20T16:18:34.6661586Z     16    │ - ····"jose":·"^5.9.6",
Lint Code Base	Run Super-Linter	2026-09-20T16:18:34.6661818Z     17    │ - ····"lucide-react":·"^0.446.0",
Lint Code Base	Run Super-Linter	2026-09-20T16:18:34.6661958Z     18    │ - ····"next":·"^16.3.4",
Lint Code Base	Run Super-Linter	2026-09-20T16:18:34.6662096Z     19    │ - ····"next-themes":·"^0.3.0",
Lint Code Base	Run Super-Linter	2026-09-20T16:18:34.6662232Z     20    │ - ····"react":·"^19.0.0",
Lint Code Base	Run Super-Linter	2026-09-20T16:18:34.6662367Z     21    │ - ····"react-dom":·"^19.0.0",
Lint Code Base	Run Super-Linter	2026-09-20T16:18:34.6662501Z     22    │ - ····"xlsx":·"^0.18.5",
Lint Code Base	Run Super-Linter	2026-09-20T16:18:34.6662622Z     23    │ - ····"zod":·"^3.23.8"
Lint Code Base	Run Super-Linter	2026-09-20T16:18:34.6662733Z     24    │ - ··},
Lint Code Base	Run Super-Linter	2026-09-20T16:18:34.6662858Z     25    │ - ··"devDependencies":·{
Lint Code Base	Run Super-Linter	2026-09-20T16:18:34.6663022Z     26    │ - ····"@tailwindcss/postcss":·"^4.0.0",
Lint Code Base	Run Super-Linter	2026-09-20T16:18:34.6663172Z     27    │ - ····"@types/bcryptjs":·"^2.4.6",
Lint Code Base	Run Super-Linter	2026-09-20T16:18:34.6663313Z     28    │ - ····"@types/node":·"^20.16.10",
Lint Code Base	Run Super-Linter	2026-09-20T16:18:34.6663472Z     29    │ - ····"@types/react":·"^19.0.0",
Lint Code Base	Run Super-Linter	2026-09-20T16:18:34.6663620Z     30    │ - ····"@types/react-dom":·"^19.0.0",
Lint Code Base	Run Super-Linter	2026-09-20T16:18:34.6663768Z     31    │ - ····"prisma":·"^5.20.0",
Lint Code Base	Run Super-Linter	2026-09-20T16:18:34.6663903Z     32    │ - ····"tailwindcss":·"^4.0.0",
Lint Code Base	Run Super-Linter	2026-09-20T16:18:34.6664035Z     33    │ - ····"tsx":·"^4.19.1",
Lint Code Base	Run Super-Linter	2026-09-20T16:18:34.6664173Z     34    │ - ····"typescript":·"^5.6.2"
Lint Code Base	Run Super-Linter	2026-09-20T16:18:34.6664276Z     35    │ - ··}
Lint Code Base	Run Super-Linter	2026-09-20T16:18:34.6664433Z         2 │ + → "name":·"ghost-invoice-hunter",
Lint Code Base	Run Super-Linter	2026-09-20T16:18:34.6664555Z         3 │ + → "version":·"0.1.0",
Lint Code Base	Run Super-Linter	2026-09-20T16:18:34.6664685Z         4 │ + → "private":·true,
Lint Code Base	Run Super-Linter	2026-09-20T16:18:34.6664800Z         5 │ + → "scripts":·{
Lint Code Base	Run Super-Linter	2026-09-20T16:18:34.6664930Z         6 │ + → → "dev":·"next·dev",
Lint Code Base	Run Super-Linter	2026-09-20T16:18:34.6665059Z         7 │ + → → "build":·"next·build",
Lint Code Base	Run Super-Linter	2026-09-20T16:18:34.6665191Z         8 │ + → → "start":·"next·start",
Lint Code Base	Run Super-Linter	2026-09-20T16:18:34.6665351Z         9 │ + → → "postinstall":·"prisma·generate",
Lint Code Base	Run Super-Linter	2026-09-20T16:18:34.6665518Z        10 │ + → → "db:push":·"prisma·db·push",
Lint Code Base	Run Super-Linter	2026-09-20T16:18:34.6665674Z        11 │ + → → "db:seed":·"tsx·prisma/seed.ts"
Lint Code Base	Run Super-Linter	2026-09-20T16:18:34.6665787Z        12 │ + → },
Lint Code Base	Run Super-Linter	2026-09-20T16:18:34.6665912Z        13 │ + → "dependencies":·{
Lint Code Base	Run Super-Linter	2026-09-20T16:18:34.6666052Z        14 │ + → → "@prisma/client":·"^5.20.0",
Lint Code Base	Run Super-Linter	2026-09-20T16:18:34.6666184Z        15 │ + → → "bcryptjs":·"^2.4.3",
Lint Code Base	Run Super-Linter	2026-09-20T16:18:34.6666307Z        16 │ + → → "jose":·"^5.9.6",
Lint Code Base	Run Super-Linter	2026-09-20T16:18:34.6666440Z        17 │ + → → "lucide-react":·"^0.446.0",
Lint Code Base	Run Super-Linter	2026-09-20T16:18:34.6666563Z        18 │ + → → "next":·"^16.3.4",
Lint Code Base	Run Super-Linter	2026-09-20T16:18:34.6666689Z        19 │ + → → "next-themes":·"^0.3.0",
Lint Code Base	Run Super-Linter	2026-09-20T16:18:34.6666819Z        20 │ + → → "react":·"^19.0.0",
Lint Code Base	Run Super-Linter	2026-09-20T16:18:34.6666950Z        21 │ + → → "react-dom":·"^19.0.0",
Lint Code Base	Run Super-Linter	2026-09-20T16:18:34.6667075Z        22 │ + → → "xlsx":·"^0.18.5",
Lint Code Base	Run Super-Linter	2026-09-20T16:18:34.6667192Z        23 │ + → → "zod":·"^3.23.8"
Lint Code Base	Run Super-Linter	2026-09-20T16:18:34.6667296Z        24 │ + → },
Lint Code Base	Run Super-Linter	2026-09-20T16:18:34.6667584Z        25 │ + → "devDependencies":·{
Lint Code Base	Run Super-Linter	2026-09-20T16:18:34.6667880Z        26 │ + → → "@tailwindcss/postcss":·"^4.0.0",
Lint Code Base	Run Super-Linter	2026-09-20T16:18:34.6668140Z        27 │ + → → "@types/bcryptjs":·"^2.4.6",
Lint Code Base	Run Super-Linter	2026-09-20T16:18:34.6668451Z        28 │ + → → "@types/node":·"^20.16.10",
Lint Code Base	Run Super-Linter	2026-09-20T16:18:34.6668664Z        29 │ + → → "@types/react":·"^19.0.0",
Lint Code Base	Run Super-Linter	2026-09-20T16:18:34.6668807Z        30 │ + → → "@types/react-dom":·"^19.0.0",
Lint Code Base	Run Super-Linter	2026-09-20T16:18:34.6668939Z        31 │ + → → "prisma":·"^5.20.0",
Lint Code Base	Run Super-Linter	2026-09-20T16:18:34.6669076Z        32 │ + → → "tailwindcss":·"^4.0.0",
Lint Code Base	Run Super-Linter	2026-09-20T16:18:34.6669196Z        33 │ + → → "tsx":·"^4.19.1",
Lint Code Base	Run Super-Linter	2026-09-20T16:18:34.6669326Z        34 │ + → → "typescript":·"^5.6.2"
Lint Code Base	Run Super-Linter	2026-09-20T16:18:34.6669421Z        35 │ + → }
Lint Code Base	Run Super-Linter	2026-09-20T16:18:34.6669526Z     36 36 │   }
Lint Code Base	Run Super-Linter	2026-09-20T16:18:34.6669619Z     37 37 │   
Lint Code Base	Run Super-Linter	2026-09-20T16:18:34.6669698Z   
Lint Code Base	Run Super-Linter	2026-09-20T16:18:34.6669704Z 
Lint Code Base	Run Super-Linter	2026-09-20T16:18:34.6670291Z scripts/.github-monitor-state.json format ━━━━━━━━━━━━━━━━━━━━━━━━━━━━━━━━━━━━━━━━━━━━━━━━━━━━━━━━━━
Lint Code Base	Run Super-Linter	2026-09-20T16:18:34.6670320Z 
Lint Code Base	Run Super-Linter	2026-09-20T16:18:34.6670497Z   × Formatter would have printed the following content:
Lint Code Base	Run Super-Linter	2026-09-20T16:18:34.6670576Z   
Lint Code Base	Run Super-Linter	2026-09-20T16:18:34.6670689Z     1 1 │   {
Lint Code Base	Run Super-Linter	2026-09-20T16:18:34.6670823Z     2   │ - ··"reportedRuns":·[
Lint Code Base	Run Super-Linter	2026-09-20T16:18:34.6671072Z     3   │ - ····35498737211,·35498735267,·35498735264,·35465944811,·35465944799,
Lint Code Base	Run Super-Linter	2026-09-20T16:18:34.6671315Z     4   │ - ····35502575215,·35502575211,·35502575187,·35502573322,·35502573318,
Lint Code Base	Run Super-Linter	2026-09-20T16:18:34.6671482Z     5   │ - ····35503403728,·35503403733,·35503400943
Lint Code Base	Run Super-Linter	2026-09-20T16:18:34.6671587Z     6   │ - ··],
Lint Code Base	Run Super-Linter	2026-09-20T16:18:34.6671723Z     7   │ - ··"reportedComments":·[]
Lint Code Base	Run Super-Linter	2026-09-20T16:18:34.6671842Z       2 │ + → "reportedRuns":·[
Lint Code Base	Run Super-Linter	2026-09-20T16:18:34.6672111Z       3 │ + → → 35498737211,·35498735267,·35498735264,·35465944811,·35465944799,
Lint Code Base	Run Super-Linter	2026-09-20T16:18:34.6672397Z       4 │ + → → 35502575215,·35502575211,·35502575187,·35502573322,·35502573318,
Lint Code Base	Run Super-Linter	2026-09-20T16:18:34.6672596Z       5 │ + → → 35503403728,·35503403733,·35503400943
Lint Code Base	Run Super-Linter	2026-09-20T16:18:34.6672718Z       6 │ + → ],
Lint Code Base	Run Super-Linter	2026-09-20T16:18:34.6672846Z       7 │ + → "reportedComments":·[]
Lint Code Base	Run Super-Linter	2026-09-20T16:18:34.6672948Z     8 8 │   }
Lint Code Base	Run Super-Linter	2026-09-20T16:18:34.6673052Z     9 9 │   
Lint Code Base	Run Super-Linter	2026-09-20T16:18:34.6673136Z   
Lint Code Base	Run Super-Linter	2026-09-20T16:18:34.6673142Z 
Lint Code Base	Run Super-Linter	2026-09-20T16:18:34.6673489Z scripts/github-monitor.js format ━━━━━━━━━━━━━━━━━━━━━━━━━━━━━━━━━━━━━━━━━━━━━━━━━━━━━━━━━━━━━━━━━━━
Lint Code Base	Run Super-Linter	2026-09-20T16:18:34.6673496Z 
Lint Code Base	Run Super-Linter	2026-09-20T16:18:34.6673676Z   × Formatter would have printed the following content:
Lint Code Base	Run Super-Linter	2026-09-20T16:18:34.6673756Z   
Lint Code Base	Run Super-Linter	2026-09-20T16:18:34.6673854Z       9   9 │   
Lint Code Base	Run Super-Linter	2026-09-20T16:18:34.6673976Z      10  10 │   let state = {
Lint Code Base	Run Super-Linter	2026-09-20T16:18:34.6674234Z      11     │ - ··reportedRuns:·{},·//·Map·of·runId·to·last·alerted·timestamp
Lint Code Base	Run Super-Linter	2026-09-20T16:18:34.6674515Z      12     │ - ··reportedComments:·{},·//·Map·of·commentId·to·last·alerted·timestamp
Lint Code Base	Run Super-Linter	2026-09-20T16:18:34.6674750Z          11 │ + → reportedRuns:·{},·//·Map·of·runId·to·last·alerted·timestamp
Lint Code Base	Run Super-Linter	2026-09-20T16:18:34.6675016Z          12 │ + → reportedComments:·{},·//·Map·of·commentId·to·last·alerted·timestamp
Lint Code Base	Run Super-Linter	2026-09-20T16:18:34.6675144Z      13  13 │   };
Lint Code Base	Run Super-Linter	2026-09-20T16:18:34.6675239Z      14  14 │   
Lint Code Base	Run Super-Linter	2026-09-20T16:18:34.6675389Z      15  15 │   // Load previous state
Lint Code Base	Run Super-Linter	2026-09-20T16:18:34.6675539Z      16  16 │   if (fs.existsSync(STATE_FILE)) {
Lint Code Base	Run Super-Linter	2026-09-20T16:18:34.6675654Z      17     │ - ··try·{
Lint Code Base	Run Super-Linter	2026-09-20T16:18:34.6675944Z      18     │ - ····const·loadedState·=·JSON.parse(fs.readFileSync(STATE_FILE,·"utf8"));
Lint Code Base	Run Super-Linter	2026-09-20T16:18:34.6676156Z      19     │ - ····if·(Array.isArray(loadedState.reportedRuns))·{
Lint Code Base	Run Super-Linter	2026-09-20T16:18:34.6676488Z      20     │ - ······loadedState.reportedRuns.forEach(id·=>·state.reportedRuns[id]·=·Date.now());
Lint Code Base	Run Super-Linter	2026-09-20T16:18:34.6676851Z      21     │ - ······loadedState.reportedComments.forEach(id·=>·state.reportedComments[id]·=·Date.now());
Lint Code Base	Run Super-Linter	2026-09-20T16:18:34.6676977Z      22     │ - ····}·else·{
Lint Code Base	Run Super-Linter	2026-09-20T16:18:34.6677120Z      23     │ - ······state·=·loadedState;
Lint Code Base	Run Super-Linter	2026-09-20T16:18:34.6677237Z      24     │ - ····}
Lint Code Base	Run Super-Linter	2026-09-20T16:18:34.6677496Z      25     │ - ··}·catch·(e)·{
Lint Code Base	Run Super-Linter	2026-09-20T16:18:34.6677624Z      26     │ - ····//·ignore
Lint Code Base	Run Super-Linter	2026-09-20T16:18:34.6677728Z      27     │ - ··}
Lint Code Base	Run Super-Linter	2026-09-20T16:18:34.6677916Z          17 │ + → try·{
Lint Code Base	Run Super-Linter	2026-09-20T16:18:34.6678264Z          18 │ + → → const·loadedState·=·JSON.parse(fs.readFileSync(STATE_FILE,·"utf8"));
Lint Code Base	Run Super-Linter	2026-09-20T16:18:34.6678529Z          19 │ + → → if·(Array.isArray(loadedState.reportedRuns))·{
Lint Code Base	Run Super-Linter	2026-09-20T16:18:34.6678763Z          20 │ + → → → loadedState.reportedRuns.forEach(
Lint Code Base	Run Super-Linter	2026-09-20T16:18:34.6678961Z          21 │ + → → → → (id)·=>·(state.reportedRuns[id]·=·Date.now()),
Lint Code Base	Run Super-Linter	2026-09-20T16:18:34.6679082Z          22 │ + → → → );
Lint Code Base	Run Super-Linter	2026-09-20T16:18:34.6679262Z          23 │ + → → → loadedState.reportedComments.forEach(
Lint Code Base	Run Super-Linter	2026-09-20T16:18:34.6679476Z          24 │ + → → → → (id)·=>·(state.reportedComments[id]·=·Date.now()),
Lint Code Base	Run Super-Linter	2026-09-20T16:18:34.6679596Z          25 │ + → → → );
Lint Code Base	Run Super-Linter	2026-09-20T16:18:34.6679794Z          26 │ + → → }·else·{
Lint Code Base	Run Super-Linter	2026-09-20T16:18:34.6679944Z          27 │ + → → → state·=·loadedState;
Lint Code Base	Run Super-Linter	2026-09-20T16:18:34.6680072Z          28 │ + → → }
Lint Code Base	Run Super-Linter	2026-09-20T16:18:34.6680201Z          29 │ + → }·catch·(e)·{
Lint Code Base	Run Super-Linter	2026-09-20T16:18:34.6680317Z          30 │ + → → //·ignore
Lint Code Base	Run Super-Linter	2026-09-20T16:18:34.6680443Z          31 │ + → }
Lint Code Base	Run Super-Linter	2026-09-20T16:18:34.6680566Z      28  32 │   }
Lint Code Base	Run Super-Linter	2026-09-20T16:18:34.6680671Z      29  33 │   
Lint Code Base	Run Super-Linter	2026-09-20T16:18:34.6680818Z      30  34 │   function saveState() {
Lint Code Base	Run Super-Linter	2026-09-20T16:18:34.6681072Z      31     │ - ··fs.writeFileSync(STATE_FILE,·JSON.stringify(state,·null,·2));
Lint Code Base	Run Super-Linter	2026-09-20T16:18:34.6681327Z          35 │ + → fs.writeFileSync(STATE_FILE,·JSON.stringify(state,·null,·2));
Lint Code Base	Run Super-Linter	2026-09-20T16:18:34.6681433Z      32  36 │   }
Lint Code Base	Run Super-Linter	2026-09-20T16:18:34.6681548Z      33  37 │   
Lint Code Base	Run Super-Linter	2026-09-20T16:18:34.6681685Z      34  38 │   function checkGitHub() {
Lint Code Base	Run Super-Linter	2026-09-20T16:18:34.6681816Z      35     │ - ··try·{
Lint Code Base	Run Super-Linter	2026-09-20T16:18:34.6681977Z      36     │ - ····const·now·=·Date.now();
Lint Code Base	Run Super-Linter	2026-09-20T16:18:34.6682126Z      37     │ - ····let·alertsThisTick·=·0;
Lint Code Base	Run Super-Linter	2026-09-20T16:18:34.6682266Z          39 │ + → try·{
Lint Code Base	Run Super-Linter	2026-09-20T16:18:34.6682403Z          40 │ + → → const·now·=·Date.now();
Lint Code Base	Run Super-Linter	2026-09-20T16:18:34.6682554Z          41 │ + → → let·alertsThisTick·=·0;
Lint Code Base	Run Super-Linter	2026-09-20T16:18:34.6682669Z      38  42 │   
Lint Code Base	Run Super-Linter	2026-09-20T16:18:34.6682862Z      39     │ - ····//·1.·Check·for·failed·workflow·runs
Lint Code Base	Run Super-Linter	2026-09-20T16:18:34.6683027Z      40     │ - ····const·runsOutput·=·execSync(
Lint Code Base	Run Super-Linter	2026-09-20T16:18:34.6683400Z      41     │ - ······"gh·run·list·--limit·15·--json·databaseId,status,conclusion,name,url,headBranch",
Lint Code Base	Run Super-Linter	2026-09-20T16:18:34.6683549Z      42     │ - ······{·encoding:·"utf8"·}
Lint Code Base	Run Super-Linter	2026-09-20T16:18:34.6683667Z      43     │ - ····);
Lint Code Base	Run Super-Linter	2026-09-20T16:18:34.6683860Z      44     │ - ····const·runs·=·JSON.parse(runsOutput);
Lint Code Base	Run Super-Linter	2026-09-20T16:18:34.6684032Z          43 │ + → → //·1.·Check·for·failed·workflow·runs
Lint Code Base	Run Super-Linter	2026-09-20T16:18:34.6684189Z          44 │ + → → const·runsOutput·=·execSync(
Lint Code Base	Run Super-Linter	2026-09-20T16:18:34.6684556Z          45 │ + → → → "gh·run·list·--limit·15·--json·databaseId,status,conclusion,name,url,headBranch",
Lint Code Base	Run Super-Linter	2026-09-20T16:18:34.6684804Z          46 │ + → → → {·encoding:·"utf8"·},
Lint Code Base	Run Super-Linter	2026-09-20T16:18:34.6684913Z          47 │ + → → );
Lint Code Base	Run Super-Linter	2026-09-20T16:18:34.6685080Z          48 │ + → → const·runs·=·JSON.parse(runsOutput);
Lint Code Base	Run Super-Linter	2026-09-20T16:18:34.6685254Z      45  49 │   
Lint Code Base	Run Super-Linter	2026-09-20T16:18:34.6685397Z      46     │ - ····const·latestRuns·=·{};
Lint Code Base	Run Super-Linter	2026-09-20T16:18:34.6685560Z      47     │ - ····for·(const·run·of·runs)·{
Lint Code Base	Run Super-Linter	2026-09-20T16:18:34.6685723Z      48     │ - ······if·(!latestRuns[run.name])·{
Lint Code Base	Run Super-Linter	2026-09-20T16:18:34.6685878Z      49     │ - ········latestRuns[run.name]·=·run;
Lint Code Base	Run Super-Linter	2026-09-20T16:18:34.6686000Z      50     │ - ······}
Lint Code Base	Run Super-Linter	2026-09-20T16:18:34.6686106Z      51     │ - ····}
Lint Code Base	Run Super-Linter	2026-09-20T16:18:34.6686248Z          50 │ + → → const·latestRuns·=·{};
Lint Code Base	Run Super-Linter	2026-09-20T16:18:34.6686390Z          51 │ + → → for·(const·run·of·runs)·{
Lint Code Base	Run Super-Linter	2026-09-20T16:18:34.6686546Z          52 │ + → → → if·(!latestRuns[run.name])·{
Lint Code Base	Run Super-Linter	2026-09-20T16:18:34.6686698Z          53 │ + → → → → latestRuns[run.name]·=·run;
Lint Code Base	Run Super-Linter	2026-09-20T16:18:34.6686811Z          54 │ + → → → }
Lint Code Base	Run Super-Linter	2026-09-20T16:18:34.6686943Z          55 │ + → → }
Lint Code Base	Run Super-Linter	2026-09-20T16:18:34.6687043Z      52  56 │   
Lint Code Base	Run Super-Linter	2026-09-20T16:18:34.6687244Z      53     │ - ····for·(const·workflowName·in·latestRuns)·{
Lint Code Base	Run Super-Linter	2026-09-20T16:18:34.6687482Z      54     │ - ······if·(alertsThisTick·>=·MAX_ALERTS_PER_TICK)·break;
Lint Code Base	Run Super-Linter	2026-09-20T16:18:34.6687668Z          57 │ + → → for·(const·workflowName·in·latestRuns)·{
Lint Code Base	Run Super-Linter	2026-09-20T16:18:34.6687873Z          58 │ + → → → if·(alertsThisTick·>=·MAX_ALERTS_PER_TICK)·break;
Lint Code Base	Run Super-Linter	2026-09-20T16:18:34.6687978Z      55  59 │   
Lint Code Base	Run Super-Linter	2026-09-20T16:18:34.6688163Z      56     │ - ······const·run·=·latestRuns[workflowName];
Lint Code Base	Run Super-Linter	2026-09-20T16:18:34.6688436Z      57     │ - ······if·(run.status·===·"completed"·&&·run.conclusion·===·"failure")·{
Lint Code Base	Run Super-Linter	2026-09-20T16:18:34.6688719Z      58     │ - ········const·lastAlerted·=·state.reportedRuns[run.databaseId]·||·0;
Lint Code Base	Run Super-Linter	2026-09-20T16:18:34.6688836Z      59     │ - ········
Lint Code Base	Run Super-Linter	2026-09-20T16:18:34.6689059Z      60     │ - ········if·(now·-·lastAlerted·>·REALERT_INTERVAL_MS)·{
Lint Code Base	Run Super-Linter	2026-09-20T16:18:34.6689219Z      61     │ - ··········console.log(
Lint Code Base	Run Super-Linter	2026-09-20T16:18:34.6689347Z      62     │ - ············`
Lint Code Base	Run Super-Linter	2026-09-20T16:18:34.6689534Z 🚨·HIGH·PRIORITY·ALERT:·Workflow·Failed!·🚨
Lint Code Base	Run Super-Linter	2026-09-20T16:18:34.6689664Z Workflow:·${run.name}
Lint Code Base	Run Super-Linter	2026-09-20T16:18:34.6689868Z Branch:·${run.headBranch}
Lint Code Base	Run Super-Linter	2026-09-20T16:18:34.6689971Z URL:·${run.url}
Lint Code Base	Run Super-Linter	2026-09-20T16:18:34.6690428Z Agent:·Please·fetch·the·logs·for·this·run,·identify·the·issue,·and·apply·a·fix.`
Lint Code Base	Run Super-Linter	2026-09-20T16:18:34.6690555Z      63     │ - ··········);
Lint Code Base	Run Super-Linter	2026-09-20T16:18:34.6690766Z      64     │ - ··········state.reportedRuns[run.databaseId]·=·now;
Lint Code Base	Run Super-Linter	2026-09-20T16:18:34.6690906Z      65     │ - ··········saveState();
Lint Code Base	Run Super-Linter	2026-09-20T16:18:34.6691047Z      66     │ - ··········alertsThisTick++;
Lint Code Base	Run Super-Linter	2026-09-20T16:18:34.6691165Z      67     │ - ········}
Lint Code Base	Run Super-Linter	2026-09-20T16:18:34.6691275Z      68     │ - ······}
Lint Code Base	Run Super-Linter	2026-09-20T16:18:34.6691386Z      69     │ - ····}
Lint Code Base	Run Super-Linter	2026-09-20T16:18:34.6691557Z          60 │ + → → → const·run·=·latestRuns[workflowName];
Lint Code Base	Run Super-Linter	2026-09-20T16:18:34.6691821Z          61 │ + → → → if·(run.status·===·"completed"·&&·run.conclusion·===·"failure")·{
Lint Code Base	Run Super-Linter	2026-09-20T16:18:34.6692097Z          62 │ + → → → → const·lastAlerted·=·state.reportedRuns[run.databaseId]·||·0;
Lint Code Base	Run Super-Linter	2026-09-20T16:18:34.6692219Z          63 │ + 
Lint Code Base	Run Super-Linter	2026-09-20T16:18:34.6692427Z          64 │ + → → → → if·(now·-·lastAlerted·>·REALERT_INTERVAL_MS)·{
Lint Code Base	Run Super-Linter	2026-09-20T16:18:34.6692553Z          65 │ + → → → → → console.log(
Lint Code Base	Run Super-Linter	2026-09-20T16:18:34.6692668Z          66 │ + → → → → → → `
Lint Code Base	Run Super-Linter	2026-09-20T16:18:34.6692822Z 🚨·HIGH·PRIORITY·ALERT:·Workflow·Failed!·🚨
Lint Code Base	Run Super-Linter	2026-09-20T16:18:34.6692936Z Workflow:·${run.name}
Lint Code Base	Run Super-Linter	2026-09-20T16:18:34.6693053Z Branch:·${run.headBranch}
Lint Code Base	Run Super-Linter	2026-09-20T16:18:34.6693159Z URL:·${run.url}
Lint Code Base	Run Super-Linter	2026-09-20T16:18:34.6693459Z Agent:·Please·fetch·the·logs·for·this·run,·identify·the·issue,·and·apply·a·fix.`,
Lint Code Base	Run Super-Linter	2026-09-20T16:18:34.6693571Z          67 │ + → → → → → );
Lint Code Base	Run Super-Linter	2026-09-20T16:18:34.6693766Z          68 │ + → → → → → state.reportedRuns[run.databaseId]·=·now;
Lint Code Base	Run Super-Linter	2026-09-20T16:18:34.6693887Z          69 │ + → → → → → saveState();
Lint Code Base	Run Super-Linter	2026-09-20T16:18:34.6694140Z          70 │ + → → → → → alertsThisTick++;
Lint Code Base	Run Super-Linter	2026-09-20T16:18:34.6694243Z          71 │ + → → → → }
Lint Code Base	Run Super-Linter	2026-09-20T16:18:34.6694351Z          72 │ + → → → }
Lint Code Base	Run Super-Linter	2026-09-20T16:18:34.6694575Z          73 │ + → → }
Lint Code Base	Run Super-Linter	2026-09-20T16:18:34.6694672Z      70  74 │   
Lint Code Base	Run Super-Linter	2026-09-20T16:18:34.6694917Z      71     │ - ····//·2.·Check·for·recent·PR·comments·or·requested·changes
Lint Code Base	Run Super-Linter	2026-09-20T16:18:34.6695072Z      72     │ - ····const·prsOutput·=·execSync(
Lint Code Base	Run Super-Linter	2026-09-20T16:18:34.6695307Z      73     │ - ······"gh·pr·list·--state·open·--json·number,title,url",
Lint Code Base	Run Super-Linter	2026-09-20T16:18:34.6695449Z      74     │ - ······{·encoding:·"utf8"·}
Lint Code Base	Run Super-Linter	2026-09-20T16:18:34.6695564Z      75     │ - ····);
Lint Code Base	Run Super-Linter	2026-09-20T16:18:34.6695733Z      76     │ - ····const·prs·=·JSON.parse(prsOutput);
Lint Code Base	Run Super-Linter	2026-09-20T16:18:34.6695971Z          75 │ + → → //·2.·Check·for·recent·PR·comments·or·requested·changes
Lint Code Base	Run Super-Linter	2026-09-20T16:18:34.6696128Z          76 │ + → → const·prsOutput·=·execSync(
Lint Code Base	Run Super-Linter	2026-09-20T16:18:34.6696341Z          77 │ + → → → "gh·pr·list·--state·open·--json·number,title,url",
Lint Code Base	Run Super-Linter	2026-09-20T16:18:34.6696501Z          78 │ + → → → {·encoding:·"utf8"·},
Lint Code Base	Run Super-Linter	2026-09-20T16:18:34.6696602Z          79 │ + → → );
Lint Code Base	Run Super-Linter	2026-09-20T16:18:34.6696774Z          80 │ + → → const·prs·=·JSON.parse(prsOutput);
Lint Code Base	Run Super-Linter	2026-09-20T16:18:34.6696892Z      77  81 │   
Lint Code Base	Run Super-Linter	2026-09-20T16:18:34.6697045Z      78     │ - ····for·(const·pr·of·prs)·{
Lint Code Base	Run Super-Linter	2026-09-20T16:18:34.6697269Z      79     │ - ······if·(alertsThisTick·>=·MAX_ALERTS_PER_TICK)·break;
Lint Code Base	Run Super-Linter	2026-09-20T16:18:34.6697406Z          82 │ + → → for·(const·pr·of·prs)·{
Lint Code Base	Run Super-Linter	2026-09-20T16:18:34.6697617Z          83 │ + → → → if·(alertsThisTick·>=·MAX_ALERTS_PER_TICK)·break;
Lint Code Base	Run Super-Linter	2026-09-20T16:18:34.6697715Z      80  84 │   
Lint Code Base	Run Super-Linter	2026-09-20T16:18:34.6697897Z      81     │ - ······const·prDetailsOutput·=·execSync(
Lint Code Base	Run Super-Linter	2026-09-20T16:18:34.6698122Z      82     │ - ········`gh·pr·view·${pr.number}·--json·reviews,comments`,
Lint Code Base	Run Super-Linter	2026-09-20T16:18:34.6698274Z      83     │ - ········{·encoding:·"utf8"·}
Lint Code Base	Run Super-Linter	2026-09-20T16:18:34.6698428Z      84     │ - ······);
Lint Code Base	Run Super-Linter	2026-09-20T16:18:34.6698751Z      85     │ - ······const·prDetails·=·JSON.parse(prDetailsOutput);
Lint Code Base	Run Super-Linter	2026-09-20T16:18:34.6698983Z          85 │ + → → → const·prDetailsOutput·=·execSync(
Lint Code Base	Run Super-Linter	2026-09-20T16:18:34.6699240Z          86 │ + → → → → `gh·pr·view·${pr.number}·--json·reviews,comments`,
Lint Code Base	Run Super-Linter	2026-09-20T16:18:34.6699411Z          87 │ + → → → → {·encoding:·"utf8"·},
Lint Code Base	Run Super-Linter	2026-09-20T16:18:34.6699520Z          88 │ + → → → );
Lint Code Base	Run Super-Linter	2026-09-20T16:18:34.6699820Z          89 │ + → → → const·prDetails·=·JSON.parse(prDetailsOutput);
Lint Code Base	Run Super-Linter	2026-09-20T16:18:34.6699929Z      86  90 │   
Lint Code Base	Run Super-Linter	2026-09-20T16:18:34.6700072Z      87     │ - ······const·allFeedback·=·[
Lint Code Base	Run Super-Linter	2026-09-20T16:18:34.6700248Z      88     │ - ········...(prDetails.reviews·||·[]),
Lint Code Base	Run Super-Linter	2026-09-20T16:18:34.6700418Z      89     │ - ········...(prDetails.comments·||·[]),
Lint Code Base	Run Super-Linter	2026-09-20T16:18:34.6700545Z      90     │ - ······];
Lint Code Base	Run Super-Linter	2026-09-20T16:18:34.6700679Z          91 │ + → → → const·allFeedback·=·[
Lint Code Base	Run Super-Linter	2026-09-20T16:18:34.6700843Z          92 │ + → → → → ...(prDetails.reviews·||·[]),
Lint Code Base	Run Super-Linter	2026-09-20T16:18:34.6701011Z          93 │ + → → → → ...(prDetails.comments·||·[]),
Lint Code Base	Run Super-Linter	2026-09-20T16:18:34.6701208Z          94 │ + → → → ];
Lint Code Base	Run Super-Linter	2026-09-20T16:18:34.6701313Z      91  95 │   
Lint Code Base	Run Super-Linter	2026-09-20T16:18:34.6701494Z      92     │ - ······for·(const·feedback·of·allFeedback)·{
Lint Code Base	Run Super-Linter	2026-09-20T16:18:34.6701661Z   52 more lines truncated
Lint Code Base	Run Super-Linter	2026-09-20T16:18:34.6701738Z   
Lint Code Base	Run Super-Linter	2026-09-20T16:18:34.6701744Z 
Lint Code Base	Run Super-Linter	2026-09-20T16:18:34.6702100Z seed-docker.js format ━━━━━━━━━━━━━━━━━━━━━━━━━━━━━━━━━━━━━━━━━━━━━━━━━━━━━━━━━━━━━━━━━━━━━━━━━━━━━━
Lint Code Base	Run Super-Linter	2026-09-20T16:18:34.6702107Z 
Lint Code Base	Run Super-Linter	2026-09-20T16:18:34.6702290Z   × Formatter would have printed the following content:
Lint Code Base	Run Super-Linter	2026-09-20T16:18:34.6702361Z   
Lint Code Base	Run Super-Linter	2026-09-20T16:18:34.6702463Z       3   3 │   
Lint Code Base	Run Super-Linter	2026-09-20T16:18:34.6702591Z       4   4 │   async function main() {
Lint Code Base	Run Super-Linter	2026-09-20T16:18:34.6702788Z       5     │ - ··if·(process.env.NODE_ENV·===·"production")·{
Lint Code Base	Run Super-Linter	2026-09-20T16:18:34.6703029Z       6     │ - ····console.log("Skipping·seed·in·production·environment.");
Lint Code Base	Run Super-Linter	2026-09-20T16:18:34.6703152Z       7     │ - ····return;
Lint Code Base	Run Super-Linter	2026-09-20T16:18:34.6703322Z       8     │ - ··}
Lint Code Base	Run Super-Linter	2026-09-20T16:18:34.6703591Z           5 │ + → if·(process.env.NODE_ENV·===·"production")·{
Lint Code Base	Run Super-Linter	2026-09-20T16:18:34.6703901Z           6 │ + → → console.log("Skipping·seed·in·production·environment.");
Lint Code Base	Run Super-Linter	2026-09-20T16:18:34.6704025Z           7 │ + → → return;
Lint Code Base	Run Super-Linter	2026-09-20T16:18:34.6704128Z           8 │ + → }
Lint Code Base	Run Super-Linter	2026-09-20T16:18:34.6704226Z       9   9 │   
Lint Code Base	Run Super-Linter	2026-09-20T16:18:34.6704373Z      10     │ - ··const·passwordHash·=
Lint Code Base	Run Super-Linter	2026-09-20T16:18:34.6704652Z      11     │ - ····"$2a$10$M0kUXwWYF2jDo2ofzF9qXeKqYjpHw2A05uY.nJlWCDal9nh6YEu1O";
Lint Code Base	Run Super-Linter	2026-09-20T16:18:34.6704793Z          10 │ + → const·passwordHash·=
Lint Code Base	Run Super-Linter	2026-09-20T16:18:34.6705057Z          11 │ + → → "$2a$10$M0kUXwWYF2jDo2ofzF9qXeKqYjpHw2A05uY.nJlWCDal9nh6YEu1O";
Lint Code Base	Run Super-Linter	2026-09-20T16:18:34.6705153Z      12  12 │   
Lint Code Base	Run Super-Linter	2026-09-20T16:18:34.6705361Z      13     │ - ··const·existing·=·await·prisma.user.findUnique({
Lint Code Base	Run Super-Linter	2026-09-20T16:18:34.6705534Z      14     │ - ····where:·{·email:·"sarah@acme.test"·},
Lint Code Base	Run Super-Linter	2026-09-20T16:18:34.6705646Z      15     │ - ··});
Lint Code Base	Run Super-Linter	2026-09-20T16:18:34.6705789Z      16     │ - ··if·(existing)·{
Lint Code Base	Run Super-Linter	2026-09-20T16:18:34.6706053Z      17     │ - ····console.log("Database·already·seeded.·Skipping·seed·script.");
Lint Code Base	Run Super-Linter	2026-09-20T16:18:34.6706189Z      18     │ - ····return;
Lint Code Base	Run Super-Linter	2026-09-20T16:18:34.6706290Z      19     │ - ··}
Lint Code Base	Run Super-Linter	2026-09-20T16:18:34.6706500Z          13 │ + → const·existing·=·await·prisma.user.findUnique({
Lint Code Base	Run Super-Linter	2026-09-20T16:18:34.6706661Z          14 │ + → → where:·{·email:·"sarah@acme.test"·},
Lint Code Base	Run Super-Linter	2026-09-20T16:18:34.6706769Z          15 │ + → });
Lint Code Base	Run Super-Linter	2026-09-20T16:18:34.6706890Z          16 │ + → if·(existing)·{
Lint Code Base	Run Super-Linter	2026-09-20T16:18:34.6707141Z          17 │ + → → console.log("Database·already·seeded.·Skipping·seed·script.");
Lint Code Base	Run Super-Linter	2026-09-20T16:18:34.6707255Z          18 │ + → → return;
Lint Code Base	Run Super-Linter	2026-09-20T16:18:34.6707356Z          19 │ + → }
Lint Code Base	Run Super-Linter	2026-09-20T16:18:34.6707460Z      20  20 │   
Lint Code Base	Run Super-Linter	2026-09-20T16:18:34.6707683Z      21     │ - ··const·environment·=·await·prisma.environment.create({
Lint Code Base	Run Super-Linter	2026-09-20T16:18:34.6707918Z      22     │ - ····data:·{
Lint Code Base	Run Super-Linter	2026-09-20T16:18:34.6708183Z      23     │ - ······name:·"Acme·Financial·Operations",
Lint Code Base	Run Super-Linter	2026-09-20T16:18:34.6708401Z      24     │ - ······toleranceThreshold:·5.0,
Lint Code Base	Run Super-Linter	2026-09-20T16:18:34.6708531Z      25     │ - ······users:·{
Lint Code Base	Run Super-Linter	2026-09-20T16:18:34.6708669Z      26     │ - ········create:·[
Lint Code Base	Run Super-Linter	2026-09-20T16:18:34.6708796Z      27     │ - ··········{
Lint Code Base	Run Super-Linter	2026-09-20T16:18:34.6709044Z      28     │ - ············name:·"Sarah·K.",
Lint Code Base	Run Super-Linter	2026-09-20T16:18:34.6709235Z      29     │ - ············email:·"sarah@acme.test",
Lint Code Base	Run Super-Linter	2026-09-20T16:18:34.6709372Z      30     │ - ············passwordHash,
Lint Code Base	Run Super-Linter	2026-09-20T16:18:34.6709516Z      31     │ - ············role:·"MASTER",
Lint Code Base	Run Super-Linter	2026-09-20T16:18:34.6709681Z      32     │ - ··········},
Lint Code Base	Run Super-Linter	2026-09-20T16:18:34.6710020Z      33     │ - ··········{
Lint Code Base	Run Super-Linter	2026-09-20T16:18:34.6710223Z      34     │ - ············name:·"Jane·A.",
Lint Code Base	Run Super-Linter	2026-09-20T16:18:34.6710423Z      35     │ - ············email:·"jane@acme.test",
Lint Code Base	Run Super-Linter	2026-09-20T16:18:34.6710607Z      36     │ - ············passwordHash,
Lint Code Base	Run Super-Linter	2026-09-20T16:18:34.6710823Z      37     │ - ············role:·"ADMIN",
Lint Code Base	Run Super-Linter	2026-09-20T16:18:34.6711173Z      38     │ - ··········},
Lint Code Base	Run Super-Linter	2026-09-20T16:18:34.6711288Z      39     │ - ··········{
Lint Code Base	Run Super-Linter	2026-09-20T16:18:34.6711432Z      40     │ - ············name:·"Bob·V.",
Lint Code Base	Run Super-Linter	2026-09-20T16:18:34.6711657Z      41     │ - ············email:·"bob@acme.test",
Lint Code Base	Run Super-Linter	2026-09-20T16:18:34.6711792Z      42     │ - ············passwordHash,
Lint Code Base	Run Super-Linter	2026-09-20T16:18:34.6711934Z      43     │ - ············role:·"VIEWER",
Lint Code Base	Run Super-Linter	2026-09-20T16:18:34.6712051Z      44     │ - ··········},
Lint Code Base	Run Super-Linter	2026-09-20T16:18:34.6712173Z      45     │ - ········],
Lint Code Base	Run Super-Linter	2026-09-20T16:18:34.6712285Z      46     │ - ······},
Lint Code Base	Run Super-Linter	2026-09-20T16:18:34.6712404Z      47     │ - ····},
Lint Code Base	Run Super-Linter	2026-09-20T16:18:34.6712548Z      48     │ - ····include:·{·users:·true·},
Lint Code Base	Run Super-Linter	2026-09-20T16:18:34.6712666Z      49     │ - ··});
Lint Code Base	Run Super-Linter	2026-09-20T16:18:34.6712948Z      50     │ - ··const·master·=·environment.users.find((u)·=>·u.role·===·"MASTER");
Lint Code Base	Run Super-Linter	2026-09-20T16:18:34.6713171Z          21 │ + → const·environment·=·await·prisma.environment.create({
Lint Code Base	Run Super-Linter	2026-09-20T16:18:34.6713295Z          22 │ + → → data:·{
Lint Code Base	Run Super-Linter	2026-09-20T16:18:34.6713478Z          23 │ + → → → name:·"Acme·Financial·Operations",
Lint Code Base	Run Super-Linter	2026-09-20T16:18:34.6713633Z          24 │ + → → → toleranceThreshold:·5.0,
Lint Code Base	Run Super-Linter	2026-09-20T16:18:34.6713761Z          25 │ + → → → users:·{
Lint Code Base	Run Super-Linter	2026-09-20T16:18:34.6713887Z          26 │ + → → → → create:·[
Lint Code Base	Run Super-Linter	2026-09-20T16:18:34.6713998Z          27 │ + → → → → → {
Lint Code Base	Run Super-Linter	2026-09-20T16:18:34.6714131Z          28 │ + → → → → → → name:·"Sarah·K.",
Lint Code Base	Run Super-Linter	2026-09-20T16:18:34.6714290Z          29 │ + → → → → → → email:·"sarah@acme.test",
Lint Code Base	Run Super-Linter	2026-09-20T16:18:34.6714413Z          30 │ + → → → → → → passwordHash,
Lint Code Base	Run Super-Linter	2026-09-20T16:18:34.6714544Z          31 │ + → → → → → → role:·"MASTER",
Lint Code Base	Run Super-Linter	2026-09-20T16:18:34.6714652Z          32 │ + → → → → → },
Lint Code Base	Run Super-Linter	2026-09-20T16:18:34.6714764Z          33 │ + → → → → → {
Lint Code Base	Run Super-Linter	2026-09-20T16:18:34.6714900Z          34 │ + → → → → → → name:·"Jane·A.",
Lint Code Base	Run Super-Linter	2026-09-20T16:18:34.6715048Z          35 │ + → → → → → → email:·"jane@acme.test",
Lint Code Base	Run Super-Linter	2026-09-20T16:18:34.6715180Z          36 │ + → → → → → → passwordHash,
Lint Code Base	Run Super-Linter	2026-09-20T16:18:34.6715307Z          37 │ + → → → → → → role:·"ADMIN",
Lint Code Base	Run Super-Linter	2026-09-20T16:18:34.6715446Z          38 │ + → → → → → },
Lint Code Base	Run Super-Linter	2026-09-20T16:18:34.6715548Z          39 │ + → → → → → {
Lint Code Base	Run Super-Linter	2026-09-20T16:18:34.6715680Z          40 │ + → → → → → → name:·"Bob·V.",
Lint Code Base	Run Super-Linter	2026-09-20T16:18:34.6715839Z          41 │ + → → → → → → email:·"bob@acme.test",
Lint Code Base	Run Super-Linter	2026-09-20T16:18:34.6715973Z          42 │ + → → → → → → passwordHash,
Lint Code Base	Run Super-Linter	2026-09-20T16:18:34.6716105Z          43 │ + → → → → → → role:·"VIEWER",
Lint Code Base	Run Super-Linter	2026-09-20T16:18:34.6716212Z          44 │ + → → → → → },
Lint Code Base	Run Super-Linter	2026-09-20T16:18:34.6716325Z          45 │ + → → → → ],
Lint Code Base	Run Super-Linter	2026-09-20T16:18:34.6716428Z          46 │ + → → → },
Lint Code Base	Run Super-Linter	2026-09-20T16:18:34.6716536Z          47 │ + → → },
Lint Code Base	Run Super-Linter	2026-09-20T16:18:34.6716671Z          48 │ + → → include:·{·users:·true·},
Lint Code Base	Run Super-Linter	2026-09-20T16:18:34.6716780Z          49 │ + → });
Lint Code Base	Run Super-Linter	2026-09-20T16:18:34.6717049Z          50 │ + → const·master·=·environment.users.find((u)·=>·u.role·===·"MASTER");
Lint Code Base	Run Super-Linter	2026-09-20T16:18:34.6717148Z      51  51 │   
Lint Code Base	Run Super-Linter	2026-09-20T16:18:34.6717336Z      52     │ - ··const·david·=·await·prisma.user.create({
Lint Code Base	Run Super-Linter	2026-09-20T16:18:34.6717519Z      53     │ - ····data:·{
Lint Code Base	Run Super-Linter	2026-09-20T16:18:34.6717665Z      54     │ - ······name:·"David·M.",
Lint Code Base	Run Super-Linter	2026-09-20T16:18:34.6717810Z      55     │ - ······email:·"david@acme.test",
Lint Code Base	Run Super-Linter	2026-09-20T16:18:34.6718003Z      56     │ - ······passwordHash,
Lint Code Base	Run Super-Linter	2026-09-20T16:18:34.6718136Z      57     │ - ······role:·"UPLOADER",
Lint Code Base	Run Super-Linter	2026-09-20T16:18:34.6718299Z      58     │ - ······environmentId:·environment.id,
Lint Code Base	Run Super-Linter	2026-09-20T16:18:34.6718412Z      59     │ - ····},
Lint Code Base	Run Super-Linter	2026-09-20T16:18:34.6718514Z      60     │ - ··});
Lint Code Base	Run Super-Linter	2026-09-20T16:18:34.6718692Z          52 │ + → const·david·=·await·prisma.user.create({
Lint Code Base	Run Super-Linter	2026-09-20T16:18:34.6718800Z          53 │ + → → data:·{
Lint Code Base	Run Super-Linter	2026-09-20T16:18:34.6718930Z          54 │ + → → → name:·"David·M.",
Lint Code Base	Run Super-Linter	2026-09-20T16:18:34.6719066Z          55 │ + → → → email:·"david@acme.test",
Lint Code Base	Run Super-Linter	2026-09-20T16:18:34.6719193Z          56 │ + → → → passwordHash,
Lint Code Base	Run Super-Linter	2026-09-20T16:18:34.6719326Z          57 │ + → → → role:·"UPLOADER",
Lint Code Base	Run Super-Linter	2026-09-20T16:18:34.6719477Z          58 │ + → → → environmentId:·environment.id,
Lint Code Base	Run Super-Linter	2026-09-20T16:18:34.6719604Z          59 │ + → → },
Lint Code Base	Run Super-Linter	2026-09-20T16:18:34.6719702Z          60 │ + → });
Lint Code Base	Run Super-Linter	2026-09-20T16:18:34.6719913Z      61  61 │   
Lint Code Base	Run Super-Linter	2026-09-20T16:18:34.6720249Z      62     │ - ··const·acmeLogistics·=·await·prisma.business.create({
Lint Code Base	Run Super-Linter	2026-09-20T16:18:34.6720376Z      63     │ - ····data:·{
Lint Code Base	Run Super-Linter	2026-09-20T16:18:34.6720519Z      64     │ - ······name:·"Acme·Logistics",
Lint Code Base	Run Super-Linter	2026-09-20T16:18:34.6720667Z      65     │ - ······vendorCode:·"VEN-1001",
Lint Code Base	Run Super-Linter	2026-09-20T16:18:34.6720835Z      66     │ - ······environmentId:·environment.id,
Lint Code Base	Run Super-Linter	2026-09-20T16:18:34.6720939Z      67     │ - ····},
Lint Code Base	Run Super-Linter	2026-09-20T16:18:34.6721048Z      68     │ - ··});
Lint Code Base	Run Super-Linter	2026-09-20T16:18:34.6721256Z      69     │ - ··const·globalTech·=·await·prisma.business.create({
Lint Code Base	Run Super-Linter	2026-09-20T16:18:34.6721381Z      70     │ - ····data:·{
Lint Code Base	Run Super-Linter	2026-09-20T16:18:34.6721529Z      71     │ - ······name:·"Global·Tech·Inc",
Lint Code Base	Run Super-Linter	2026-09-20T16:18:34.6721677Z      72     │ - ······vendorCode:·"VEN-1002",
Lint Code Base	Run Super-Linter	2026-09-20T16:18:34.6721843Z      73     │ - ······environmentId:·environment.id,
Lint Code Base	Run Super-Linter	2026-09-20T16:18:34.6721966Z      74     │ - ····},
Lint Code Base	Run Super-Linter	2026-09-20T16:18:34.6722081Z      75     │ - ··});
Lint Code Base	Run Super-Linter	2026-09-20T16:18:34.6722289Z      76     │ - ··const·vertexCloud·=·await·prisma.business.create({
Lint Code Base	Run Super-Linter	2026-09-20T16:18:34.6722421Z      77     │ - ····data:·{
Lint Code Base	Run Super-Linter	2026-09-20T16:18:34.6722577Z      78     │ - ······name:·"Vertex·Cloud·Services",
Lint Code Base	Run Super-Linter	2026-09-20T16:18:34.6722724Z      79     │ - ······vendorCode:·"VEN-1003",
Lint Code Base	Run Super-Linter	2026-09-20T16:18:34.6722885Z      80     │ - ······environmentId:·environment.id,
Lint Code Base	Run Super-Linter	2026-09-20T16:18:34.6722991Z      81     │ - ····},
Lint Code Base	Run Super-Linter	2026-09-20T16:18:34.6723102Z      82     │ - ··});
Lint Code Base	Run Super-Linter	2026-09-20T16:18:34.6723314Z          62 │ + → const·acmeLogistics·=·await·prisma.business.create({
Lint Code Base	Run Super-Linter	2026-09-20T16:18:34.6723429Z          63 │ + → → data:·{
Lint Code Base	Run Super-Linter	2026-09-20T16:18:34.6723562Z          64 │ + → → → name:·"Acme·Logistics",
Lint Code Base	Run Super-Linter	2026-09-20T16:18:34.6723706Z          65 │ + → → → vendorCode:·"VEN-1001",
Lint Code Base	Run Super-Linter	2026-09-20T16:18:34.6723854Z          66 │ + → → → environmentId:·environment.id,
Lint Code Base	Run Super-Linter	2026-09-20T16:18:34.6723977Z          67 │ + → → },
Lint Code Base	Run Super-Linter	2026-09-20T16:18:34.6724083Z          68 │ + → });
Lint Code Base	Run Super-Linter	2026-09-20T16:18:34.6724280Z          69 │ + → const·globalTech·=·await·prisma.business.create({
Lint Code Base	Run Super-Linter	2026-09-20T16:18:34.6724405Z          70 │ + → → data:·{
Lint Code Base	Run Super-Linter	2026-09-20T16:18:34.6724544Z          71 │ + → → → name:·"Global·Tech·Inc",
Lint Code Base	Run Super-Linter	2026-09-20T16:18:34.6724683Z          72 │ + → → → vendorCode:·"VEN-1002",
Lint Code Base	Run Super-Linter	2026-09-20T16:18:34.6724833Z          73 │ + → → → environmentId:·environment.id,
Lint Code Base	Run Super-Linter	2026-09-20T16:18:34.6724940Z          74 │ + → → },
Lint Code Base	Run Super-Linter	2026-09-20T16:18:34.6725045Z          75 │ + → });
Lint Code Base	Run Super-Linter	2026-09-20T16:18:34.6725244Z          76 │ + → const·vertexCloud·=·await·prisma.business.create({
Lint Code Base	Run Super-Linter	2026-09-20T16:18:34.6725366Z          77 │ + → → data:·{
Lint Code Base	Run Super-Linter	2026-09-20T16:18:34.6725516Z          78 │ + → → → name:·"Vertex·Cloud·Services",
Lint Code Base	Run Super-Linter	2026-09-20T16:18:34.6725657Z          79 │ + → → → vendorCode:·"VEN-1003",
Lint Code Base	Run Super-Linter	2026-09-20T16:18:34.6725745Z   411 more lines truncated
Lint Code Base	Run Super-Linter	2026-09-20T16:18:34.6725826Z   
Lint Code Base	Run Super-Linter	2026-09-20T16:18:34.6725833Z 
Lint Code Base	Run Super-Linter	2026-09-20T16:18:34.6726277Z tsconfig.json format ━━━━━━━━━━━━━━━━━━━━━━━━━━━━━━━━━━━━━━━━━━━━━━━━━━━━━━━━━━━━━━━━━━━━━━━━━━━━━━━
Lint Code Base	Run Super-Linter	2026-09-20T16:18:34.6726283Z 
Lint Code Base	Run Super-Linter	2026-09-20T16:18:34.6726454Z   × Formatter would have printed the following content:
Lint Code Base	Run Super-Linter	2026-09-20T16:18:34.6726606Z   
Lint Code Base	Run Super-Linter	2026-09-20T16:18:34.6726710Z      1  1 │   {
Lint Code Base	Run Super-Linter	2026-09-20T16:18:34.6726855Z      2    │ - ··"compilerOptions":·{
Lint Code Base	Run Super-Linter	2026-09-20T16:18:34.6727005Z      3    │ - ····"target":·"ES2017",
Lint Code Base	Run Super-Linter	2026-09-20T16:18:34.6727188Z      4    │ - ····"lib":·["dom",·"dom.iterable",·"esnext"],
Lint Code Base	Run Super-Linter	2026-09-20T16:18:34.6727323Z      5    │ - ····"allowJs":·true,
Lint Code Base	Run Super-Linter	2026-09-20T16:18:34.6727458Z      6    │ - ····"skipLibCheck":·true,
Lint Code Base	Run Super-Linter	2026-09-20T16:18:34.6727587Z      7    │ - ····"strict":·true,
Lint Code Base	Run Super-Linter	2026-09-20T16:18:34.6727707Z      8    │ - ····"noEmit":·true,
Lint Code Base	Run Super-Linter	2026-09-20T16:18:34.6727849Z      9    │ - ····"esModuleInterop":·true,
Lint Code Base	Run Super-Linter	2026-09-20T16:18:34.6727981Z     10    │ - ····"module":·"esnext",
Lint Code Base	Run Super-Linter	2026-09-20T16:18:34.6728143Z     11    │ - ····"moduleResolution":·"bundler",
Lint Code Base	Run Super-Linter	2026-09-20T16:18:34.6728307Z     12    │ - ····"resolveJsonModule":·true,
Lint Code Base	Run Super-Linter	2026-09-20T16:18:34.6728455Z     13    │ - ····"isolatedModules":·true,
Lint Code Base	Run Super-Linter	2026-09-20T16:18:34.6728587Z     14    │ - ····"jsx":·"react-jsx",
Lint Code Base	Run Super-Linter	2026-09-20T16:18:34.6728728Z     15    │ - ····"incremental":·true,
Lint Code Base	Run Super-Linter	2026-09-20T16:18:34.6728854Z     16    │ - ····"plugins":·[
Lint Code Base	Run Super-Linter	2026-09-20T16:18:34.6728963Z     17    │ - ······{
Lint Code Base	Run Super-Linter	2026-09-20T16:18:34.6729094Z     18    │ - ········"name":·"next"
Lint Code Base	Run Super-Linter	2026-09-20T16:18:34.6729198Z     19    │ - ······}
Lint Code Base	Run Super-Linter	2026-09-20T16:18:34.6729309Z     20    │ - ····],
Lint Code Base	Run Super-Linter	2026-09-20T16:18:34.6729475Z     21    │ - ····"paths":·{
Lint Code Base	Run Super-Linter	2026-09-20T16:18:34.6729671Z     22    │ - ······"@/*":·["./*"]
Lint Code Base	Run Super-Linter	2026-09-20T16:18:34.6729992Z     23    │ - ····}
Lint Code Base	Run Super-Linter	2026-09-20T16:18:34.6730193Z     24    │ - ··},
Lint Code Base	Run Super-Linter	2026-09-20T16:18:34.6730316Z     25    │ - ··"include":·[
Lint Code Base	Run Super-Linter	2026-09-20T16:18:34.6730441Z     26    │ - ····"next-env.d.ts",
Lint Code Base	Run Super-Linter	2026-09-20T16:18:34.6730562Z     27    │ - ····"**/*.ts",
Lint Code Base	Run Super-Linter	2026-09-20T16:18:34.6730679Z     28    │ - ····"**/*.tsx",
Lint Code Base	Run Super-Linter	2026-09-20T16:18:34.6730835Z     29    │ - ····".next/types/**/*.ts",
Lint Code Base	Run Super-Linter	2026-09-20T16:18:34.6730977Z     30    │ - ····".next/dev/types/**/*.ts"
Lint Code Base	Run Super-Linter	2026-09-20T16:18:34.6731079Z     31    │ - ··],
Lint Code Base	Run Super-Linter	2026-09-20T16:18:34.6731230Z     32    │ - ··"exclude":·["node_modules"]
Lint Code Base	Run Super-Linter	2026-09-20T16:18:34.6731360Z         2 │ + → "compilerOptions":·{
Lint Code Base	Run Super-Linter	2026-09-20T16:18:34.6731491Z         3 │ + → → "target":·"ES2017",
Lint Code Base	Run Super-Linter	2026-09-20T16:18:34.6731659Z         4 │ + → → "lib":·["dom",·"dom.iterable",·"esnext"],
Lint Code Base	Run Super-Linter	2026-09-20T16:18:34.6731784Z         5 │ + → → "allowJs":·true,
Lint Code Base	Run Super-Linter	2026-09-20T16:18:34.6731931Z         6 │ + → → "skipLibCheck":·true,
Lint Code Base	Run Super-Linter	2026-09-20T16:18:34.6732048Z         7 │ + → → "strict":·true,
Lint Code Base	Run Super-Linter	2026-09-20T16:18:34.6732176Z         8 │ + → → "noEmit":·true,
Lint Code Base	Run Super-Linter	2026-09-20T16:18:34.6732307Z         9 │ + → → "esModuleInterop":·true,
Lint Code Base	Run Super-Linter	2026-09-20T16:18:34.6732438Z        10 │ + → → "module":·"esnext",
Lint Code Base	Run Super-Linter	2026-09-20T16:18:34.6732584Z        11 │ + → → "moduleResolution":·"bundler",
Lint Code Base	Run Super-Linter	2026-09-20T16:18:34.6732728Z        12 │ + → → "resolveJsonModule":·true,
Lint Code Base	Run Super-Linter	2026-09-20T16:18:34.6732876Z        13 │ + → → "isolatedModules":·true,
Lint Code Base	Run Super-Linter	2026-09-20T16:18:34.6733000Z        14 │ + → → "jsx":·"react-jsx",
Lint Code Base	Run Super-Linter	2026-09-20T16:18:34.6733130Z        15 │ + → → "incremental":·true,
Lint Code Base	Run Super-Linter	2026-09-20T16:18:34.6733345Z        16 │ + → → "plugins":·[
Lint Code Base	Run Super-Linter	2026-09-20T16:18:34.6733455Z        17 │ + → → → {
Lint Code Base	Run Super-Linter	2026-09-20T16:18:34.6733573Z        18 │ + → → → → "name":·"next"
Lint Code Base	Run Super-Linter	2026-09-20T16:18:34.6733679Z        19 │ + → → → }
Lint Code Base	Run Super-Linter	2026-09-20T16:18:34.6733780Z        20 │ + → → ],
Lint Code Base	Run Super-Linter	2026-09-20T16:18:34.6733900Z        21 │ + → → "paths":·{
Lint Code Base	Run Super-Linter	2026-09-20T16:18:34.6734030Z        22 │ + → → → "@/*":·["./*"]
Lint Code Base	Run Super-Linter	2026-09-20T16:18:34.6734154Z        23 │ + → → }
Lint Code Base	Run Super-Linter	2026-09-20T16:18:34.6734316Z        24 │ + → },
Lint Code Base	Run Super-Linter	2026-09-20T16:18:34.6734457Z        25 │ + → "include":·[
Lint Code Base	Run Super-Linter	2026-09-20T16:18:34.6734633Z        26 │ + → → "next-env.d.ts",
Lint Code Base	Run Super-Linter	2026-09-20T16:18:34.6734768Z        27 │ + → → "**/*.ts",
Lint Code Base	Run Super-Linter	2026-09-20T16:18:34.6734888Z        28 │ + → → "**/*.tsx",
Lint Code Base	Run Super-Linter	2026-09-20T16:18:34.6735016Z        29 │ + → → ".next/types/**/*.ts",
Lint Code Base	Run Super-Linter	2026-09-20T16:18:34.6735256Z        30 │ + → → ".next/dev/types/**/*.ts"
Lint Code Base	Run Super-Linter	2026-09-20T16:18:34.6735364Z        31 │ + → ],
Lint Code Base	Run Super-Linter	2026-09-20T16:18:34.6735497Z        32 │ + → "exclude":·["node_modules"]
Lint Code Base	Run Super-Linter	2026-09-20T16:18:34.6735616Z     33 33 │   }
Lint Code Base	Run Super-Linter	2026-09-20T16:18:34.6735711Z     34 34 │   
Lint Code Base	Run Super-Linter	2026-09-20T16:18:34.6735787Z   
Lint Code Base	Run Super-Linter	2026-09-20T16:18:34.6735793Z 
Lint Code Base	Run Super-Linter	2026-09-20T16:18:34.6736122Z format ━━━━━━━━━━━━━━━━━━━━━━━━━━━━━━━━━━━━━━━━━━━━━━━━━━━━━━━━━━━━━━━━━━━━━━━━━━━━━━━━━━━━━━━━━━━━━
Lint Code Base	Run Super-Linter	2026-09-20T16:18:34.6736129Z 
Lint Code Base	Run Super-Linter	2026-09-20T16:18:34.6736294Z   × Some errors were emitted while running checks.
Lint Code Base	Run Super-Linter	2026-09-20T16:18:34.6736395Z   
Lint Code Base	Run Super-Linter	2026-09-20T16:18:34.6736477Z ------
Lint Code Base	Run Super-Linter	2026-09-20T16:18:34.6737006Z ##[endgroup]
Lint Code Base	Run Super-Linter	2026-09-20T16:18:34.6737262Z ##[group]BIOME_LINT
Lint Code Base	Run Super-Linter	2026-09-20T16:18:34.6737406Z 2026-09-20 16:18:34 [ERROR]   Errors found in BIOME_LINT
Lint Code Base	Run Super-Linter	2026-09-20T16:18:34.6737545Z 2026-09-20 16:18:34 [ERROR]   Stdout contents for BIOME_LINT:
Lint Code Base	Run Super-Linter	2026-09-20T16:18:34.6737626Z ------
Lint Code Base	Run Super-Linter	2026-09-20T16:18:34.6737874Z The number of diagnostics exceeds the limit allowed. Use --max-diagnostics to increase it.
Lint Code Base	Run Super-Linter	2026-09-20T16:18:34.6737979Z Diagnostics not shown: 50.
Lint Code Base	Run Super-Linter	2026-09-20T16:18:34.6738094Z Checked 53 files in 284ms. No fixes applied.
Lint Code Base	Run Super-Linter	2026-09-20T16:18:34.6738183Z Found 29 errors.
Lint Code Base	Run Super-Linter	2026-09-20T16:18:34.6738275Z Found 38 warnings.
Lint Code Base	Run Super-Linter	2026-09-20T16:18:34.6738353Z Found 3 infos.
Lint Code Base	Run Super-Linter	2026-09-20T16:18:34.6738441Z ------
Lint Code Base	Run Super-Linter	2026-09-20T16:18:34.6738589Z 2026-09-20 16:18:34 [ERROR]   Stderr contents for BIOME_LINT:
Lint Code Base	Run Super-Linter	2026-09-20T16:18:34.6738665Z ------
Lint Code Base	Run Super-Linter	2026-09-20T16:18:34.6739055Z scripts/github-monitor.js:1:30 lint/style/useNodejsImportProtocol  FIXABLE  ━━━━━━━━━━━━━━━━━━━━━━━━
Lint Code Base	Run Super-Linter	2026-09-20T16:18:34.6739062Z 
Lint Code Base	Run Super-Linter	2026-09-20T16:18:34.6739237Z   i A Node.js builtin module should be imported with the node: protocol.
Lint Code Base	Run Super-Linter	2026-09-20T16:18:34.6739316Z   
Lint Code Base	Run Super-Linter	2026-09-20T16:18:34.6739481Z   > 1 │ const { execSync } = require("child_process");
Lint Code Base	Run Super-Linter	2026-09-20T16:18:34.6739626Z       │                              ^^^^^^^^^^^^^^^
Lint Code Base	Run Super-Linter	2026-09-20T16:18:34.6739856Z     2 │ const fs = require("fs");
Lint Code Base	Run Super-Linter	2026-09-20T16:18:34.6739987Z     3 │ const path = require("path");
Lint Code Base	Run Super-Linter	2026-09-20T16:18:34.6740079Z   
Lint Code Base	Run Super-Linter	2026-09-20T16:18:34.6740344Z   i Using the node: protocol is more explicit and signals that the imported module belongs to Node.js.
Lint Code Base	Run Super-Linter	2026-09-20T16:18:34.6740432Z   
Lint Code Base	Run Super-Linter	2026-09-20T16:18:34.6740527Z   i Unsafe fix: Add the node: protocol.
Lint Code Base	Run Super-Linter	2026-09-20T16:18:34.6740603Z   
Lint Code Base	Run Super-Linter	2026-09-20T16:18:34.6740821Z       1     │ - const·{·execSync·}·=·require("child_process");
Lint Code Base	Run Super-Linter	2026-09-20T16:18:34.6741125Z           1 │ + const·{·execSync·}·=·require("node:child_process");
Lint Code Base	Run Super-Linter	2026-09-20T16:18:34.6741293Z       2   2 │   const fs = require("fs");
Lint Code Base	Run Super-Linter	2026-09-20T16:18:34.6741447Z       3   3 │   const path = require("path");
Lint Code Base	Run Super-Linter	2026-09-20T16:18:34.6741522Z   
Lint Code Base	Run Super-Linter	2026-09-20T16:18:34.6741527Z 
Lint Code Base	Run Super-Linter	2026-09-20T16:18:34.6741877Z scripts/github-monitor.js:2:20 lint/style/useNodejsImportProtocol  FIXABLE  ━━━━━━━━━━━━━━━━━━━━━━━━
Lint Code Base	Run Super-Linter	2026-09-20T16:18:34.6741882Z 
Lint Code Base	Run Super-Linter	2026-09-20T16:18:34.6742056Z   i A Node.js builtin module should be imported with the node: protocol.
Lint Code Base	Run Super-Linter	2026-09-20T16:18:34.6742165Z   
Lint Code Base	Run Super-Linter	2026-09-20T16:18:34.6742427Z     1 │ const { execSync } = require("child_process");
Lint Code Base	Run Super-Linter	2026-09-20T16:18:34.6742556Z   > 2 │ const fs = require("fs");
Lint Code Base	Run Super-Linter	2026-09-20T16:18:34.6742669Z       │                    ^^^^
Lint Code Base	Run Super-Linter	2026-09-20T16:18:34.6742863Z     3 │ const path = require("path");
Lint Code Base	Run Super-Linter	2026-09-20T16:18:34.6742955Z     4 │ 
Lint Code Base	Run Super-Linter	2026-09-20T16:18:34.6743039Z   
Lint Code Base	Run Super-Linter	2026-09-20T16:18:34.6743300Z   i Using the node: protocol is more explicit and signals that the imported module belongs to Node.js.
Lint Code Base	Run Super-Linter	2026-09-20T16:18:34.6743377Z   
Lint Code Base	Run Super-Linter	2026-09-20T16:18:34.6743479Z   i Unsafe fix: Add the node: protocol.
Lint Code Base	Run Super-Linter	2026-09-20T16:18:34.6743549Z   
Lint Code Base	Run Super-Linter	2026-09-20T16:18:34.6743737Z       1   1 │   const { execSync } = require("child_process");
Lint Code Base	Run Super-Linter	2026-09-20T16:18:34.6743873Z       2     │ - const·fs·=·require("fs");
Lint Code Base	Run Super-Linter	2026-09-20T16:18:34.6744025Z           2 │ + const·fs·=·require("node:fs");
Lint Code Base	Run Super-Linter	2026-09-20T16:18:34.6744159Z       3   3 │   const path = require("path");
Lint Code Base	Run Super-Linter	2026-09-20T16:18:34.6744260Z       4   4 │   
Lint Code Base	Run Super-Linter	2026-09-20T16:18:34.6744334Z   
Lint Code Base	Run Super-Linter	2026-09-20T16:18:34.6744350Z 
Lint Code Base	Run Super-Linter	2026-09-20T16:18:34.6744696Z scripts/github-monitor.js:3:22 lint/style/useNodejsImportProtocol  FIXABLE  ━━━━━━━━━━━━━━━━━━━━━━━━
Lint Code Base	Run Super-Linter	2026-09-20T16:18:34.6744702Z 
Lint Code Base	Run Super-Linter	2026-09-20T16:18:34.6744884Z   i A Node.js builtin module should be imported with the node: protocol.
Lint Code Base	Run Super-Linter	2026-09-20T16:18:34.6744953Z   
Lint Code Base	Run Super-Linter	2026-09-20T16:18:34.6745121Z     1 │ const { execSync } = require("child_process");
Lint Code Base	Run Super-Linter	2026-09-20T16:18:34.6745240Z     2 │ const fs = require("fs");
Lint Code Base	Run Super-Linter	2026-09-20T16:18:34.6745370Z   > 3 │ const path = require("path");
Lint Code Base	Run Super-Linter	2026-09-20T16:18:34.6745494Z       │                      ^^^^^^
Lint Code Base	Run Super-Linter	2026-09-20T16:18:34.6745584Z     4 │ 
Lint Code Base	Run Super-Linter	2026-09-20T16:18:34.6745838Z     5 │ const STATE_FILE = path.join(__dirname, ".github-monitor-state.json");
Lint Code Base	Run Super-Linter	2026-09-20T16:18:34.6745909Z   
Lint Code Base	Run Super-Linter	2026-09-20T16:18:34.6746170Z   i Using the node: protocol is more explicit and signals that the imported module belongs to Node.js.
Lint Code Base	Run Super-Linter	2026-09-20T16:18:34.6746239Z   
Lint Code Base	Run Super-Linter	2026-09-20T16:18:34.6746340Z   i Unsafe fix: Add the node: protocol.
Lint Code Base	Run Super-Linter	2026-09-20T16:18:34.6746419Z   
Lint Code Base	Run Super-Linter	2026-09-20T16:18:34.6746605Z       1   1 │   const { execSync } = require("child_process");
Lint Code Base	Run Super-Linter	2026-09-20T16:18:34.6746741Z       2   2 │   const fs = require("fs");
Lint Code Base	Run Super-Linter	2026-09-20T16:18:34.6746894Z       3     │ - const·path·=·require("path");
Lint Code Base	Run Super-Linter	2026-09-20T16:18:34.6747054Z           3 │ + const·path·=·require("node:path");
Lint Code Base	Run Super-Linter	2026-09-20T16:18:34.6747155Z       4   4 │   
Lint Code Base	Run Super-Linter	2026-09-20T16:18:34.6747418Z       5   5 │   const STATE_FILE = path.join(__dirname, ".github-monitor-state.json");
Lint Code Base	Run Super-Linter	2026-09-20T16:18:34.6747489Z   
Lint Code Base	Run Super-Linter	2026-09-20T16:18:34.6747500Z 
Lint Code Base	Run Super-Linter	2026-09-20T16:18:34.6747844Z app/(app)/settings/page.tsx:21:71 lint/suspicious/noExplicitAny ━━━━━━━━━━━━━━━━━━━━━━━━━━━━━━━━━━━━
Lint Code Base	Run Super-Linter	2026-09-20T16:18:34.6747850Z 
Lint Code Base	Run Super-Linter	2026-09-20T16:18:34.6747965Z   ! Unexpected any. Specify a different type.
Lint Code Base	Run Super-Linter	2026-09-20T16:18:34.6748034Z   
Lint Code Base	Run Super-Linter	2026-09-20T16:18:34.6748155Z     19 │       <SettingsForm
Lint Code Base	Run Super-Linter	2026-09-20T16:18:34.6748378Z     20 │         initialTolerance={user.environment.toleranceThreshold}
Lint Code Base	Run Super-Linter	2026-09-20T16:18:34.6748632Z   > 21 │         canEdit={ROLES_THAT_CAN_MANAGE_SETTINGS.includes(user.role as any)}
Lint Code Base	Run Super-Linter	2026-09-20T16:18:34.6748834Z        │                                                                       ^^^
Lint Code Base	Run Super-Linter	2026-09-20T16:18:34.6748946Z     22 │       />
Lint Code Base	Run Super-Linter	2026-09-20T16:18:34.6749055Z     23 │     </div>
Lint Code Base	Run Super-Linter	2026-09-20T16:18:34.6749126Z   
Lint Code Base	Run Super-Linter	2026-09-20T16:18:34.6749301Z   i any disables many type checking rules. Its use should be avoided.
Lint Code Base	Run Super-Linter	2026-09-20T16:18:34.6749370Z   
Lint Code Base	Run Super-Linter	2026-09-20T16:18:34.6749374Z 
Lint Code Base	Run Super-Linter	2026-09-20T16:18:34.6749804Z app/(app)/team/page.tsx:16:71 lint/suspicious/noExplicitAny ━━━━━━━━━━━━━━━━━━━━━━━━━━━━━━━━━━━━━━━━
Lint Code Base	Run Super-Linter	2026-09-20T16:18:34.6749811Z 
Lint Code Base	Run Super-Linter	2026-09-20T16:18:34.6749925Z   ! Unexpected any. Specify a different type.
Lint Code Base	Run Super-Linter	2026-09-20T16:18:34.6749996Z   
Lint Code Base	Run Super-Linter	2026-09-20T16:18:34.6750103Z     14 │   });
Lint Code Base	Run Super-Linter	2026-09-20T16:18:34.6750194Z     15 │ 
Lint Code Base	Run Super-Linter	2026-09-20T16:18:34.6750457Z   > 16 │   const canManage = ROLES_THAT_CAN_MANAGE_USERS.includes(user.role as any);
Lint Code Base	Run Super-Linter	2026-09-20T16:18:34.6750636Z        │                                                                       ^^^
Lint Code Base	Run Super-Linter	2026-09-20T16:18:34.6750813Z     17 │ 
Lint Code Base	Run Super-Linter	2026-09-20T16:18:34.6750923Z     18 │   return (
Lint Code Base	Run Super-Linter	2026-09-20T16:18:34.6750996Z   
Lint Code Base	Run Super-Linter	2026-09-20T16:18:34.6751174Z   i any disables many type checking rules. Its use should be avoided.
Lint Code Base	Run Super-Linter	2026-09-20T16:18:34.6751301Z   
Lint Code Base	Run Super-Linter	2026-09-20T16:18:34.6751306Z 
Lint Code Base	Run Super-Linter	2026-09-20T16:18:34.6751653Z app/api/auth/login/route.ts:1:8 lint/style/useImportType  FIXABLE  ━━━━━━━━━━━━━━━━━━━━━━━━━━━━━━━━━
Lint Code Base	Run Super-Linter	2026-09-20T16:18:34.6751658Z 
Lint Code Base	Run Super-Linter	2026-09-20T16:18:34.6751766Z   ! Some named imports are only used as types.
Lint Code Base	Run Super-Linter	2026-09-20T16:18:34.6751843Z   
Lint Code Base	Run Super-Linter	2026-09-20T16:18:34.6752060Z   > 1 │ import { NextRequest, NextResponse } from "next/server";
Lint Code Base	Run Super-Linter	2026-09-20T16:18:34.6752217Z       │        ^^^^^^^^^^^^^^^^^^^^^^^^^^^^^^^^^^^^^^^^^^^^^^^^
Lint Code Base	Run Super-Linter	2026-09-20T16:18:34.6752354Z     2 │ import { z } from "zod";
Lint Code Base	Run Super-Linter	2026-09-20T16:18:34.6752494Z     3 │ import { prisma } from "@/lib/prisma";
Lint Code Base	Run Super-Linter	2026-09-20T16:18:34.6752574Z   
Lint Code Base	Run Super-Linter	2026-09-20T16:18:34.6752671Z   i This import is only used as a type.
Lint Code Base	Run Super-Linter	2026-09-20T16:18:34.6752749Z   
Lint Code Base	Run Super-Linter	2026-09-20T16:18:34.6752947Z   > 1 │ import { NextRequest, NextResponse } from "next/server";
Lint Code Base	Run Super-Linter	2026-09-20T16:18:34.6753066Z       │          ^^^^^^^^^^^
Lint Code Base	Run Super-Linter	2026-09-20T16:18:34.6753190Z     2 │ import { z } from "zod";
Lint Code Base	Run Super-Linter	2026-09-20T16:18:34.6753334Z     3 │ import { prisma } from "@/lib/prisma";
Lint Code Base	Run Super-Linter	2026-09-20T16:18:34.6753409Z   
Lint Code Base	Run Super-Linter	2026-09-20T16:18:34.6753753Z   i Importing the types with import type ensures that they are removed by the compilers and avoids loading unnecessary modules.
Lint Code Base	Run Super-Linter	2026-09-20T16:18:34.6753833Z   
Lint Code Base	Run Super-Linter	2026-09-20T16:18:34.6753930Z   i Safe fix: Add inline type keywords.
Lint Code Base	Run Super-Linter	2026-09-20T16:18:34.6754005Z   
Lint Code Base	Run Super-Linter	2026-09-20T16:18:34.6754246Z     1 │ import·{·type·NextRequest,·NextResponse·}·from·"next/server";
Lint Code Base	Run Super-Linter	2026-09-20T16:18:34.6754404Z       │          +++++                                               
Lint Code Base	Run Super-Linter	2026-09-20T16:18:34.6754410Z 
Lint Code Base	Run Super-Linter	2026-09-20T16:18:34.6754750Z app/api/auth/signup/route.ts:1:8 lint/style/useImportType  FIXABLE  ━━━━━━━━━━━━━━━━━━━━━━━━━━━━━━━━
Lint Code Base	Run Super-Linter	2026-09-20T16:18:34.6754756Z 
Lint Code Base	Run Super-Linter	2026-09-20T16:18:34.6754862Z   ! Some named imports are only used as types.
Lint Code Base	Run Super-Linter	2026-09-20T16:18:34.6754949Z   
Lint Code Base	Run Super-Linter	2026-09-20T16:18:34.6755144Z   > 1 │ import { NextRequest, NextResponse } from "next/server";
Lint Code Base	Run Super-Linter	2026-09-20T16:18:34.6755309Z       │        ^^^^^^^^^^^^^^^^^^^^^^^^^^^^^^^^^^^^^^^^^^^^^^^^
Lint Code Base	Run Super-Linter	2026-09-20T16:18:34.6755436Z     2 │ import { z } from "zod";
Lint Code Base	Run Super-Linter	2026-09-20T16:18:34.6755572Z     3 │ import { prisma } from "@/lib/prisma";
Lint Code Base	Run Super-Linter	2026-09-20T16:18:34.6755646Z   
Lint Code Base	Run Super-Linter	2026-09-20T16:18:34.6755739Z   i This import is only used as a type.
Lint Code Base	Run Super-Linter	2026-09-20T16:18:34.6755818Z   
Lint Code Base	Run Super-Linter	2026-09-20T16:18:34.6756000Z   > 1 │ import { NextRequest, NextResponse } from "next/server";
Lint Code Base	Run Super-Linter	2026-09-20T16:18:34.6756115Z       │          ^^^^^^^^^^^
Lint Code Base	Run Super-Linter	2026-09-20T16:18:34.6756237Z     2 │ import { z } from "zod";
Lint Code Base	Run Super-Linter	2026-09-20T16:18:34.6756373Z     3 │ import { prisma } from "@/lib/prisma";
Lint Code Base	Run Super-Linter	2026-09-20T16:18:34.6756451Z   
Lint Code Base	Run Super-Linter	2026-09-20T16:18:34.6756784Z   i Importing the types with import type ensures that they are removed by the compilers and avoids loading unnecessary modules.
Lint Code Base	Run Super-Linter	2026-09-20T16:18:34.6756872Z   
Lint Code Base	Run Super-Linter	2026-09-20T16:18:34.6756963Z   i Safe fix: Add inline type keywords.
Lint Code Base	Run Super-Linter	2026-09-20T16:18:34.6757041Z   
Lint Code Base	Run Super-Linter	2026-09-20T16:18:34.6757276Z     1 │ import·{·type·NextRequest,·NextResponse·}·from·"next/server";
Lint Code Base	Run Super-Linter	2026-09-20T16:18:34.6757441Z       │          +++++                                               
Lint Code Base	Run Super-Linter	2026-09-20T16:18:34.6757447Z 
Lint Code Base	Run Super-Linter	2026-09-20T16:18:34.6757791Z app/api/businesses/route.ts:1:8 lint/style/useImportType  FIXABLE  ━━━━━━━━━━━━━━━━━━━━━━━━━━━━━━━━━
Lint Code Base	Run Super-Linter	2026-09-20T16:18:34.6757797Z 
Lint Code Base	Run Super-Linter	2026-09-20T16:18:34.6757899Z   ! Some named imports are only used as types.
Lint Code Base	Run Super-Linter	2026-09-20T16:18:34.6757977Z   
Lint Code Base	Run Super-Linter	2026-09-20T16:18:34.6758166Z   > 1 │ import { NextRequest, NextResponse } from "next/server";
Lint Code Base	Run Super-Linter	2026-09-20T16:18:34.6758318Z       │        ^^^^^^^^^^^^^^^^^^^^^^^^^^^^^^^^^^^^^^^^^^^^^^^^
Lint Code Base	Run Super-Linter	2026-09-20T16:18:34.6758439Z     2 │ import { z } from "zod";
Lint Code Base	Run Super-Linter	2026-09-20T16:18:34.6758574Z     3 │ import { prisma } from "@/lib/prisma";
Lint Code Base	Run Super-Linter	2026-09-20T16:18:34.6758650Z   
Lint Code Base	Run Super-Linter	2026-09-20T16:18:34.6758743Z   i This import is only used as a type.
Lint Code Base	Run Super-Linter	2026-09-20T16:18:34.6758924Z   
Lint Code Base	Run Super-Linter	2026-09-20T16:18:34.6759109Z   > 1 │ import { NextRequest, NextResponse } from "next/server";
Lint Code Base	Run Super-Linter	2026-09-20T16:18:34.6759228Z       │          ^^^^^^^^^^^
Lint Code Base	Run Super-Linter	2026-09-20T16:18:34.6759397Z     2 │ import { z } from "zod";
Lint Code Base	Run Super-Linter	2026-09-20T16:18:34.6759534Z     3 │ import { prisma } from "@/lib/prisma";
Lint Code Base	Run Super-Linter	2026-09-20T16:18:34.6759616Z   
Lint Code Base	Run Super-Linter	2026-09-20T16:18:34.6760154Z   i Importing the types with import type ensures that they are removed by the compilers and avoids loading unnecessary modules.
Lint Code Base	Run Super-Linter	2026-09-20T16:18:34.6760236Z   
Lint Code Base	Run Super-Linter	2026-09-20T16:18:34.6760329Z   i Safe fix: Add inline type keywords.
Lint Code Base	Run Super-Linter	2026-09-20T16:18:34.6760409Z   
Lint Code Base	Run Super-Linter	2026-09-20T16:18:34.6760708Z     1 │ import·{·type·NextRequest,·NextResponse·}·from·"next/server";
Lint Code Base	Run Super-Linter	2026-09-20T16:18:34.6760947Z       │          +++++                                               
Lint Code Base	Run Super-Linter	2026-09-20T16:18:34.6760953Z 
Lint Code Base	Run Super-Linter	2026-09-20T16:18:34.6761363Z middleware.ts:1:8 lint/style/useImportType  FIXABLE  ━━━━━━━━━━━━━━━━━━━━━━━━━━━━━━━━━━━━━━━━━━━━━━━
Lint Code Base	Run Super-Linter	2026-09-20T16:18:34.6761380Z 
Lint Code Base	Run Super-Linter	2026-09-20T16:18:34.6761485Z   ! Some named imports are only used as types.
Lint Code Base	Run Super-Linter	2026-09-20T16:18:34.6761570Z   
Lint Code Base	Run Super-Linter	2026-09-20T16:18:34.6761763Z   > 1 │ import { NextRequest, NextResponse } from "next/server";
Lint Code Base	Run Super-Linter	2026-09-20T16:18:34.6761928Z       │        ^^^^^^^^^^^^^^^^^^^^^^^^^^^^^^^^^^^^^^^^^^^^^^^^
Lint Code Base	Run Super-Linter	2026-09-20T16:18:34.6762141Z     2 │ import { SESSION_COOKIE, verifySession } from "@/lib/auth";
Lint Code Base	Run Super-Linter	2026-09-20T16:18:34.6762238Z     3 │ 
Lint Code Base	Run Super-Linter	2026-09-20T16:18:34.6762321Z   
Lint Code Base	Run Super-Linter	2026-09-20T16:18:34.6762418Z   i This import is only used as a type.
Lint Code Base	Run Super-Linter	2026-09-20T16:18:34.6762501Z   
Lint Code Base	Run Super-Linter	2026-09-20T16:18:34.6762689Z   > 1 │ import { NextRequest, NextResponse } from "next/server";
Lint Code Base	Run Super-Linter	2026-09-20T16:18:34.6762807Z       │          ^^^^^^^^^^^
Lint Code Base	Run Super-Linter	2026-09-20T16:18:34.6763005Z     2 │ import { SESSION_COOKIE, verifySession } from "@/lib/auth";
Lint Code Base	Run Super-Linter	2026-09-20T16:18:34.6763107Z     3 │ 
Lint Code Base	Run Super-Linter	2026-09-20T16:18:34.6763185Z   
Lint Code Base	Run Super-Linter	2026-09-20T16:18:34.6763519Z   i Importing the types with import type ensures that they are removed by the compilers and avoids loading unnecessary modules.
Lint Code Base	Run Super-Linter	2026-09-20T16:18:34.6763612Z   
Lint Code Base	Run Super-Linter	2026-09-20T16:18:34.6763708Z   i Safe fix: Add inline type keywords.
Lint Code Base	Run Super-Linter	2026-09-20T16:18:34.6763786Z   
Lint Code Base	Run Super-Linter	2026-09-20T16:18:34.6764020Z     1 │ import·{·type·NextRequest,·NextResponse·}·from·"next/server";
Lint Code Base	Run Super-Linter	2026-09-20T16:18:34.6764187Z       │          +++++                                               
Lint Code Base	Run Super-Linter	2026-09-20T16:18:34.6764193Z 
Lint Code Base	Run Super-Linter	2026-09-20T16:18:34.6764547Z prisma/seed.ts:42:18 lint/style/noNonNullAssertion ━━━━━━━━━━━━━━━━━━━━━━━━━━━━━━━━━━━━━━━━━━━━━━━━━
Lint Code Base	Run Super-Linter	2026-09-20T16:18:34.6764553Z 
Lint Code Base	Run Super-Linter	2026-09-20T16:18:34.6764649Z   ! Forbidden non-null assertion.
Lint Code Base	Run Super-Linter	2026-09-20T16:18:34.6764728Z   
Lint Code Base	Run Super-Linter	2026-09-20T16:18:34.6764858Z     40 │     include: { users: true },
Lint Code Base	Run Super-Linter	2026-09-20T16:18:34.6764964Z     41 │   });
Lint Code Base	Run Super-Linter	2026-09-20T16:18:34.6765265Z   > 42 │   const master = environment.users.find((u) => u.role === "MASTER")!;
Lint Code Base	Run Super-Linter	2026-09-20T16:18:34.6765498Z        │                  ^^^^^^^^^^^^^^^^^^^^^^^^^^^^^^^^^^^^^^^^^^^^^^^^^^^
Lint Code Base	Run Super-Linter	2026-09-20T16:18:34.6765603Z     43 │ 
Lint Code Base	Run Super-Linter	2026-09-20T16:18:34.6766035Z     44 │   const david = await prisma.user.create({
Lint Code Base	Run Super-Linter	2026-09-20T16:18:34.6766117Z   
Lint Code Base	Run Super-Linter	2026-09-20T16:18:34.6766122Z 
Lint Code Base	Run Super-Linter	2026-09-20T16:18:34.6766476Z scripts/github-monitor.js:6:7 lint/correctness/noUnusedVariables  FIXABLE  ━━━━━━━━━━━━━━━━━━━━━━━━━
Lint Code Base	Run Super-Linter	2026-09-20T16:18:34.6766553Z 
Lint Code Base	Run Super-Linter	2026-09-20T16:18:34.6766670Z   ! This variable POLL_INTERVAL_MS is unused.
Lint Code Base	Run Super-Linter	2026-09-20T16:18:34.6766745Z   
Lint Code Base	Run Super-Linter	2026-09-20T16:18:34.6766985Z     5 │ const STATE_FILE = path.join(__dirname, ".github-monitor-state.json");
Lint Code Base	Run Super-Linter	2026-09-20T16:18:34.6767167Z   > 6 │ const POLL_INTERVAL_MS = 5 * 60 * 1000; // 5 minutes
Lint Code Base	Run Super-Linter	2026-09-20T16:18:34.6767279Z       │       ^^^^^^^^^^^^^^^^
Lint Code Base	Run Super-Linter	2026-09-20T16:18:34.6767467Z     7 │ const REALERT_INTERVAL_MS = 4 * 60 * 1000; // 4 minutes
Lint Code Base	Run Super-Linter	2026-09-20T16:18:34.6767729Z     8 │ const MAX_ALERTS_PER_TICK = 4; // Pagination to prevent overwhelming the agent
Lint Code Base	Run Super-Linter	2026-09-20T16:18:34.6767804Z   
Lint Code Base	Run Super-Linter	2026-09-20T16:18:34.6768058Z   i Unused variables are often the result of typos, incomplete refactors, or other sources of bugs.
Lint Code Base	Run Super-Linter	2026-09-20T16:18:34.6768142Z   
Lint Code Base	Run Super-Linter	2026-09-20T16:18:34.6768351Z   i Unsafe fix: If this is intentional, prepend POLL_INTERVAL_MS with an underscore.
Lint Code Base	Run Super-Linter	2026-09-20T16:18:34.6768430Z   
Lint Code Base	Run Super-Linter	2026-09-20T16:18:34.6768538Z       4   4 │   
Lint Code Base	Run Super-Linter	2026-09-20T16:18:34.6768794Z       5   5 │   const STATE_FILE = path.join(__dirname, ".github-monitor-state.json");
Lint Code Base	Run Super-Linter	2026-09-20T16:18:34.6769016Z       6     │ - const·POLL_INTERVAL_MS·=·5·*·60·*·1000;·//·5·minutes
Lint Code Base	Run Super-Linter	2026-09-20T16:18:34.6769224Z           6 │ + const·_POLL_INTERVAL_MS·=·5·*·60·*·1000;·//·5·minutes
Lint Code Base	Run Super-Linter	2026-09-20T16:18:34.6769420Z       7   7 │   const REALERT_INTERVAL_MS = 4 * 60 * 1000; // 4 minutes
Lint Code Base	Run Super-Linter	2026-09-20T16:18:34.6769700Z       8   8 │   const MAX_ALERTS_PER_TICK = 4; // Pagination to prevent overwhelming the agent
Lint Code Base	Run Super-Linter	2026-09-20T16:18:34.6769917Z   
Lint Code Base	Run Super-Linter	2026-09-20T16:18:34.6769927Z 
Lint Code Base	Run Super-Linter	2026-09-20T16:18:34.6770343Z scripts/github-monitor.js:25:12 lint/correctness/noUnusedVariables  FIXABLE  ━━━━━━━━━━━━━━━━━━━━━━━
Lint Code Base	Run Super-Linter	2026-09-20T16:18:34.6770351Z 
Lint Code Base	Run Super-Linter	2026-09-20T16:18:34.6770456Z   ! This variable e is unused.
Lint Code Base	Run Super-Linter	2026-09-20T16:18:34.6770535Z   
Lint Code Base	Run Super-Linter	2026-09-20T16:18:34.6770669Z     23 │       state = loadedState;
Lint Code Base	Run Super-Linter	2026-09-20T16:18:34.6770767Z     24 │     }
Lint Code Base	Run Super-Linter	2026-09-20T16:18:34.6770893Z   > 25 │   } catch (e) {
Lint Code Base	Run Super-Linter	2026-09-20T16:18:34.6770993Z        │            ^
Lint Code Base	Run Super-Linter	2026-09-20T16:18:34.6771100Z     26 │     // ignore
Lint Code Base	Run Super-Linter	2026-09-20T16:18:34.6771193Z     27 │   }
Lint Code Base	Run Super-Linter	2026-09-20T16:18:34.6771275Z   
Lint Code Base	Run Super-Linter	2026-09-20T16:18:34.6771582Z   i Unused variables are often the result of typos, incomplete refactors, or other sources of bugs.
Lint Code Base	Run Super-Linter	2026-09-20T16:18:34.6771675Z   
Lint Code Base	Run Super-Linter	2026-09-20T16:18:34.6771894Z   i Unsafe fix: If this is intentional, prepend e with an underscore.
Lint Code Base	Run Super-Linter	2026-09-20T16:18:34.6771978Z   
Lint Code Base	Run Super-Linter	2026-09-20T16:18:34.6772144Z      23  23 │         state = loadedState;
Lint Code Base	Run Super-Linter	2026-09-20T16:18:34.6772247Z      24  24 │       }
Lint Code Base	Run Super-Linter	2026-09-20T16:18:34.6772381Z      25     │ - ··}·catch·(e)·{
Lint Code Base	Run Super-Linter	2026-09-20T16:18:34.6772505Z          25 │ + ··}·catch·(_e)·{
Lint Code Base	Run Super-Linter	2026-09-20T16:18:34.6772626Z      26  26 │       // ignore
Lint Code Base	Run Super-Linter	2026-09-20T16:18:34.6772748Z      27  27 │     }
Lint Code Base	Run Super-Linter	2026-09-20T16:18:34.6772820Z   
Lint Code Base	Run Super-Linter	2026-09-20T16:18:34.6772825Z 
Lint Code Base	Run Super-Linter	2026-09-20T16:18:34.6773175Z scripts/github-monitor.js:115:12 lint/correctness/noUnusedVariables  FIXABLE  ━━━━━━━━━━━━━━━━━━━━━━
Lint Code Base	Run Super-Linter	2026-09-20T16:18:34.6773191Z 
Lint Code Base	Run Super-Linter	2026-09-20T16:18:34.6773282Z   ! This variable error is unused.
Lint Code Base	Run Super-Linter	2026-09-20T16:18:34.6773360Z   
Lint Code Base	Run Super-Linter	2026-09-20T16:18:34.6773460Z     113 │       }
Lint Code Base	Run Super-Linter	2026-09-20T16:18:34.6773563Z     114 │     }
Lint Code Base	Run Super-Linter	2026-09-20T16:18:34.6773687Z   > 115 │   } catch (error) {
Lint Code Base	Run Super-Linter	2026-09-20T16:18:34.6773792Z         │            ^^^^^
Lint Code Base	Run Super-Linter	2026-09-20T16:18:34.6773998Z     116 │     // Stay silent on errors so we don't spam the agent.
Lint Code Base	Run Super-Linter	2026-09-20T16:18:34.6774091Z     117 │   }
Lint Code Base	Run Super-Linter	2026-09-20T16:18:34.6774168Z   
Lint Code Base	Run Super-Linter	2026-09-20T16:18:34.6774415Z   i Unused variables are often the result of typos, incomplete refactors, or other sources of bugs.
Lint Code Base	Run Super-Linter	2026-09-20T16:18:34.6774494Z   
Lint Code Base	Run Super-Linter	2026-09-20T16:18:34.6774665Z   i Unsafe fix: If this is intentional, prepend error with an underscore.
Lint Code Base	Run Super-Linter	2026-09-20T16:18:34.6774746Z   
Lint Code Base	Run Super-Linter	2026-09-20T16:18:34.6774986Z     113 113 │         }
Lint Code Base	Run Super-Linter	2026-09-20T16:18:34.6775089Z     114 114 │       }
Lint Code Base	Run Super-Linter	2026-09-20T16:18:34.6775227Z     115     │ - ··}·catch·(error)·{
Lint Code Base	Run Super-Linter	2026-09-20T16:18:34.6775418Z         115 │ + ··}·catch·(_error)·{
Lint Code Base	Run Super-Linter	2026-09-20T16:18:34.6775628Z     116 116 │       // Stay silent on errors so we don't spam the agent.
Lint Code Base	Run Super-Linter	2026-09-20T16:18:34.6775730Z     117 117 │     }
Lint Code Base	Run Super-Linter	2026-09-20T16:18:34.6775812Z   
Lint Code Base	Run Super-Linter	2026-09-20T16:18:34.6775817Z 
Lint Code Base	Run Super-Linter	2026-09-20T16:18:34.6776167Z seed-docker.js:224:9 lint/correctness/noUnusedVariables  FIXABLE  ━━━━━━━━━━━━━━━━━━━━━━━━━━━━━━━━━━
Lint Code Base	Run Super-Linter	2026-09-20T16:18:34.6776173Z 
Lint Code Base	Run Super-Linter	2026-09-20T16:18:34.6776264Z   ! This variable inv3 is unused.
Lint Code Base	Run Super-Linter	2026-09-20T16:18:34.6776345Z   
Lint Code Base	Run Super-Linter	2026-09-20T16:18:34.6776440Z     222 │     },
Lint Code Base	Run Super-Linter	2026-09-20T16:18:34.6776555Z     223 │   });
Lint Code Base	Run Super-Linter	2026-09-20T16:18:34.6776729Z   > 224 │   const inv3 = await prisma.document.create({
Lint Code Base	Run Super-Linter	2026-09-20T16:18:34.6776835Z         │         ^^^^
Lint Code Base	Run Super-Linter	2026-09-20T16:18:34.6776941Z     225 │     data: {
Lint Code Base	Run Super-Linter	2026-09-20T16:18:34.6777058Z     226 │       type: "INVOICE",
Lint Code Base	Run Super-Linter	2026-09-20T16:18:34.6777149Z   
Lint Code Base	Run Super-Linter	2026-09-20T16:18:34.6777392Z   i Unused variables are often the result of typos, incomplete refactors, or other sources of bugs.
Lint Code Base	Run Super-Linter	2026-09-20T16:18:34.6777478Z   
Lint Code Base	Run Super-Linter	2026-09-20T16:18:34.6777641Z   i Unsafe fix: If this is intentional, prepend inv3 with an underscore.
Lint Code Base	Run Super-Linter	2026-09-20T16:18:34.6777717Z   
Lint Code Base	Run Super-Linter	2026-09-20T16:18:34.6777818Z     222 222 │       },
Lint Code Base	Run Super-Linter	2026-09-20T16:18:34.6777924Z     223 223 │     });
Lint Code Base	Run Super-Linter	2026-09-20T16:18:34.6778136Z     224     │ - ··const·inv3·=·await·prisma.document.create({
Lint Code Base	Run Super-Linter	2026-09-20T16:18:34.6778331Z         224 │ + ··const·_inv3·=·await·prisma.document.create({
Lint Code Base	Run Super-Linter	2026-09-20T16:18:34.6778452Z     225 225 │       data: {
Lint Code Base	Run Super-Linter	2026-09-20T16:18:34.6778576Z     226 226 │         type: "INVOICE",
Lint Code Base	Run Super-Linter	2026-09-20T16:18:34.6778653Z   
Lint Code Base	Run Super-Linter	2026-09-20T16:18:34.6778658Z 
Lint Code Base	Run Super-Linter	2026-09-20T16:18:34.6778992Z app/(app)/invoices/[id]/page.tsx:86:24 lint/suspicious/noArrayIndexKey ━━━━━━━━━━━━━━━━━━━━━━━━━━━━━
Lint Code Base	Run Super-Linter	2026-09-20T16:18:34.6779005Z 
Lint Code Base	Run Super-Linter	2026-09-20T16:18:34.6779217Z   × Avoid using the index of an array as key property in an element.
Lint Code Base	Run Super-Linter	2026-09-20T16:18:34.6779308Z   
Lint Code Base	Run Super-Linter	2026-09-20T16:18:34.6779604Z     84 │           <ul className="text-xs text-[var(--text-secondary)] list-disc pl-4 space-y-0.5">
Lint Code Base	Run Super-Linter	2026-09-20T16:18:34.6779856Z     85 │             {reasons.map((r, i) => (
Lint Code Base	Run Super-Linter	2026-09-20T16:18:34.6779988Z   > 86 │               <li key={i}>{r}</li>
Lint Code Base	Run Super-Linter	2026-09-20T16:18:34.6780113Z        │                        ^
Lint Code Base	Run Super-Linter	2026-09-20T16:18:34.6780217Z     87 │             ))}
Lint Code Base	Run Super-Linter	2026-09-20T16:18:34.6780327Z     88 │           </ul>
Lint Code Base	Run Super-Linter	2026-09-20T16:18:34.6780407Z   
Lint Code Base	Run Super-Linter	2026-09-20T16:18:34.6780505Z   i This is the source of the key value.
Lint Code Base	Run Super-Linter	2026-09-20T16:18:34.6780581Z   
Lint Code Base	Run Super-Linter	2026-09-20T16:18:34.6780687Z     83 │           </div>
Lint Code Base	Run Super-Linter	2026-09-20T16:18:34.6780980Z     84 │           <ul className="text-xs text-[var(--text-secondary)] list-disc pl-4 space-y-0.5">
Lint Code Base	Run Super-Linter	2026-09-20T16:18:34.6781114Z   > 85 │             {reasons.map((r, i) => (
Lint Code Base	Run Super-Linter	2026-09-20T16:18:34.6781238Z        │                              ^
Lint Code Base	Run Super-Linter	2026-09-20T16:18:34.6781371Z     86 │               <li key={i}>{r}</li>
Lint Code Base	Run Super-Linter	2026-09-20T16:18:34.6781487Z     87 │             ))}
Lint Code Base	Run Super-Linter	2026-09-20T16:18:34.6781563Z   
Lint Code Base	Run Super-Linter	2026-09-20T16:18:34.6781790Z   i The order of the items may change, and this also affects performances and component state.
Lint Code Base	Run Super-Linter	2026-09-20T16:18:34.6781875Z   
Lint Code Base	Run Super-Linter	2026-09-20T16:18:34.6781969Z   i Check the React documentation. 
Lint Code Base	Run Super-Linter	2026-09-20T16:18:34.6782048Z   
Lint Code Base	Run Super-Linter	2026-09-20T16:18:34.6782053Z 
Lint Code Base	Run Super-Linter	2026-09-20T16:18:34.6782387Z app/(app)/page.tsx:74:11 lint/a11y/useButtonType ━━━━━━━━━━━━━━━━━━━━━━━━━━━━━━━━━━━━━━━━━━━━━━━━━━━
Lint Code Base	Run Super-Linter	2026-09-20T16:18:34.6782400Z 
Lint Code Base	Run Super-Linter	2026-09-20T16:18:34.6782580Z   × Provide an explicit type prop for the button element.
Lint Code Base	Run Super-Linter	2026-09-20T16:18:34.6782653Z   
Lint Code Base	Run Super-Linter	2026-09-20T16:18:34.6782788Z     73 │         <div className="flex gap-3">
Lint Code Base	Run Super-Linter	2026-09-20T16:18:34.6783377Z   > 74 │           <button className="flex items-center gap-2 px-3 py-2 text-xs rounded-md border border-[var(--border-color)] bg-[var(--bg-surface)] text-[var(--text-primary)]">
Lint Code Base	Run Super-Linter	2026-09-20T16:18:34.6783709Z        │           ^^^^^^^^^^^^^^^^^^^^^^^^^^^^^^^^^^^^^^^^^^^^^^^^^^^^^^^^^^^^^^^^^^^^^^^^^^^^^^^^^^^^^^^^^^^^^^^^^^^^^^^^^^^^^^^^^^^^^^^^^^^^^^^^^^^^^^^^^^^^^^^^^^^^^^^^^^^^^^^
Lint Code Base	Run Super-Linter	2026-09-20T16:18:34.6783964Z     75 │             <Filter className="w-3.5 h-3.5" /> Filters
Lint Code Base	Run Super-Linter	2026-09-20T16:18:34.6784141Z     76 │           </button>
Lint Code Base	Run Super-Linter	2026-09-20T16:18:34.6784213Z   
Lint Code Base	Run Super-Linter	2026-09-20T16:18:34.6784743Z   i The default type of a button is submit, which causes the submission of a form when placed inside a `form` element. This is likely not the behaviour that you want inside a React application.
Lint Code Base	Run Super-Linter	2026-09-20T16:18:34.6784819Z   
Lint Code Base	Run Super-Linter	2026-09-20T16:18:34.6784951Z   i Allowed button types are: submit, button or reset
Lint Code Base	Run Super-Linter	2026-09-20T16:18:34.6785027Z   
Lint Code Base	Run Super-Linter	2026-09-20T16:18:34.6785031Z 
Lint Code Base	Run Super-Linter	2026-09-20T16:18:34.6785373Z app/(app)/page.tsx:111:18 lint/suspicious/noArrayIndexKey ━━━━━━━━━━━━━━━━━━━━━━━━━━━━━━━━━━━━━━━━━━
Lint Code Base	Run Super-Linter	2026-09-20T16:18:34.6785379Z 
Lint Code Base	Run Super-Linter	2026-09-20T16:18:34.6785597Z   × Avoid using the index of an array as key property in an element.
Lint Code Base	Run Super-Linter	2026-09-20T16:18:34.6785677Z   
Lint Code Base	Run Super-Linter	2026-09-20T16:18:34.6785818Z     109 │         ].map((metric, i) => (
Lint Code Base	Run Super-Linter	2026-09-20T16:18:34.6785923Z     110 │           <div
Lint Code Base	Run Super-Linter	2026-09-20T16:18:34.6786041Z   > 111 │             key={i}
Lint Code Base	Run Super-Linter	2026-09-20T16:18:34.6786165Z         │                  ^
Lint Code Base	Run Super-Linter	2026-09-20T16:18:34.6786397Z     112 │             className={`p-4 rounded-xl border bg-[var(--bg-surface)] ${
Lint Code Base	Run Super-Linter	2026-09-20T16:18:34.6786537Z     113 │               metric.highlight
Lint Code Base	Run Super-Linter	2026-09-20T16:18:34.6786607Z   
Lint Code Base	Run Super-Linter	2026-09-20T16:18:34.6786709Z   i This is the source of the key value.
Lint Code Base	Run Super-Linter	2026-09-20T16:18:34.6786778Z   
Lint Code Base	Run Super-Linter	2026-09-20T16:18:34.6786939Z     107 │             detail: "Needs a second look",
Lint Code Base	Run Super-Linter	2026-09-20T16:18:34.6787042Z     108 │           },
Lint Code Base	Run Super-Linter	2026-09-20T16:18:34.6787174Z   > 109 │         ].map((metric, i) => (
Lint Code Base	Run Super-Linter	2026-09-20T16:18:34.6787296Z         │                        ^
Lint Code Base	Run Super-Linter	2026-09-20T16:18:34.6787401Z     110 │           <div
Lint Code Base	Run Super-Linter	2026-09-20T16:18:34.6787519Z     111 │             key={i}
Lint Code Base	Run Super-Linter	2026-09-20T16:18:34.6787590Z   
Lint Code Base	Run Super-Linter	2026-09-20T16:18:34.6787825Z   i The order of the items may change, and this also affects performances and component state.
Lint Code Base	Run Super-Linter	2026-09-20T16:18:34.6787907Z   
Lint Code Base	Run Super-Linter	2026-09-20T16:18:34.6788012Z   i Check the React documentation. 
Lint Code Base	Run Super-Linter	2026-09-20T16:18:34.6788099Z   
Lint Code Base	Run Super-Linter	2026-09-20T16:18:34.6788104Z 
Lint Code Base	Run Super-Linter	2026-09-20T16:18:34.6788442Z app/(app)/reports/page.tsx:50:9 lint/a11y/useButtonType ━━━━━━━━━━━━━━━━━━━━━━━━━━━━━━━━━━━━━━━━━━━━
Lint Code Base	Run Super-Linter	2026-09-20T16:18:34.6788449Z 
Lint Code Base	Run Super-Linter	2026-09-20T16:18:34.6788633Z   × Provide an explicit type prop for the button element.
Lint Code Base	Run Super-Linter	2026-09-20T16:18:34.6788703Z   
Lint Code Base	Run Super-Linter	2026-09-20T16:18:34.6788818Z     48 │           </p>
Lint Code Base	Run Super-Linter	2026-09-20T16:18:34.6788922Z     49 │         </div>
Lint Code Base	Run Super-Linter	2026-09-20T16:18:34.6789591Z   > 50 │         <button className="px-3 py-1.5 text-xs rounded-md border border-[var(--border-color)] bg-[var(--bg-surface)] hover:bg-[var(--bg-surface-alt)] inline-flex items-center gap-1.5 font-medium">
Lint Code Base	Run Super-Linter	2026-09-20T16:18:34.6790052Z        │         ^^^^^^^^^^^^^^^^^^^^^^^^^^^^^^^^^^^^^^^^^^^^^^^^^^^^^^^^^^^^^^^^^^^^^^^^^^^^^^^^^^^^^^^^^^^^^^^^^^^^^^^^^^^^^^^^^^^^^^^^^^^^^^^^^^^^^^^^^^^^^^^^^^^^^^^^^^^^^^^^^^^^^^^^^^^^^^^^^^^^^^^^^^^^
Lint Code Base	Run Super-Linter	2026-09-20T16:18:34.6790284Z     51 │           <Download className="w-3.5 h-3.5" /> Export Audit Summary
Lint Code Base	Run Super-Linter	2026-09-20T16:18:34.6790408Z     52 │         </button>
Lint Code Base	Run Super-Linter	2026-09-20T16:18:34.6790477Z   
Lint Code Base	Run Super-Linter	2026-09-20T16:18:34.6790995Z   i The default type of a button is submit, which causes the submission of a form when placed inside a `form` element. This is likely not the behaviour that you want inside a React application.
Lint Code Base	Run Super-Linter	2026-09-20T16:18:34.6791082Z   
Lint Code Base	Run Super-Linter	2026-09-20T16:18:34.6791210Z   i Allowed button types are: submit, button or reset
Lint Code Base	Run Super-Linter	2026-09-20T16:18:34.6791292Z   
Lint Code Base	Run Super-Linter	2026-09-20T16:18:34.6791297Z 
Lint Code Base	Run Super-Linter	2026-09-20T16:18:34.6791653Z scripts/github-monitor.js:20:32 lint/suspicious/useIterableCallbackReturn ━━━━━━━━━━━━━━━━━━━━━━━━━━
Lint Code Base	Run Super-Linter	2026-09-20T16:18:34.6791659Z 
Lint Code Base	Run Super-Linter	2026-09-20T16:18:34.6791926Z   × This callback passed to forEach() iterable method should not return a value.
Lint Code Base	Run Super-Linter	2026-09-20T16:18:34.6792012Z   
Lint Code Base	Run Super-Linter	2026-09-20T16:18:34.6792255Z     18 │     const loadedState = JSON.parse(fs.readFileSync(STATE_FILE, "utf8"));
Lint Code Base	Run Super-Linter	2026-09-20T16:18:34.6792661Z     19 │     if (Array.isArray(loadedState.reportedRuns)) {
Lint Code Base	Run Super-Linter	2026-09-20T16:18:34.6793027Z   > 20 │       loadedState.reportedRuns.forEach(id => state.reportedRuns[id] = Date.now());
Lint Code Base	Run Super-Linter	2026-09-20T16:18:34.6793249Z        │                                ^^^^^^^
Lint Code Base	Run Super-Linter	2026-09-20T16:18:34.6793568Z     21 │       loadedState.reportedComments.forEach(id => state.reportedComments[id] = Date.now());
Lint Code Base	Run Super-Linter	2026-09-20T16:18:34.6793676Z     22 │     } else {
Lint Code Base	Run Super-Linter	2026-09-20T16:18:34.6793751Z   
Lint Code Base	Run Super-Linter	2026-09-20T16:18:34.6793888Z   i Either remove this return or remove the returned value.
Lint Code Base	Run Super-Linter	2026-09-20T16:18:34.6793966Z   
Lint Code Base	Run Super-Linter	2026-09-20T16:18:34.6794205Z     18 │     const loadedState = JSON.parse(fs.readFileSync(STATE_FILE, "utf8"));
Lint Code Base	Run Super-Linter	2026-09-20T16:18:34.6794390Z     19 │     if (Array.isArray(loadedState.reportedRuns)) {
Lint Code Base	Run Super-Linter	2026-09-20T16:18:34.6794691Z   > 20 │       loadedState.reportedRuns.forEach(id => state.reportedRuns[id] = Date.now());
Lint Code Base	Run Super-Linter	2026-09-20T16:18:34.6794892Z        │                                              ^^^^^^^^^^^^^^^^^^^^^^^^^^^^^^^^^^^
Lint Code Base	Run Super-Linter	2026-09-20T16:18:34.6795230Z     21 │       loadedState.reportedComments.forEach(id => state.reportedComments[id] = Date.now());
Lint Code Base	Run Super-Linter	2026-09-20T16:18:34.6795340Z     22 │     } else {
Lint Code Base	Run Super-Linter	2026-09-20T16:18:34.6795419Z   
Lint Code Base	Run Super-Linter	2026-09-20T16:18:34.6795424Z 
Lint Code Base	Run Super-Linter	2026-09-20T16:18:34.6795771Z scripts/github-monitor.js:21:36 lint/suspicious/useIterableCallbackReturn ━━━━━━━━━━━━━━━━━━━━━━━━━━
Lint Code Base	Run Super-Linter	2026-09-20T16:18:34.6795776Z 
Lint Code Base	Run Super-Linter	2026-09-20T16:18:34.6796028Z   × This callback passed to forEach() iterable method should not return a value.
Lint Code Base	Run Super-Linter	2026-09-20T16:18:34.6796098Z   
Lint Code Base	Run Super-Linter	2026-09-20T16:18:34.6796277Z     19 │     if (Array.isArray(loadedState.reportedRuns)) {
Lint Code Base	Run Super-Linter	2026-09-20T16:18:34.6796563Z     20 │       loadedState.reportedRuns.forEach(id => state.reportedRuns[id] = Date.now());
Lint Code Base	Run Super-Linter	2026-09-20T16:18:34.6796917Z   > 21 │       loadedState.reportedComments.forEach(id => state.reportedComments[id] = Date.now());
Lint Code Base	Run Super-Linter	2026-09-20T16:18:34.6797127Z        │                                    ^^^^^^^
Lint Code Base	Run Super-Linter	2026-09-20T16:18:34.6797263Z     22 │     } else {
Lint Code Base	Run Super-Linter	2026-09-20T16:18:34.6797422Z     23 │       state = loadedState;
Lint Code Base	Run Super-Linter	2026-09-20T16:18:34.6797491Z   
Lint Code Base	Run Super-Linter	2026-09-20T16:18:34.6797640Z   i Either remove this return or remove the returned value.
Lint Code Base	Run Super-Linter	2026-09-20T16:18:34.6797718Z   
Lint Code Base	Run Super-Linter	2026-09-20T16:18:34.6797887Z     19 │     if (Array.isArray(loadedState.reportedRuns)) {
Lint Code Base	Run Super-Linter	2026-09-20T16:18:34.6798172Z     20 │       loadedState.reportedRuns.forEach(id => state.reportedRuns[id] = Date.now());
Lint Code Base	Run Super-Linter	2026-09-20T16:18:34.6798481Z   > 21 │       loadedState.reportedComments.forEach(id => state.reportedComments[id] = Date.now());
Lint Code Base	Run Super-Linter	2026-09-20T16:18:34.6798687Z        │                                                  ^^^^^^^^^^^^^^^^^^^^^^^^^^^^^^^^^^^^^^^
Lint Code Base	Run Super-Linter	2026-09-20T16:18:34.6798802Z     22 │     } else {
Lint Code Base	Run Super-Linter	2026-09-20T16:18:34.6798931Z     23 │       state = loadedState;
Lint Code Base	Run Super-Linter	2026-09-20T16:18:34.6799007Z   
Lint Code Base	Run Super-Linter	2026-09-20T16:18:34.6799013Z 
Lint Code Base	Run Super-Linter	2026-09-20T16:18:34.6799333Z lint ━━━━━━━━━━━━━━━━━━━━━━━━━━━━━━━━━━━━━━━━━━━━━━━━━━━━━━━━━━━━━━━━━━━━━━━━━━━━━━━━━━━━━━━━━━━━━━━
Lint Code Base	Run Super-Linter	2026-09-20T16:18:34.6799406Z 
Lint Code Base	Run Super-Linter	2026-09-20T16:18:34.6799580Z   × Some warnings were emitted while running checks.
Lint Code Base	Run Super-Linter	2026-09-20T16:18:34.6799656Z   
Lint Code Base	Run Super-Linter	2026-09-20T16:18:34.6799945Z ------
Lint Code Base	Run Super-Linter	2026-09-20T16:18:34.6800356Z ##[endgroup]
Lint Code Base	Run Super-Linter	2026-09-20T16:18:34.7921222Z ##[group]GIT_MERGE_CONFLICT_MARKERS
Lint Code Base	Run Super-Linter	2026-09-20T16:18:34.7988099Z 2026-09-20 16:18:34 [NOTICE]   Successfully linted GIT_MERGE_CONFLICT_MARKERS
Lint Code Base	Run Super-Linter	2026-09-20T16:18:34.8020995Z 2026-09-20 16:18:34 [INFO]   Stdout contents for GIT_MERGE_CONFLICT_MARKERS:
Lint Code Base	Run Super-Linter	2026-09-20T16:18:34.8021132Z ------
Lint Code Base	Run Super-Linter	2026-09-20T16:18:34.8021374Z No merge conflicts found in /github/workspace/.github/workflows/super-linter.yml
Lint Code Base	Run Super-Linter	2026-09-20T16:18:34.8021447Z ------
Lint Code Base	Run Super-Linter	2026-09-20T16:18:34.8091740Z ##[endgroup]
Lint Code Base	Run Super-Linter	2026-09-20T16:18:35.0608981Z ##[group]PRE_COMMIT
Lint Code Base	Run Super-Linter	2026-09-20T16:18:35.0676632Z 2026-09-20 16:18:35 [NOTICE]   Successfully linted PRE_COMMIT
Lint Code Base	Run Super-Linter	2026-09-20T16:18:35.0746842Z ##[endgroup]
Lint Code Base	Run Super-Linter	2026-09-20T16:18:35.2896592Z ##[group]YAML
Lint Code Base	Run Super-Linter	2026-09-20T16:18:35.2961768Z 2026-09-20 16:18:35 [NOTICE]   Successfully linted YAML
Lint Code Base	Run Super-Linter	2026-09-20T16:18:35.2994432Z 2026-09-20 16:18:35 [INFO]   Stdout contents for YAML:
Lint Code Base	Run Super-Linter	2026-09-20T16:18:35.2995015Z ------
Lint Code Base	Run Super-Linter	2026-09-20T16:18:35.2995815Z /github/workspace/.github/workflows/super-linter.yml:1:1: [warning] missing document start "---" (document-start)
Lint Code Base	Run Super-Linter	2026-09-20T16:18:35.2997250Z /github/workspace/.github/workflows/super-linter.yml:21:81: [warning] line too long (98 > 80 characters) (line-length)
Lint Code Base	Run Super-Linter	2026-09-20T16:18:35.2998208Z ------
Lint Code Base	Run Super-Linter	2026-09-20T16:18:35.3063160Z ##[endgroup]
Lint Code Base	Run Super-Linter	2026-09-20T16:18:35.3216308Z ##[group]YAML_PRETTIER
Lint Code Base	Run Super-Linter	2026-09-20T16:18:35.3279881Z 2026-09-20 16:18:35 [NOTICE]   Successfully linted YAML_PRETTIER
Lint Code Base	Run Super-Linter	2026-09-20T16:18:35.3311823Z 2026-09-20 16:18:35 [INFO]   Stdout contents for YAML_PRETTIER:
Lint Code Base	Run Super-Linter	2026-09-20T16:18:35.3312290Z ------
Lint Code Base	Run Super-Linter	2026-09-20T16:18:35.3312493Z Checking formatting...
Lint Code Base	Run Super-Linter	2026-09-20T16:18:35.3312752Z All matched files use Prettier code style!
Lint Code Base	Run Super-Linter	2026-09-20T16:18:35.3313024Z ------
Lint Code Base	Run Super-Linter	2026-09-20T16:18:35.3379109Z ##[endgroup]
Lint Code Base	Run Super-Linter	2026-09-20T16:18:35.3444307Z 2026-09-20 16:18:35 [ERROR]   Super-linter detected linting errors
