Lint Code Base	Run Super-Linter	﻿2026-09-20T16:07:25.9746987Z ##[group]Run super-linter/super-linter@latest
Lint Code Base	Run Super-Linter	2026-09-20T16:07:25.9747329Z env:
Lint Code Base	Run Super-Linter	2026-09-20T16:07:25.9750262Z   GITHUB_TOKEN: ***
Lint Code Base	Run Super-Linter	2026-09-20T16:07:25.9750495Z   VALIDATE_ALL_CODEBASE: false
Lint Code Base	Run Super-Linter	2026-09-20T16:07:25.9750777Z   ENABLE_GITHUB_PULL_REQUEST_SUMMARY_COMMENT: false
Lint Code Base	Run Super-Linter	2026-09-20T16:07:25.9751084Z   MULTI_STATUS: false
Lint Code Base	Run Super-Linter	2026-09-20T16:07:25.9751293Z   VALIDATE_TYPESCRIPT_ES: false
Lint Code Base	Run Super-Linter	2026-09-20T16:07:25.9751521Z   VALIDATE_TSX: false
Lint Code Base	Run Super-Linter	2026-09-20T16:07:25.9751725Z   VALIDATE_JAVASCRIPT_ES: false
Lint Code Base	Run Super-Linter	2026-09-20T16:07:25.9751947Z   VALIDATE_JSX: false
Lint Code Base	Run Super-Linter	2026-09-20T16:07:25.9752158Z   VALIDATE_TYPESCRIPT_PRETTIER: false
Lint Code Base	Run Super-Linter	2026-09-20T16:07:25.9752422Z   VALIDATE_TSX_PRETTIER: false
Lint Code Base	Run Super-Linter	2026-09-20T16:07:25.9752664Z   VALIDATE_JAVASCRIPT_PRETTIER: false
Lint Code Base	Run Super-Linter	2026-09-20T16:07:25.9752921Z   VALIDATE_JSX_PRETTIER: false
Lint Code Base	Run Super-Linter	2026-09-20T16:07:25.9753158Z   VALIDATE_MARKDOWN_PRETTIER: false
Lint Code Base	Run Super-Linter	2026-09-20T16:07:25.9753413Z   VALIDATE_MARKDOWN: false
Lint Code Base	Run Super-Linter	2026-09-20T16:07:25.9753640Z   VALIDATE_NATURAL_LANGUAGE: false
Lint Code Base	Run Super-Linter	2026-09-20T16:07:25.9753891Z   VALIDATE_SPELL_CODESPELL: false
Lint Code Base	Run Super-Linter	2026-09-20T16:07:25.9754477Z   VALIDATE_TRIVY: false
Lint Code Base	Run Super-Linter	2026-09-20T16:07:25.9754704Z   VALIDATE_JSCPD: false
Lint Code Base	Run Super-Linter	2026-09-20T16:07:25.9754926Z   VALIDATE_GITHUB_ACTIONS: false
Lint Code Base	Run Super-Linter	2026-09-20T16:07:25.9755177Z   VALIDATE_GITHUB_ACTIONS_ZIZMOR: false
Lint Code Base	Run Super-Linter	2026-09-20T16:07:25.9755431Z ##[endgroup]
Lint Code Base	Run Super-Linter	2026-09-20T16:07:25.9852309Z ##[command]/usr/bin/docker run --name ghcriosuperlintersuperlinterv870_0f0ac9 --label 610b46 --workdir /github/workspace --rm -e "GITHUB_TOKEN" -e "VALIDATE_ALL_CODEBASE" -e "ENABLE_GITHUB_PULL_REQUEST_SUMMARY_COMMENT" -e "MULTI_STATUS" -e "VALIDATE_TYPESCRIPT_ES" -e "VALIDATE_TSX" -e "VALIDATE_JAVASCRIPT_ES" -e "VALIDATE_JSX" -e "VALIDATE_TYPESCRIPT_PRETTIER" -e "VALIDATE_TSX_PRETTIER" -e "VALIDATE_JAVASCRIPT_PRETTIER" -e "VALIDATE_JSX_PRETTIER" -e "VALIDATE_MARKDOWN_PRETTIER" -e "VALIDATE_MARKDOWN" -e "VALIDATE_NATURAL_LANGUAGE" -e "VALIDATE_SPELL_CODESPELL" -e "VALIDATE_TRIVY" -e "VALIDATE_JSCPD" -e "VALIDATE_GITHUB_ACTIONS" -e "VALIDATE_GITHUB_ACTIONS_ZIZMOR" -e "HOME" -e "GITHUB_JOB" -e "GITHUB_REF" -e "GITHUB_SHA" -e "GITHUB_REPOSITORY" -e "GITHUB_REPOSITORY_OWNER" -e "GITHUB_REPOSITORY_OWNER_ID" -e "GITHUB_RUN_ID" -e "GITHUB_RUN_NUMBER" -e "GITHUB_RETENTION_DAYS" -e "GITHUB_RUN_ATTEMPT" -e "GITHUB_ACTOR_ID" -e "GITHUB_ACTOR" -e "GITHUB_WORKFLOW" -e "GITHUB_HEAD_REF" -e "GITHUB_BASE_REF" -e "GITHUB_EVENT_NAME" -e "GITHUB_SERVER_URL" -e "GITHUB_API_URL" -e "GITHUB_GRAPHQL_URL" -e "GITHUB_REF_NAME" -e "GITHUB_REF_PROTECTED" -e "GITHUB_REF_TYPE" -e "GITHUB_WORKFLOW_REF" -e "GITHUB_WORKFLOW_SHA" -e "GITHUB_REPOSITORY_ID" -e "GITHUB_TRIGGERING_ACTOR" -e "GITHUB_WORKSPACE" -e "GITHUB_ACTION" -e "GITHUB_EVENT_PATH" -e "GITHUB_ACTION_REPOSITORY" -e "GITHUB_ACTION_REF" -e "GITHUB_PATH" -e "GITHUB_ENV" -e "GITHUB_STEP_SUMMARY" -e "GITHUB_STATE" -e "GITHUB_OUTPUT" -e "GITHUB_ARTIFACTS" -e "GITHUB_ARTIFACTS_LIST" -e "RUNNER_OS" -e "RUNNER_ARCH" -e "RUNNER_NAME" -e "RUNNER_ENVIRONMENT" -e "RUNNER_TOOL_CACHE" -e "RUNNER_TEMP" -e "RUNNER_WORKSPACE" -e "ACTIONS_RUNTIME_URL" -e "ACTIONS_RUNTIME_TOKEN" -e "ACTIONS_CACHE_URL" -e "ACTIONS_RESULTS_URL" -e "ACTIONS_CACHE_MODE" -e "ACTIONS_ORCHESTRATION_ID" -e GITHUB_ACTIONS=true -e CI=true -v "/var/run/docker.sock":"/var/run/docker.sock" -v "/home/runner/work/_temp":"/github/runner_temp" -v "/home/runner/work/_temp/_github_home":"/github/home" -v "/home/runner/work/_temp/_github_workflow":"/github/workflow" -v "/home/runner/work/_temp/_runner_file_commands":"/github/file_commands" -v "/home/runner/work/ghost-invoice-hunter/ghost-invoice-hunter":"/github/workspace" ghcr.io/super-linter/super-linter:v8.7.0
Lint Code Base	Run Super-Linter	2026-09-20T16:07:26.2131061Z ##[group]Super-Linter initialization
Lint Code Base	Run Super-Linter	2026-09-20T16:07:26.4007741Z 2026-09-20 16:07:26 [INFO]   --------------------------------------------------------------------------------
Lint Code Base	Run Super-Linter	2026-09-20T16:07:26.4008733Z 
Lint Code Base	Run Super-Linter	2026-09-20T16:07:26.4009175Z                               /@@#///////@@/(@//@%/(@.@(       @@
Lint Code Base	Run Super-Linter	2026-09-20T16:07:26.4009817Z                           @@//////////////////////////////#*  @@@
Lint Code Base	Run Super-Linter	2026-09-20T16:07:26.4010379Z                         @////@//(///////////@@@@@///@//@/@**//@@(
Lint Code Base	Run Super-Linter	2026-09-20T16:07:26.4011393Z                       @///////@///////////////@@@@    (           @,
Lint Code Base	Run Super-Linter	2026-09-20T16:07:26.4011968Z                      @/(&/@////////////////////                     @
Lint Code Base	Run Super-Linter	2026-09-20T16:07:26.4012528Z                     @////////////////////////@@                      @
Lint Code Base	Run Super-Linter	2026-09-20T16:07:26.4013186Z                   @%////////(//////////%/////&@            @@       *,@           ______________
Lint Code Base	Run Super-Linter	2026-09-20T16:07:26.4013934Z              @@@@@/@/#/////(&//////////////////                       .@         /              \
Lint Code Base	Run Super-Linter	2026-09-20T16:07:26.4014989Z         *@@@@@.    .%///(//@//////////////////&.   .@@,                 @%      / Don't mind me  \
Lint Code Base	Run Super-Linter	2026-09-20T16:07:26.4015757Z       @@%           .&@&&/@.@//&/////(//////////    @@@@@@@@@         .. &@    / I'm just looking \
Lint Code Base	Run Super-Linter	2026-09-20T16:07:26.4016590Z     @@%               @@@@@   @&/////////////////#   @/       V  @@/ ,@@@ @   <  for some trash... |
Lint Code Base	Run Super-Linter	2026-09-20T16:07:26.4017342Z @@@%                   @@@@        .%@@@@//////#@ @   @@         @     .,.     \__________________/
Lint Code Base	Run Super-Linter	2026-09-20T16:07:26.4018024Z                                           @@@/@(  (@@@@% @/\      %
Lint Code Base	Run Super-Linter	2026-09-20T16:07:26.4018588Z                                            @@@@(    .     .@@/\   #
Lint Code Base	Run Super-Linter	2026-09-20T16:07:26.4019149Z                                              @                  %@%
Lint Code Base	Run Super-Linter	2026-09-20T16:07:26.4019547Z 
Lint Code Base	Run Super-Linter	2026-09-20T16:07:26.4019852Z --------------------------------------------------------------------------------
Lint Code Base	Run Super-Linter	2026-09-20T16:07:26.4040472Z 2026-09-20 16:07:26 [INFO]   ---------------------------------------------
Lint Code Base	Run Super-Linter	2026-09-20T16:07:26.4078430Z 2026-09-20 16:07:26 [INFO]    Super-linter
Lint Code Base	Run Super-Linter	2026-09-20T16:07:26.4117169Z 2026-09-20 16:07:26 [INFO]    - Image Creation Date: 2026-06-19T07:30:36Z
Lint Code Base	Run Super-Linter	2026-09-20T16:07:26.4154896Z 2026-09-20 16:07:26 [INFO]    - Image Revision: 4ce20838b8ab83717e78138c5b3a1407148e0918
Lint Code Base	Run Super-Linter	2026-09-20T16:07:26.4193476Z 2026-09-20 16:07:26 [INFO]    - Image Version: 8.7.0
Lint Code Base	Run Super-Linter	2026-09-20T16:07:26.4226037Z 2026-09-20 16:07:26 [INFO]   ---------------------------------------------
Lint Code Base	Run Super-Linter	2026-09-20T16:07:26.4258318Z 2026-09-20 16:07:26 [INFO]   ---------------------------------------------
Lint Code Base	Run Super-Linter	2026-09-20T16:07:26.4289891Z 2026-09-20 16:07:26 [INFO]    Super-Linter source code can be found at:
Lint Code Base	Run Super-Linter	2026-09-20T16:07:26.4321898Z 2026-09-20 16:07:26 [INFO]    - https://github.com/super-linter/super-linter
Lint Code Base	Run Super-Linter	2026-09-20T16:07:26.4353621Z 2026-09-20 16:07:26 [INFO]   ---------------------------------------------
Lint Code Base	Run Super-Linter	2026-09-20T16:07:26.4386812Z 2026-09-20 16:07:26 [INFO]   - Validating changed files in code base...
Lint Code Base	Run Super-Linter	2026-09-20T16:07:26.4450870Z 2026-09-20 16:07:26 [INFO]   This version of Super-linter includes the following tools:
Lint Code Base	Run Super-Linter	2026-09-20T16:07:26.4452675Z [ANSIBLE] ansible-lint: 26.4.0
Lint Code Base	Run Super-Linter	2026-09-20T16:07:26.4453834Z [ARM] arm-ttk: 0.27
Lint Code Base	Run Super-Linter	2026-09-20T16:07:26.4454537Z [BASH] shellcheck: 0.11.0
Lint Code Base	Run Super-Linter	2026-09-20T16:07:26.4455450Z [BASH_EXEC] bash-exec: Version command not supported
Lint Code Base	Run Super-Linter	2026-09-20T16:07:26.4456216Z [BIOME_FORMAT] biome: 2.5.0
Lint Code Base	Run Super-Linter	2026-09-20T16:07:26.4456839Z [BIOME_LINT] biome: 2.5.0
Lint Code Base	Run Super-Linter	2026-09-20T16:07:26.4457751Z [CHECKOV] checkov: 3.3.1
Lint Code Base	Run Super-Linter	2026-09-20T16:07:26.4458393Z [CLANG_FORMAT] clang-format: 21.1.2
Lint Code Base	Run Super-Linter	2026-09-20T16:07:26.4459140Z [CLOJURE] clj-kondo: v2026.05.25
Lint Code Base	Run Super-Linter	2026-09-20T16:07:26.4459824Z [CLOUDFORMATION] cfn-lint: 1.51.5
Lint Code Base	Run Super-Linter	2026-09-20T16:07:26.4460513Z [COFFEESCRIPT] coffeelint: 5.2.11
Lint Code Base	Run Super-Linter	2026-09-20T16:07:26.4461180Z [CPP] cpplint: 2.0.2
Lint Code Base	Run Super-Linter	2026-09-20T16:07:26.4461767Z [CSHARP] dotnet: 10.0.301
Lint Code Base	Run Super-Linter	2026-09-20T16:07:26.4462334Z [CSS] stylelint: 17.13.0
Lint Code Base	Run Super-Linter	2026-09-20T16:07:26.4462876Z [CSS_PRETTIER] prettier: 3.8.4
Lint Code Base	Run Super-Linter	2026-09-20T16:07:26.4463476Z [DART] dart: 3.12.2
Lint Code Base	Run Super-Linter	2026-09-20T16:07:26.4463881Z [DOCKERFILE_HADOLINT] hadolint: 2.14.0
Lint Code Base	Run Super-Linter	2026-09-20T16:07:26.4464584Z [DOTNET_SLN_FORMAT_ANALYZERS] dotnet: 10.0.301
Lint Code Base	Run Super-Linter	2026-09-20T16:07:26.4465100Z [DOTNET_SLN_FORMAT_STYLE] dotnet: 10.0.301
Lint Code Base	Run Super-Linter	2026-09-20T16:07:26.4465605Z [DOTNET_SLN_FORMAT_WHITESPACE] dotnet: 10.0.301
Lint Code Base	Run Super-Linter	2026-09-20T16:07:26.4466136Z [EDITORCONFIG] editorconfig-checker: v3.7.0
Lint Code Base	Run Super-Linter	2026-09-20T16:07:26.4466906Z [ENV] dotenv-linter: 4.0.0
Lint Code Base	Run Super-Linter	2026-09-20T16:07:26.4467305Z [GITHUB_ACTIONS] actionlint: 1.7.12
Lint Code Base	Run Super-Linter	2026-09-20T16:07:26.4467764Z [GITHUB_ACTIONS_ZIZMOR] zizmor: 1.25.2
Lint Code Base	Run Super-Linter	2026-09-20T16:07:26.4468069Z [GITLEAKS] gitleaks: v8.30.1
Lint Code Base	Run Super-Linter	2026-09-20T16:07:26.4468349Z [GIT_COMMITLINT] commitlint: @commitlint/cli@21.0.2
Lint Code Base	Run Super-Linter	2026-09-20T16:07:26.4468931Z [GIT_MERGE_CONFLICT_MARKERS] git-merge-conflict-markers: 1.0.0
Lint Code Base	Run Super-Linter	2026-09-20T16:07:26.4469623Z [GOOGLE_JAVA_FORMAT] google-java-format: 1.35.0
Lint Code Base	Run Super-Linter	2026-09-20T16:07:26.4470127Z [GO] golangci-lint: 2.12.2
Lint Code Base	Run Super-Linter	2026-09-20T16:07:26.4470551Z [GO_MODULES] golangci-lint: 2.12.2
Lint Code Base	Run Super-Linter	2026-09-20T16:07:26.4470832Z [GO_RELEASER] goreleaser: 2.16.0
Lint Code Base	Run Super-Linter	2026-09-20T16:07:26.4471108Z [GRAPHQL_PRETTIER] prettier: 3.8.4
Lint Code Base	Run Super-Linter	2026-09-20T16:07:26.4471381Z [GROOVY] npm-groovy-lint: 17.0.5
Lint Code Base	Run Super-Linter	2026-09-20T16:07:26.4471625Z [HTML] htmlhint: 1.9.2
Lint Code Base	Run Super-Linter	2026-09-20T16:07:26.4471848Z [HTML_PRETTIER] prettier: 3.8.4
Lint Code Base	Run Super-Linter	2026-09-20T16:07:26.4472091Z [JAVASCRIPT_ES] eslint: v9.39.4
Lint Code Base	Run Super-Linter	2026-09-20T16:07:26.4472339Z [JAVASCRIPT_PRETTIER] prettier: 3.8.4
Lint Code Base	Run Super-Linter	2026-09-20T16:07:26.4472635Z [JAVA] checkstyle: 13.6.0
Lint Code Base	Run Super-Linter	2026-09-20T16:07:26.4472960Z [JSCPD] jscpd: 5.0.10
Lint Code Base	Run Super-Linter	2026-09-20T16:07:26.4497467Z [JSONC] eslint: v9.39.4
Lint Code Base	Run Super-Linter	2026-09-20T16:07:26.4497874Z [JSONC_PRETTIER] prettier: 3.8.4
Lint Code Base	Run Super-Linter	2026-09-20T16:07:26.4498183Z [JSON] eslint: v9.39.4
Lint Code Base	Run Super-Linter	2026-09-20T16:07:26.4498431Z [JSON_PRETTIER] prettier: 3.8.4
Lint Code Base	Run Super-Linter	2026-09-20T16:07:26.4498894Z [JSX] eslint: v9.39.4
Lint Code Base	Run Super-Linter	2026-09-20T16:07:26.4499287Z [JSX_PRETTIER] prettier: 3.8.4
Lint Code Base	Run Super-Linter	2026-09-20T16:07:26.4499808Z [JUPYTER_NBQA_BLACK] nbqa: Version command not supported
Lint Code Base	Run Super-Linter	2026-09-20T16:07:26.4500519Z [JUPYTER_NBQA_FLAKE8] nbqa: Version command not supported
Lint Code Base	Run Super-Linter	2026-09-20T16:07:26.4501424Z [JUPYTER_NBQA_ISORT] nbqa: Version command not supported
Lint Code Base	Run Super-Linter	2026-09-20T16:07:26.4501861Z [JUPYTER_NBQA_MYPY] nbqa: Version command not supported
Lint Code Base	Run Super-Linter	2026-09-20T16:07:26.4502227Z [JUPYTER_NBQA_PYLINT] nbqa: Version command not supported
Lint Code Base	Run Super-Linter	2026-09-20T16:07:26.4502594Z [JUPYTER_NBQA_RUFF] nbqa: Version command not supported
Lint Code Base	Run Super-Linter	2026-09-20T16:07:26.4502891Z [KOTLIN] ktlint: 1.8.0
Lint Code Base	Run Super-Linter	2026-09-20T16:07:26.4503256Z [KUBERNETES_KUBECONFORM] kubeconform: v0.8.0
Lint Code Base	Run Super-Linter	2026-09-20T16:07:26.4503651Z [LATEX] chktex: v1.7.10
Lint Code Base	Run Super-Linter	2026-09-20T16:07:26.4503869Z [LUA] lua: 5.4.8
Lint Code Base	Run Super-Linter	2026-09-20T16:07:26.4504419Z [MARKDOWN] markdownlint: 0.49.0
Lint Code Base	Run Super-Linter	2026-09-20T16:07:26.4504924Z [MARKDOWN_PRETTIER] prettier: 3.8.4
Lint Code Base	Run Super-Linter	2026-09-20T16:07:26.4505423Z [NATURAL_LANGUAGE] textlint: v15.7.1
Lint Code Base	Run Super-Linter	2026-09-20T16:07:26.4505883Z [OPENAPI] spectral: 6.16.0
Lint Code Base	Run Super-Linter	2026-09-20T16:07:26.4506298Z [PERL] perl: (v5.42.2)
Lint Code Base	Run Super-Linter	2026-09-20T16:07:26.4506731Z [PHP_BUILTIN] php: 8.4.21
Lint Code Base	Run Super-Linter	2026-09-20T16:07:26.4507316Z [PHP_PHPCS] phpcs: 4.0.1
Lint Code Base	Run Super-Linter	2026-09-20T16:07:26.4507668Z [PHP_PHPSTAN] phpstan: 2.2.2
Lint Code Base	Run Super-Linter	2026-09-20T16:07:26.4507998Z [PHP_PSALM] psalm: 6.16.1@f1f5de594dc76faf8784e02d3dc4716c91c6f6ac
Lint Code Base	Run Super-Linter	2026-09-20T16:07:26.4508353Z [POWERSHELL] pwsh: 7.6.2
Lint Code Base	Run Super-Linter	2026-09-20T16:07:26.4508598Z [PRE_COMMIT] pre-commit: 4.6.0
Lint Code Base	Run Super-Linter	2026-09-20T16:07:26.4509035Z [PROTOBUF] protolint: 0.56.4(67278bf)
Lint Code Base	Run Super-Linter	2026-09-20T16:07:26.4509304Z [PYTHON_BLACK] black: 26.5.1
Lint Code Base	Run Super-Linter	2026-09-20T16:07:26.4509538Z [PYTHON_FLAKE8] flake8: 7.3.0
Lint Code Base	Run Super-Linter	2026-09-20T16:07:26.4509874Z [PYTHON_ISORT] isort: 8.0.1
Lint Code Base	Run Super-Linter	2026-09-20T16:07:26.4510564Z [PYTHON_MYPY] mypy: 2.1.0
Lint Code Base	Run Super-Linter	2026-09-20T16:07:26.4511025Z [PYTHON_PYLINT] pylint: 4.0.6
Lint Code Base	Run Super-Linter	2026-09-20T16:07:26.4511442Z [PYTHON_RUFF] ruff: 0.15.17
Lint Code Base	Run Super-Linter	2026-09-20T16:07:26.4511861Z [PYTHON_RUFF_FORMAT] ruff: 0.15.17
Lint Code Base	Run Super-Linter	2026-09-20T16:07:26.4512377Z [RENOVATE] renovate-config-validator: 43.231.1
Lint Code Base	Run Super-Linter	2026-09-20T16:07:26.4512876Z [RUBY] rubocop: 1.88.0
Lint Code Base	Run Super-Linter	2026-09-20T16:07:26.4513249Z [RUST_2015] rustfmt: 1.8.0
Lint Code Base	Run Super-Linter	2026-09-20T16:07:26.4513640Z [RUST_2018] rustfmt: 1.8.0
Lint Code Base	Run Super-Linter	2026-09-20T16:07:26.4514027Z [RUST_2021] rustfmt: 1.8.0
Lint Code Base	Run Super-Linter	2026-09-20T16:07:26.4515019Z [RUST_2024] rustfmt: 1.8.0
Lint Code Base	Run Super-Linter	2026-09-20T16:07:26.4515438Z [RUST_CLIPPY] clippy: 0.1.91
Lint Code Base	Run Super-Linter	2026-09-20T16:07:26.4515998Z [R] R: 4.5.2
Lint Code Base	Run Super-Linter	2026-09-20T16:07:26.4516458Z [SCALAFMT] scalafmt: 3.11.1
Lint Code Base	Run Super-Linter	2026-09-20T16:07:26.4516735Z [SHELL_SHFMT] shfmt: v3.13.1
Lint Code Base	Run Super-Linter	2026-09-20T16:07:26.4516980Z [SNAKEMAKE_LINT] snakemake: 9.23.0
Lint Code Base	Run Super-Linter	2026-09-20T16:07:26.4517245Z [SNAKEMAKE_SNAKEFMT] snakefmt: 2.0.2
Lint Code Base	Run Super-Linter	2026-09-20T16:07:26.4517513Z [SPELL_CODESPELL] codespell: 2.4.2
Lint Code Base	Run Super-Linter	2026-09-20T16:07:26.4517952Z [SQLFLUFF] sqlfluff: 4.2.2
Lint Code Base	Run Super-Linter	2026-09-20T16:07:26.4518188Z [STATES] asl-validator: 4.0.0
Lint Code Base	Run Super-Linter	2026-09-20T16:07:26.4518426Z [TERRAFORM_FMT] terraform: 1.15.6
Lint Code Base	Run Super-Linter	2026-09-20T16:07:26.4518665Z [TERRAFORM_TFLINT] tflint: 0.63.1
Lint Code Base	Run Super-Linter	2026-09-20T16:07:26.4518905Z [TERRAGRUNT] terragrunt: v1.0.8
Lint Code Base	Run Super-Linter	2026-09-20T16:07:26.4519140Z [TRIVY] trivy: 0.71.1
Lint Code Base	Run Super-Linter	2026-09-20T16:07:26.4519351Z [TSX] eslint: v9.39.4
Lint Code Base	Run Super-Linter	2026-09-20T16:07:26.4519559Z [TYPESCRIPT_ES] eslint: v9.39.4
Lint Code Base	Run Super-Linter	2026-09-20T16:07:26.4519807Z [TYPESCRIPT_PRETTIER] prettier: 3.8.4
Lint Code Base	Run Super-Linter	2026-09-20T16:07:26.4520061Z [VUE] eslint: v9.39.4
Lint Code Base	Run Super-Linter	2026-09-20T16:07:26.4520272Z [VUE_PRETTIER] prettier: 3.8.4
Lint Code Base	Run Super-Linter	2026-09-20T16:07:26.4520502Z [XML] xmllint: 21309
Lint Code Base	Run Super-Linter	2026-09-20T16:07:26.4520705Z [YAML] yamllint: 1.38.0
Lint Code Base	Run Super-Linter	2026-09-20T16:07:26.4520920Z [YAML_PRETTIER] prettier: 3.8.4
Lint Code Base	Run Super-Linter	2026-09-20T16:07:26.4745412Z 2026-09-20 16:07:26 [INFO]   The default branch for this repository is set to: master
Lint Code Base	Run Super-Linter	2026-09-20T16:07:26.4857281Z 2026-09-20 16:07:26 [INFO]   The master branch doesn't exist in /github/workspace
Lint Code Base	Run Super-Linter	2026-09-20T16:07:26.5029306Z 2026-09-20 16:07:26 [INFO]   master doesn't exist, however origin/master exists. Setting DEFAULT_BRANCH to: origin/master
Lint Code Base	Run Super-Linter	2026-09-20T16:07:26.5124057Z 2026-09-20 16:07:26 [INFO]   Successfully found GITHUB_EVENT_PATH: /github/workflow/event.json]
Lint Code Base	Run Super-Linter	2026-09-20T16:07:26.5296480Z 2026-09-20 16:07:26 [INFO]   Successfully found GITHUB_SHA: 6ccbd07bc54fdf9a4db8e2cade246f73b1d8e525
Lint Code Base	Run Super-Linter	2026-09-20T16:07:26.6343459Z 2026-09-20 16:07:26 [WARN]   ENABLE_GITHUB_ACTIONS_STEP_SUMMARY is set to true, ENABLE_GITHUB_PULL_REQUEST_SUMMARY_COMMENT is set to false, but SAVE_SUPER_LINTER_SUMMARY is set to false. Set SAVE_SUPER_LINTER_SUMMARY to true if you set ENABLE_GITHUB_ACTIONS_STEP_SUMMARY or ENABLE_GITHUB_PULL_REQUEST_SUMMARY_COMMENT to true.
Lint Code Base	Run Super-Linter	2026-09-20T16:07:26.6553430Z 2026-09-20 16:07:26 [INFO]   --------------------------------------------
Lint Code Base	Run Super-Linter	2026-09-20T16:07:26.6584799Z 2026-09-20 16:07:26 [INFO]   Validating the configuration
Lint Code Base	Run Super-Linter	2026-09-20T16:07:28.0282224Z .git
Lint Code Base	Run Super-Linter	2026-09-20T16:07:28.5174323Z 2026-09-20 16:07:28 [WARN]   Git commit message validation with commitlint is enabled, but no commitlint configuration file is available. Disabling commitlint. To suppress this message, either disable Git commit validation by setting VALIDATE_GIT_COMMITLINT to false in your Super-linter configuration, or provide a commitlint configuration file.
Lint Code Base	Run Super-Linter	2026-09-20T16:07:31.3042613Z 2026-09-20 16:07:31 [INFO]   Building the list of files and directories to check
Lint Code Base	Run Super-Linter	2026-09-20T16:07:32.0857403Z 2026-09-20 16:07:32 [INFO]   Successfully gathered list of files...
Lint Code Base	Run Super-Linter	2026-09-20T16:07:32.0935361Z 2026-09-20 16:07:32 [WARN]   Black and Ruff are both enabled, and might conflict with each other. To avoid potential conflicts, keep only one of the two enabled, and disable the other.
Lint Code Base	Run Super-Linter	2026-09-20T16:07:32.0976713Z 2026-09-20 16:07:32 [WARN]   Biome format and Prettier are both enabled for CSS, SCSS, and SASS files, and might conflict with each other. To avoid potential conflicts, keep only one of the two enabled, and disable the other.
Lint Code Base	Run Super-Linter	2026-09-20T16:07:32.1020142Z 2026-09-20 16:07:32 [WARN]   Biome format and Prettier are both enabled for GraphQL files, and might conflict with each other. To avoid potential conflicts, keep only one of the two enabled, and disable the other.
Lint Code Base	Run Super-Linter	2026-09-20T16:07:32.1060935Z 2026-09-20 16:07:32 [WARN]   Biome format and Prettier are both enabled for HTML files, and might conflict with each other. To avoid potential conflicts, keep only one of the two enabled, and disable the other.
Lint Code Base	Run Super-Linter	2026-09-20T16:07:32.1103501Z 2026-09-20 16:07:32 [WARN]   Biome format and Prettier are both enabled for JSON files, and might conflict with each other. To avoid potential conflicts, keep only one of the two enabled, and disable the other.
Lint Code Base	Run Super-Linter	2026-09-20T16:07:32.1144582Z 2026-09-20 16:07:32 [WARN]   Biome format and Prettier are both enabled for JSONC and JSON5 files, and might conflict with each other. To avoid potential conflicts, keep only one of the two enabled, and disable the other.
Lint Code Base	Run Super-Linter	2026-09-20T16:07:32.1186287Z 2026-09-20 16:07:32 [WARN]   Biome format and Prettier are both enabled for Vue files, and might conflict with each other. To avoid potential conflicts, keep only one of the two enabled, and disable the other.
Lint Code Base	Run Super-Linter	2026-09-20T16:07:32.1228796Z 2026-09-20 16:07:32 [WARN]   Biome lint and Stylelint are both enabled for CSS, SCSS, and SASS files, and might conflict with each other. To avoid potential conflicts, keep only one of the two enabled, and disable the other.
Lint Code Base	Run Super-Linter	2026-09-20T16:07:32.1272212Z 2026-09-20 16:07:32 [WARN]   Biome lint and ESLint are both enabled for JSON files, and might conflict with each other. To avoid potential conflicts, keep only one of the two enabled, and disable the other.
Lint Code Base	Run Super-Linter	2026-09-20T16:07:32.1314030Z 2026-09-20 16:07:32 [WARN]   Biome lint and ESLint are both enabled for JSONC and JSON5 files, and might conflict with each other. To avoid potential conflicts, keep only one of the two enabled, and disable the other.
Lint Code Base	Run Super-Linter	2026-09-20T16:07:32.1357392Z 2026-09-20 16:07:32 [WARN]   Biome lint and ESLint are both enabled for Vue files, and might conflict with each other. To avoid potential conflicts, keep only one of the two enabled, and disable the other.
Lint Code Base	Run Super-Linter	2026-09-20T16:07:32.1504742Z ##[endgroup]
Lint Code Base	Run Super-Linter	2026-09-20T16:07:42.6764625Z 2026-09-20 16:07:42 [INFO]   ----------------------------------------------
Lint Code Base	Run Super-Linter	2026-09-20T16:07:42.6800329Z 2026-09-20 16:07:42 [INFO]   ----------------------------------------------
Lint Code Base	Run Super-Linter	2026-09-20T16:07:42.7209349Z ##[group]BASH
Lint Code Base	Run Super-Linter	2026-09-20T16:07:42.7283244Z 2026-09-20 16:07:42 [NOTICE]   Successfully linted BASH
Lint Code Base	Run Super-Linter	2026-09-20T16:07:42.7360997Z ##[endgroup]
Lint Code Base	Run Super-Linter	2026-09-20T16:07:42.7545449Z ##[group]BASH_EXEC
Lint Code Base	Run Super-Linter	2026-09-20T16:07:42.7621488Z 2026-09-20 16:07:42 [ERROR]   Errors found in BASH_EXEC
Lint Code Base	Run Super-Linter	2026-09-20T16:07:42.7662955Z 2026-09-20 16:07:42 [ERROR]   Stdout contents for BASH_EXEC:
Lint Code Base	Run Super-Linter	2026-09-20T16:07:42.7664083Z ------
Lint Code Base	Run Super-Linter	2026-09-20T16:07:42.7665047Z Error: File:[/github/workspace/docker-entrypoint.sh] is not executable
Lint Code Base	Run Super-Linter	2026-09-20T16:07:42.7665563Z ------
Lint Code Base	Run Super-Linter	2026-09-20T16:07:42.7742901Z ##[endgroup]
Lint Code Base	Run Super-Linter	2026-09-20T16:07:42.7950613Z ##[group]BIOME_FORMAT
Lint Code Base	Run Super-Linter	2026-09-20T16:07:42.8028188Z 2026-09-20 16:07:42 [ERROR]   Errors found in BIOME_FORMAT
Lint Code Base	Run Super-Linter	2026-09-20T16:07:42.8071433Z 2026-09-20 16:07:42 [ERROR]   Stdout contents for BIOME_FORMAT:
Lint Code Base	Run Super-Linter	2026-09-20T16:07:42.8072069Z ------
Lint Code Base	Run Super-Linter	2026-09-20T16:07:42.8072732Z The number of diagnostics exceeds the limit allowed. Use --max-diagnostics to increase it.
Lint Code Base	Run Super-Linter	2026-09-20T16:07:42.8073688Z Diagnostics not shown: 31.
Lint Code Base	Run Super-Linter	2026-09-20T16:07:42.8074355Z Checked 53 files in 204ms. No fixes applied.
Lint Code Base	Run Super-Linter	2026-09-20T16:07:42.8074868Z Found 51 errors.
Lint Code Base	Run Super-Linter	2026-09-20T16:07:42.8075221Z ------
Lint Code Base	Run Super-Linter	2026-09-20T16:07:42.8366175Z 2026-09-20 16:07:42 [ERROR]   Stderr contents for BIOME_FORMAT:
Lint Code Base	Run Super-Linter	2026-09-20T16:07:42.8367106Z ------
Lint Code Base	Run Super-Linter	2026-09-20T16:07:42.8368454Z app/(app)/audit-log/page.tsx format ━━━━━━━━━━━━━━━━━━━━━━━━━━━━━━━━━━━━━━━━━━━━━━━━━━━━━━━━━━━━━━━━
Lint Code Base	Run Super-Linter	2026-09-20T16:07:42.8369186Z 
Lint Code Base	Run Super-Linter	2026-09-20T16:07:42.8369626Z   × Formatter would have printed the following content:
Lint Code Base	Run Super-Linter	2026-09-20T16:07:42.8370260Z   
Lint Code Base	Run Super-Linter	2026-09-20T16:07:42.8370703Z      5  5 │   
Lint Code Base	Run Super-Linter	2026-09-20T16:07:42.8371326Z      6  6 │   export default async function AuditLogPage() {
Lint Code Base	Run Super-Linter	2026-09-20T16:07:42.8372656Z      7    │ - ··const·user·=·await·requireUser();
Lint Code Base	Run Super-Linter	2026-09-20T16:07:42.8373302Z         7 │ + → const·user·=·await·requireUser();
Lint Code Base	Run Super-Linter	2026-09-20T16:07:42.8373809Z      8  8 │   
Lint Code Base	Run Super-Linter	2026-09-20T16:07:42.8374643Z      9    │ - ··const·entries·=·await·prisma.auditLog.findMany({
Lint Code Base	Run Super-Linter	2026-09-20T16:07:42.8375489Z     10    │ - ····where:·{·environmentId:·user.environmentId·},
Lint Code Base	Run Super-Linter	2026-09-20T16:07:42.8376175Z     11    │ - ····include:·{·user:·true·},
Lint Code Base	Run Super-Linter	2026-09-20T16:07:42.8376757Z     12    │ - ····orderBy:·{·createdAt:·"desc"·},
Lint Code Base	Run Super-Linter	2026-09-20T16:07:42.8377331Z     13    │ - ····take:·200,
Lint Code Base	Run Super-Linter	2026-09-20T16:07:42.8377774Z     14    │ - ··});
Lint Code Base	Run Super-Linter	2026-09-20T16:07:42.8378409Z         9 │ + → const·entries·=·await·prisma.auditLog.findMany({
Lint Code Base	Run Super-Linter	2026-09-20T16:07:42.8379280Z        10 │ + → → where:·{·environmentId:·user.environmentId·},
Lint Code Base	Run Super-Linter	2026-09-20T16:07:42.8380024Z        11 │ + → → include:·{·user:·true·},
Lint Code Base	Run Super-Linter	2026-09-20T16:07:42.8381008Z        12 │ + → → orderBy:·{·createdAt:·"desc"·},
Lint Code Base	Run Super-Linter	2026-09-20T16:07:42.8381746Z        13 │ + → → take:·200,
Lint Code Base	Run Super-Linter	2026-09-20T16:07:42.8382208Z        14 │ + → });
Lint Code Base	Run Super-Linter	2026-09-20T16:07:42.8383494Z     15 15 │   
Lint Code Base	Run Super-Linter	2026-09-20T16:07:42.8387482Z     16    │ - ··const·logs:·AuditEntry[]·=·entries.map((e)·=>·({
Lint Code Base	Run Super-Linter	2026-09-20T16:07:42.8388775Z     17    │ - ····id:·e.id,
Lint Code Base	Run Super-Linter	2026-09-20T16:07:42.8390637Z     18    │ - ····time:·e.createdAt.toISOString().slice(11,·16),
Lint Code Base	Run Super-Linter	2026-09-20T16:07:42.8391461Z     19    │ - ····user:·e.user?.name·??·"System",
Lint Code Base	Run Super-Linter	2026-09-20T16:07:42.8392517Z     20    │ - ····action:·e.action,
Lint Code Base	Run Super-Linter	2026-09-20T16:07:42.8393402Z     21    │ - ····detail:·e.detail·??·undefined,
Lint Code Base	Run Super-Linter	2026-09-20T16:07:42.8394293Z     22    │ - ····reason:·e.reason·??·undefined,
Lint Code Base	Run Super-Linter	2026-09-20T16:07:42.8394938Z     23    │ - ··}));
Lint Code Base	Run Super-Linter	2026-09-20T16:07:42.8395879Z        16 │ + → const·logs:·AuditEntry[]·=·entries.map((e)·=>·({
Lint Code Base	Run Super-Linter	2026-09-20T16:07:42.8396778Z        17 │ + → → id:·e.id,
Lint Code Base	Run Super-Linter	2026-09-20T16:07:42.8397410Z        18 │ + → → time:·e.createdAt.toISOString().slice(11,·16),
Lint Code Base	Run Super-Linter	2026-09-20T16:07:42.8398600Z        19 │ + → → user:·e.user?.name·??·"System",
Lint Code Base	Run Super-Linter	2026-09-20T16:07:42.8399506Z        20 │ + → → action:·e.action,
Lint Code Base	Run Super-Linter	2026-09-20T16:07:42.8400342Z        21 │ + → → detail:·e.detail·??·undefined,
Lint Code Base	Run Super-Linter	2026-09-20T16:07:42.8401020Z        22 │ + → → reason:·e.reason·??·undefined,
Lint Code Base	Run Super-Linter	2026-09-20T16:07:42.8401845Z        23 │ + → }));
Lint Code Base	Run Super-Linter	2026-09-20T16:07:42.8402223Z     24 24 │   
Lint Code Base	Run Super-Linter	2026-09-20T16:07:42.8403019Z     25    │ - ··return·<AuditLogClient·logs={logs}·/>;
Lint Code Base	Run Super-Linter	2026-09-20T16:07:42.8403924Z        25 │ + → return·<AuditLogClient·logs={logs}·/>;
Lint Code Base	Run Super-Linter	2026-09-20T16:07:42.8404480Z     26 26 │   }
Lint Code Base	Run Super-Linter	2026-09-20T16:07:42.8405168Z     27 27 │   
Lint Code Base	Run Super-Linter	2026-09-20T16:07:42.8405472Z   
Lint Code Base	Run Super-Linter	2026-09-20T16:07:42.8405637Z 
Lint Code Base	Run Super-Linter	2026-09-20T16:07:42.8406580Z app/(app)/discrepancies/page.tsx format ━━━━━━━━━━━━━━━━━━━━━━━━━━━━━━━━━━━━━━━━━━━━━━━━━━━━━━━━━━━━
Lint Code Base	Run Super-Linter	2026-09-20T16:07:42.8407511Z 
Lint Code Base	Run Super-Linter	2026-09-20T16:07:42.8407854Z   × Formatter would have printed the following content:
Lint Code Base	Run Super-Linter	2026-09-20T16:07:42.8408933Z   
Lint Code Base	Run Super-Linter	2026-09-20T16:07:42.8409281Z       6   6 │   
Lint Code Base	Run Super-Linter	2026-09-20T16:07:42.8410178Z       7   7 │   export default async function DiscrepanciesPage() {
Lint Code Base	Run Super-Linter	2026-09-20T16:07:42.8410705Z       8     │ - ··const·user·=·await·requireUser();
Lint Code Base	Run Super-Linter	2026-09-20T16:07:42.8411400Z           8 │ + → const·user·=·await·requireUser();
Lint Code Base	Run Super-Linter	2026-09-20T16:07:42.8411974Z       9   9 │   
Lint Code Base	Run Super-Linter	2026-09-20T16:07:42.8412726Z      10     │ - ··const·docs·=·await·prisma.document.findMany({
Lint Code Base	Run Super-Linter	2026-09-20T16:07:42.8413570Z      11     │ - ····where:·{
Lint Code Base	Run Super-Linter	2026-09-20T16:07:42.8414342Z      12     │ - ······environmentId:·user.environmentId,
Lint Code Base	Run Super-Linter	2026-09-20T16:07:42.8415000Z      13     │ - ······type:·"INVOICE",
Lint Code Base	Run Super-Linter	2026-09-20T16:07:42.8415711Z      14     │ - ······status:·{·in:·["Needs·Review",·"Discrepancy"]·},
Lint Code Base	Run Super-Linter	2026-09-20T16:07:42.8416353Z      15     │ - ····},
Lint Code Base	Run Super-Linter	2026-09-20T16:07:42.8416784Z      16     │ - ····include:·{
Lint Code Base	Run Super-Linter	2026-09-20T16:07:42.8417270Z      17     │ - ······business:·true,
Lint Code Base	Run Super-Linter	2026-09-20T16:07:42.8418026Z      18     │ - ······discrepancies:·{·orderBy:·{·createdAt:·"desc"·},·take:·1·},
Lint Code Base	Run Super-Linter	2026-09-20T16:07:42.8418751Z      19     │ - ····},
Lint Code Base	Run Super-Linter	2026-09-20T16:07:42.8419499Z      20     │ - ····orderBy:·{·createdAt:·"desc"·},
Lint Code Base	Run Super-Linter	2026-09-20T16:07:42.8420023Z      21     │ - ··});
Lint Code Base	Run Super-Linter	2026-09-20T16:07:42.8420577Z          10 │ + → const·docs·=·await·prisma.document.findMany({
Lint Code Base	Run Super-Linter	2026-09-20T16:07:42.8421184Z          11 │ + → → where:·{
Lint Code Base	Run Super-Linter	2026-09-20T16:07:42.8421715Z          12 │ + → → → environmentId:·user.environmentId,
Lint Code Base	Run Super-Linter	2026-09-20T16:07:42.8422301Z          13 │ + → → → type:·"INVOICE",
Lint Code Base	Run Super-Linter	2026-09-20T16:07:42.8423005Z          14 │ + → → → status:·{·in:·["Needs·Review",·"Discrepancy"]·},
Lint Code Base	Run Super-Linter	2026-09-20T16:07:42.8423604Z          15 │ + → → },
Lint Code Base	Run Super-Linter	2026-09-20T16:07:42.8424022Z          16 │ + → → include:·{
Lint Code Base	Run Super-Linter	2026-09-20T16:07:42.8424722Z          17 │ + → → → business:·true,
Lint Code Base	Run Super-Linter	2026-09-20T16:07:42.8425476Z          18 │ + → → → discrepancies:·{·orderBy:·{·createdAt:·"desc"·},·take:·1·},
Lint Code Base	Run Super-Linter	2026-09-20T16:07:42.8426135Z          19 │ + → → },
Lint Code Base	Run Super-Linter	2026-09-20T16:07:42.8426625Z          20 │ + → → orderBy:·{·createdAt:·"desc"·},
Lint Code Base	Run Super-Linter	2026-09-20T16:07:42.8427405Z          21 │ + → });
Lint Code Base	Run Super-Linter	2026-09-20T16:07:42.8427812Z      22  22 │   
Lint Code Base	Run Super-Linter	2026-09-20T16:07:42.8428222Z      23     │ - ··return·(
Lint Code Base	Run Super-Linter	2026-09-20T16:07:42.8428910Z      24     │ - ····<div·className="p-8·space-y-6·max-w-7xl·mx-auto">
Lint Code Base	Run Super-Linter	2026-09-20T16:07:42.8430009Z      25     │ - ······<div·className="flex·flex-col·sm:flex-row·sm:items-center·justify-between·gap-4">
Lint Code Base	Run Super-Linter	2026-09-20T16:07:42.8430936Z      26     │ - ········<div>
Lint Code Base	Run Super-Linter	2026-09-20T16:07:42.8431346Z      27     │ - ··········<div·className="flex·items-center·gap-2">
Lint Code Base	Run Super-Linter	2026-09-20T16:07:42.8432101Z      28     │ - ············<AlertTriangle·className="w-5·h-5·text-[var(--danger)]"·/>
Lint Code Base	Run Super-Linter	2026-09-20T16:07:42.8432887Z      29     │ - ············<h1·className="text-2xl·font-display·font-bold·text-[var(--text-primary)]">
Lint Code Base	Run Super-Linter	2026-09-20T16:07:42.8433659Z      30     │ - ··············Flagged·Discrepancies
Lint Code Base	Run Super-Linter	2026-09-20T16:07:42.8434021Z      31     │ - ············</h1>
Lint Code Base	Run Super-Linter	2026-09-20T16:07:42.8434701Z      32     │ - ··········</div>
Lint Code Base	Run Super-Linter	2026-09-20T16:07:42.8435221Z      33     │ - ··········<p·className="text-xs·text-[var(--text-secondary)]·mt-1">
Lint Code Base	Run Super-Linter	2026-09-20T16:07:42.8436292Z      34     │ - ············Invoices·exceeding·variance·thresholds·or·requiring·immediate
Lint Code Base	Run Super-Linter	2026-09-20T16:07:42.8437042Z      35     │ - ············reconciliation.
Lint Code Base	Run Super-Linter	2026-09-20T16:07:42.8437373Z      36     │ - ··········</p>
Lint Code Base	Run Super-Linter	2026-09-20T16:07:42.8437647Z      37     │ - ········</div>
Lint Code Base	Run Super-Linter	2026-09-20T16:07:42.8437915Z      38     │ - ······</div>
Lint Code Base	Run Super-Linter	2026-09-20T16:07:42.8438327Z          23 │ + → return·(
Lint Code Base	Run Super-Linter	2026-09-20T16:07:42.8438705Z          24 │ + → → <div·className="p-8·space-y-6·max-w-7xl·mx-auto">
Lint Code Base	Run Super-Linter	2026-09-20T16:07:42.8439534Z          25 │ + → → → <div·className="flex·flex-col·sm:flex-row·sm:items-center·justify-between·gap-4">
Lint Code Base	Run Super-Linter	2026-09-20T16:07:42.8440095Z          26 │ + → → → → <div>
Lint Code Base	Run Super-Linter	2026-09-20T16:07:42.8440594Z          27 │ + → → → → → <div·className="flex·items-center·gap-2">
Lint Code Base	Run Super-Linter	2026-09-20T16:07:42.8441136Z          28 │ + → → → → → → <AlertTriangle·className="w-5·h-5·text-[var(--danger)]"·/>
Lint Code Base	Run Super-Linter	2026-09-20T16:07:42.8442013Z          29 │ + → → → → → → <h1·className="text-2xl·font-display·font-bold·text-[var(--text-primary)]">
Lint Code Base	Run Super-Linter	2026-09-20T16:07:42.8442891Z          30 │ + → → → → → → → Flagged·Discrepancies
Lint Code Base	Run Super-Linter	2026-09-20T16:07:42.8443271Z          31 │ + → → → → → → </h1>
Lint Code Base	Run Super-Linter	2026-09-20T16:07:42.8443549Z          32 │ + → → → → → </div>
Lint Code Base	Run Super-Linter	2026-09-20T16:07:42.8444220Z          33 │ + → → → → → <p·className="text-xs·text-[var(--text-secondary)]·mt-1">
Lint Code Base	Run Super-Linter	2026-09-20T16:07:42.8444892Z          34 │ + → → → → → → Invoices·exceeding·variance·thresholds·or·requiring·immediate
Lint Code Base	Run Super-Linter	2026-09-20T16:07:42.8445581Z          35 │ + → → → → → → reconciliation.
Lint Code Base	Run Super-Linter	2026-09-20T16:07:42.8445884Z          36 │ + → → → → → </p>
Lint Code Base	Run Super-Linter	2026-09-20T16:07:42.8446165Z          37 │ + → → → → </div>
Lint Code Base	Run Super-Linter	2026-09-20T16:07:42.8446766Z          38 │ + → → → </div>
Lint Code Base	Run Super-Linter	2026-09-20T16:07:42.8447103Z      39  39 │   
Lint Code Base	Run Super-Linter	2026-09-20T16:07:42.8447391Z      40     │ - ······<div·className="space-y-4">
Lint Code Base	Run Super-Linter	2026-09-20T16:07:42.8447943Z      41     │ - ········{docs.length·===·0·&&·(
Lint Code Base	Run Super-Linter	2026-09-20T16:07:42.8449608Z      42     │ - ··········<p·className="text-xs·text-[var(--text-muted)]·p-6·text-center·rounded-xl·border·border-dashed·border-[var(--border-color)]">
Lint Code Base	Run Super-Linter	2026-09-20T16:07:42.8451344Z      43     │ - ············Nothing·flagged·right·now.
Lint Code Base	Run Super-Linter	2026-09-20T16:07:42.8452090Z      44     │ - ··········</p>
Lint Code Base	Run Super-Linter	2026-09-20T16:07:42.8452386Z      45     │ - ········)}
Lint Code Base	Run Super-Linter	2026-09-20T16:07:42.8452679Z      46     │ - ········{docs.map((inv)·=>·{
Lint Code Base	Run Super-Linter	2026-09-20T16:07:42.8453242Z      47     │ - ··········const·d·=·inv.discrepancies[0];
Lint Code Base	Run Super-Linter	2026-09-20T16:07:42.8453853Z      48     │ - ··········const·poAmount·=·d?.poAmount·??·0;
Lint Code Base	Run Super-Linter	2026-09-20T16:07:42.8454599Z      49     │ - ··········const·variance·=
Lint Code Base	Run Super-Linter	2026-09-20T16:07:42.8455056Z      50     │ - ············poAmount·!==·null·&&·poAmount·!==·undefined
Lint Code Base	Run Super-Linter	2026-09-20T16:07:42.8455699Z      51     │ - ··············?·inv.totalAmount·-·poAmount
Lint Code Base	Run Super-Linter	2026-09-20T16:07:42.8456431Z      52     │ - ··············:·0;
Lint Code Base	Run Super-Linter	2026-09-20T16:07:42.8457276Z      53     │ - ··········const·reasons:·string[]·=·d·?·JSON.parse(d.reasons)·:·[];
Lint Code Base	Run Super-Linter	2026-09-20T16:07:42.8458243Z          40 │ + → → → <div·className="space-y-4">
Lint Code Base	Run Super-Linter	2026-09-20T16:07:42.8459103Z          41 │ + → → → → {docs.length·===·0·&&·(
Lint Code Base	Run Super-Linter	2026-09-20T16:07:42.8459955Z          42 │ + → → → → → <p·className="text-xs·text-[var(--text-muted)]·p-6·text-center·rounded-xl·border·border-dashed·border-[var(--border-color)]">
Lint Code Base	Run Super-Linter	2026-09-20T16:07:42.8460959Z          43 │ + → → → → → → Nothing·flagged·right·now.
Lint Code Base	Run Super-Linter	2026-09-20T16:07:42.8461296Z          44 │ + → → → → → </p>
Lint Code Base	Run Super-Linter	2026-09-20T16:07:42.8461555Z          45 │ + → → → → )}
Lint Code Base	Run Super-Linter	2026-09-20T16:07:42.8461982Z          46 │ + → → → → {docs.map((inv)·=>·{
Lint Code Base	Run Super-Linter	2026-09-20T16:07:42.8462626Z          47 │ + → → → → → const·d·=·inv.discrepancies[0];
Lint Code Base	Run Super-Linter	2026-09-20T16:07:42.8463349Z          48 │ + → → → → → const·poAmount·=·d?.poAmount·??·0;
Lint Code Base	Run Super-Linter	2026-09-20T16:07:42.8463991Z          49 │ + → → → → → const·variance·=
Lint Code Base	Run Super-Linter	2026-09-20T16:07:42.8464939Z          50 │ + → → → → → → poAmount·!==·null·&&·poAmount·!==·undefined
Lint Code Base	Run Super-Linter	2026-09-20T16:07:42.8465773Z          51 │ + → → → → → → → ?·inv.totalAmount·-·poAmount
Lint Code Base	Run Super-Linter	2026-09-20T16:07:42.8466404Z          52 │ + → → → → → → → :·0;
Lint Code Base	Run Super-Linter	2026-09-20T16:07:42.8467166Z          53 │ + → → → → → const·reasons:·string[]·=·d·?·JSON.parse(d.reasons)·:·[];
Lint Code Base	Run Super-Linter	2026-09-20T16:07:42.8467902Z      54  54 │   
Lint Code Base	Run Super-Linter	2026-09-20T16:07:42.8468341Z      55     │ - ··········return·(
Lint Code Base	Run Super-Linter	2026-09-20T16:07:42.8469009Z      56     │ - ············<div
Lint Code Base	Run Super-Linter	2026-09-20T16:07:42.8469577Z      57     │ - ··············key={inv.id}
Lint Code Base	Run Super-Linter	2026-09-20T16:07:42.8470482Z      58     │ - ··············className="p-5·rounded-xl·border·border-[var(--border-color)]·bg-[var(--bg-surface)]·hover:border-[var(--danger)]·transition-all·space-y-4"
Lint Code Base	Run Super-Linter	2026-09-20T16:07:42.8471289Z      59     │ - ············>
Lint Code Base	Run Super-Linter	2026-09-20T16:07:42.8472078Z      60     │ - ··············<div·className="flex·flex-wrap·items-center·justify-between·gap-4·border-b·border-[var(--border-color)]·pb-3">
Lint Code Base	Run Super-Linter	2026-09-20T16:07:42.8472962Z      61     │ - ················<div·className="flex·items-center·gap-3">
Lint Code Base	Run Super-Linter	2026-09-20T16:07:42.8473735Z      62     │ - ··················<span·className="text-base·font-mono·font-bold·text-[var(--text-primary)]">
Lint Code Base	Run Super-Linter	2026-09-20T16:07:42.8474884Z      63     │ - ····················{inv.reference}
Lint Code Base	Run Super-Linter	2026-09-20T16:07:42.8475239Z      64     │ - ··················</span>
Lint Code Base	Run Super-Linter	2026-09-20T16:07:42.8475762Z      65     │ - ··················<StatusBadge·status={inv.status}·severity={d?.severity}·/>
Lint Code Base	Run Super-Linter	2026-09-20T16:07:42.8476284Z      66     │ - ················</div>
Lint Code Base	Run Super-Linter	2026-09-20T16:07:42.8476715Z      67     │ - ················<div·className="flex·items-center·gap-2">
Lint Code Base	Run Super-Linter	2026-09-20T16:07:42.8477385Z      68     │ - ··················<span·className="text-xs·font-mono·text-[var(--text-muted)]">
Lint Code Base	Run Super-Linter	2026-09-20T16:07:42.8477920Z      69     │ - ····················Score:
Lint Code Base	Run Super-Linter	2026-09-20T16:07:42.8478238Z      70     │ - ··················</span>
Lint Code Base	Run Super-Linter	2026-09-20T16:07:42.8479067Z      71     │ - ··················<span·className="px-2·py-0.5·rounded·font-mono·font-bold·text-xs·bg-[var(--danger-soft)]·text-[var(--danger)]">
Lint Code Base	Run Super-Linter	2026-09-20T16:07:42.8480070Z      72     │ - ····················{d?.score·??·0}·/·100
Lint Code Base	Run Super-Linter	2026-09-20T16:07:42.8480451Z      73     │ - ··················</span>
Lint Code Base	Run Super-Linter	2026-09-20T16:07:42.8480761Z      74     │ - ················</div>
Lint Code Base	Run Super-Linter	2026-09-20T16:07:42.8481076Z      75     │ - ··············</div>
Lint Code Base	Run Super-Linter	2026-09-20T16:07:42.8481400Z          55 │ + → → → → → return·(
Lint Code Base	Run Super-Linter	2026-09-20T16:07:42.8481675Z          56 │ + → → → → → → <div
Lint Code Base	Run Super-Linter	2026-09-20T16:07:42.8481952Z          57 │ + → → → → → → → key={inv.id}
Lint Code Base	Run Super-Linter	2026-09-20T16:07:42.8482805Z          58 │ + → → → → → → → className="p-5·rounded-xl·border·border-[var(--border-color)]·bg-[var(--bg-surface)]·hover:border-[var(--danger)]·transition-all·space-y-4"
Lint Code Base	Run Super-Linter	2026-09-20T16:07:42.8483565Z          59 │ + → → → → → → >
Lint Code Base	Run Super-Linter	2026-09-20T16:07:42.8484693Z          60 │ + → → → → → → → <div·className="flex·flex-wrap·items-center·justify-between·gap-4·border-b·border-[var(--border-color)]·pb-3">
Lint Code Base	Run Super-Linter	2026-09-20T16:07:42.8485718Z          61 │ + → → → → → → → → <div·className="flex·items-center·gap-3">
Lint Code Base	Run Super-Linter	2026-09-20T16:07:42.8486400Z          62 │ + → → → → → → → → → <span·className="text-base·font-mono·font-bold·text-[var(--text-primary)]">
Lint Code Base	Run Super-Linter	2026-09-20T16:07:42.8486983Z          63 │ + → → → → → → → → → → {inv.reference}
Lint Code Base	Run Super-Linter	2026-09-20T16:07:42.8487305Z          64 │ + → → → → → → → → → </span>
Lint Code Base	Run Super-Linter	2026-09-20T16:07:42.8487766Z          65 │ + → → → → → → → → → <StatusBadge·status={inv.status}·severity={d?.severity}·/>
Lint Code Base	Run Super-Linter	2026-09-20T16:07:42.8488220Z          66 │ + → → → → → → → → </div>
Lint Code Base	Run Super-Linter	2026-09-20T16:07:42.8488607Z          67 │ + → → → → → → → → <div·className="flex·items-center·gap-2">
Lint Code Base	Run Super-Linter	2026-09-20T16:07:42.8489185Z          68 │ + → → → → → → → → → <span·className="text-xs·font-mono·text-[var(--text-muted)]">
Lint Code Base	Run Super-Linter	2026-09-20T16:07:42.8489657Z          69 │ + → → → → → → → → → → Score:
Lint Code Base	Run Super-Linter	2026-09-20T16:07:42.8490168Z          70 │ + → → → → → → → → → </span>
Lint Code Base	Run Super-Linter	2026-09-20T16:07:42.8490958Z          71 │ + → → → → → → → → → <span·className="px-2·py-0.5·rounded·font-mono·font-bold·text-xs·bg-[var(--danger-soft)]·text-[var(--danger)]">
Lint Code Base	Run Super-Linter	2026-09-20T16:07:42.8492188Z          72 │ + → → → → → → → → → → {d?.score·??·0}·/·100
Lint Code Base	Run Super-Linter	2026-09-20T16:07:42.8493070Z          73 │ + → → → → → → → → → </span>
Lint Code Base	Run Super-Linter	2026-09-20T16:07:42.8493797Z          74 │ + → → → → → → → → </div>
Lint Code Base	Run Super-Linter	2026-09-20T16:07:42.8494494Z          75 │ + → → → → → → → </div>
Lint Code Base	Run Super-Linter	2026-09-20T16:07:42.8494762Z      76  76 │   
Lint Code Base	Run Super-Linter	2026-09-20T16:07:42.8495330Z      77     │ - ··············<div·className="grid·grid-cols-1·md:grid-cols-4·gap-4·text-xs·font-mono">
Lint Code Base	Run Super-Linter	2026-09-20T16:07:42.8496117Z      78     │ - ················<div>
Lint Code Base	Run Super-Linter	2026-09-20T16:07:42.8496662Z      79     │ - ··················<div·className="text-[10px]·text-[var(--text-muted)]·uppercase">
Lint Code Base	Run Super-Linter	2026-09-20T16:07:42.8497467Z      80     │ - ····················Vendor
Lint Code Base	Run Super-Linter	2026-09-20T16:07:42.8498050Z      81     │ - ··················</div>
Lint Code Base	Run Super-Linter	2026-09-20T16:07:42.8499001Z      82     │ - ··················<div·className="font-semibold·text-[var(--text-primary)]">
Lint Code Base	Run Super-Linter	2026-09-20T16:07:42.8500237Z      83     │ - ····················{inv.business.name}
Lint Code Base	Run Super-Linter	2026-09-20T16:07:42.8501019Z      84     │ - ··················</div>
Lint Code Base	Run Super-Linter	2026-09-20T16:07:42.8501511Z      85     │ - ················</div>
Lint Code Base	Run Super-Linter	2026-09-20T16:07:42.8501868Z      86     │ - ················<div>
Lint Code Base	Run Super-Linter	2026-09-20T16:07:42.8502400Z      87     │ - ··················<div·className="text-[10px]·text-[var(--text-muted)]·uppercase">
Lint Code Base	Run Super-Linter	2026-09-20T16:07:42.8503346Z      88     │ - ····················PO·Baseline
Lint Code Base	Run Super-Linter	2026-09-20T16:07:42.8503963Z      89     │ - ··················</div>
Lint Code Base	Run Super-Linter	2026-09-20T16:07:42.8505043Z      90     │ - ··················<div·className="text-[var(--text-secondary)]">
Lint Code Base	Run Super-Linter	2026-09-20T16:07:42.8506110Z      91     │ - ····················{poAmount·!==·null·&&·poAmount·!==·undefined
Lint Code Base	Run Super-Linter	2026-09-20T16:07:42.8507029Z   110 more lines truncated
Lint Code Base	Run Super-Linter	2026-09-20T16:07:42.8507425Z   
Lint Code Base	Run Super-Linter	2026-09-20T16:07:42.8507603Z 
Lint Code Base	Run Super-Linter	2026-09-20T16:07:42.8508357Z app/(app)/invoices/[id]/page.tsx format ━━━━━━━━━━━━━━━━━━━━━━━━━━━━━━━━━━━━━━━━━━━━━━━━━━━━━━━━━━━━
Lint Code Base	Run Super-Linter	2026-09-20T16:07:42.8509313Z 
Lint Code Base	Run Super-Linter	2026-09-20T16:07:42.8509704Z   × Formatter would have printed the following content:
Lint Code Base	Run Super-Linter	2026-09-20T16:07:42.8510325Z   
Lint Code Base	Run Super-Linter	2026-09-20T16:07:42.8510661Z       8   8 │   
Lint Code Base	Run Super-Linter	2026-09-20T16:07:42.8511147Z       9   9 │   export default async function InvoiceDetailPage({
Lint Code Base	Run Super-Linter	2026-09-20T16:07:42.8511541Z      10     │ - ··params,
Lint Code Base	Run Super-Linter	2026-09-20T16:07:42.8511790Z          10 │ + → params,
Lint Code Base	Run Super-Linter	2026-09-20T16:07:42.8512022Z      11  11 │   }: {
Lint Code Base	Run Super-Linter	2026-09-20T16:07:42.8512316Z      12     │ - ··params:·Promise<{·id:·string·}>;
Lint Code Base	Run Super-Linter	2026-09-20T16:07:42.8512690Z          12 │ + → params:·Promise<{·id:·string·}>;
Lint Code Base	Run Super-Linter	2026-09-20T16:07:42.8512985Z      13  13 │   }) {
Lint Code Base	Run Super-Linter	2026-09-20T16:07:42.8513265Z      14     │ - ··const·{·id·}·=·await·params;
Lint Code Base	Run Super-Linter	2026-09-20T16:07:42.8513635Z      15     │ - ··const·user·=·await·requireUser();
Lint Code Base	Run Super-Linter	2026-09-20T16:07:42.8513996Z          14 │ + → const·{·id·}·=·await·params;
Lint Code Base	Run Super-Linter	2026-09-20T16:07:42.8514664Z          15 │ + → const·user·=·await·requireUser();
Lint Code Base	Run Super-Linter	2026-09-20T16:07:42.8514966Z      16  16 │   
Lint Code Base	Run Super-Linter	2026-09-20T16:07:42.8515308Z      17     │ - ··const·invoice·=·await·prisma.document.findFirst({
Lint Code Base	Run Super-Linter	2026-09-20T16:07:42.8515917Z      18     │ - ····where:·{·id,·environmentId:·user.environmentId,·type:·"INVOICE"·},
Lint Code Base	Run Super-Linter	2026-09-20T16:07:42.8516393Z      19     │ - ····include:·{
Lint Code Base	Run Super-Linter	2026-09-20T16:07:42.8516676Z      20     │ - ······business:·true,
Lint Code Base	Run Super-Linter	2026-09-20T16:07:42.8516976Z      21     │ - ······lineItems:·true,
Lint Code Base	Run Super-Linter	2026-09-20T16:07:42.8517281Z      22     │ - ······uploadedBy:·true,
Lint Code Base	Run Super-Linter	2026-09-20T16:07:42.8517730Z      23     │ - ······discrepancies:·{·orderBy:·{·createdAt:·"desc"·},·take:·1·},
Lint Code Base	Run Super-Linter	2026-09-20T16:07:42.8518142Z      24     │ - ····},
Lint Code Base	Run Super-Linter	2026-09-20T16:07:42.8518381Z      25     │ - ··});
Lint Code Base	Run Super-Linter	2026-09-20T16:07:42.8518725Z          17 │ + → const·invoice·=·await·prisma.document.findFirst({
Lint Code Base	Run Super-Linter	2026-09-20T16:07:42.8519271Z          18 │ + → → where:·{·id,·environmentId:·user.environmentId,·type:·"INVOICE"·},
Lint Code Base	Run Super-Linter	2026-09-20T16:07:42.8519728Z          19 │ + → → include:·{
Lint Code Base	Run Super-Linter	2026-09-20T16:07:42.8519999Z          20 │ + → → → business:·true,
Lint Code Base	Run Super-Linter	2026-09-20T16:07:42.8520286Z          21 │ + → → → lineItems:·true,
Lint Code Base	Run Super-Linter	2026-09-20T16:07:42.8520829Z          22 │ + → → → uploadedBy:·true,
Lint Code Base	Run Super-Linter	2026-09-20T16:07:42.8521385Z          23 │ + → → → discrepancies:·{·orderBy:·{·createdAt:·"desc"·},·take:·1·},
Lint Code Base	Run Super-Linter	2026-09-20T16:07:42.8521775Z          24 │ + → → },
Lint Code Base	Run Super-Linter	2026-09-20T16:07:42.8521999Z          25 │ + → });
Lint Code Base	Run Super-Linter	2026-09-20T16:07:42.8522210Z      26  26 │   
Lint Code Base	Run Super-Linter	2026-09-20T16:07:42.8522461Z      27     │ - ··if·(!invoice)·notFound();
Lint Code Base	Run Super-Linter	2026-09-20T16:07:42.8522779Z          27 │ + → if·(!invoice)·notFound();
Lint Code Base	Run Super-Linter	2026-09-20T16:07:42.8523051Z      28  28 │   
Lint Code Base	Run Super-Linter	2026-09-20T16:07:42.8523380Z      29     │ - ··const·discrepancy·=·invoice.discrepancies[0];
Lint Code Base	Run Super-Linter	2026-09-20T16:07:42.8523993Z      30     │ - ··const·reasons:·string[]·=·discrepancy·?·JSON.parse(discrepancy.reasons)·:·[];
Lint Code Base	Run Super-Linter	2026-09-20T16:07:42.8524907Z          29 │ + → const·discrepancy·=·invoice.discrepancies[0];
Lint Code Base	Run Super-Linter	2026-09-20T16:07:42.8525488Z          30 │ + → const·reasons:·string[]·=·discrepancy·?·JSON.parse(discrepancy.reasons)·:·[];
Lint Code Base	Run Super-Linter	2026-09-20T16:07:42.8525946Z      31  31 │   
Lint Code Base	Run Super-Linter	2026-09-20T16:07:42.8526227Z      32     │ - ··const·po·=·invoice.linkedPoRef
Lint Code Base	Run Super-Linter	2026-09-20T16:07:42.8526657Z      33     │ - ····?·await·prisma.document.findFirst({
Lint Code Base	Run Super-Linter	2026-09-20T16:07:42.8527009Z      34     │ - ········where:·{
Lint Code Base	Run Super-Linter	2026-09-20T16:07:42.8527360Z      35     │ - ··········environmentId:·user.environmentId,
Lint Code Base	Run Super-Linter	2026-09-20T16:07:42.8527770Z      36     │ - ··········businessId:·invoice.businessId,
Lint Code Base	Run Super-Linter	2026-09-20T16:07:42.8528161Z      37     │ - ··········type:·"PURCHASE_ORDER",
Lint Code Base	Run Super-Linter	2026-09-20T16:07:42.8528546Z      38     │ - ··········reference:·invoice.linkedPoRef,
Lint Code Base	Run Super-Linter	2026-09-20T16:07:42.8528879Z      39     │ - ········},
Lint Code Base	Run Super-Linter	2026-09-20T16:07:42.8529192Z      40     │ - ········include:·{·lineItems:·true·},
Lint Code Base	Run Super-Linter	2026-09-20T16:07:42.8529508Z      41     │ - ······})
Lint Code Base	Run Super-Linter	2026-09-20T16:07:42.8529761Z      42     │ - ····:·null;
Lint Code Base	Run Super-Linter	2026-09-20T16:07:42.8530055Z          32 │ + → const·po·=·invoice.linkedPoRef
Lint Code Base	Run Super-Linter	2026-09-20T16:07:42.8530655Z          33 │ + → → ?·await·prisma.document.findFirst({
Lint Code Base	Run Super-Linter	2026-09-20T16:07:42.8530992Z          34 │ + → → → → where:·{
Lint Code Base	Run Super-Linter	2026-09-20T16:07:42.8531347Z          35 │ + → → → → → environmentId:·user.environmentId,
Lint Code Base	Run Super-Linter	2026-09-20T16:07:42.8531997Z          36 │ + → → → → → businessId:·invoice.businessId,
Lint Code Base	Run Super-Linter	2026-09-20T16:07:42.8532661Z          37 │ + → → → → → type:·"PURCHASE_ORDER",
Lint Code Base	Run Super-Linter	2026-09-20T16:07:42.8533324Z          38 │ + → → → → → reference:·invoice.linkedPoRef,
Lint Code Base	Run Super-Linter	2026-09-20T16:07:42.8534011Z          39 │ + → → → → },
Lint Code Base	Run Super-Linter	2026-09-20T16:07:42.8534878Z          40 │ + → → → → include:·{·lineItems:·true·},
Lint Code Base	Run Super-Linter	2026-09-20T16:07:42.8535214Z          41 │ + → → → })
Lint Code Base	Run Super-Linter	2026-09-20T16:07:42.8535455Z          42 │ + → → :·null;
Lint Code Base	Run Super-Linter	2026-09-20T16:07:42.8535687Z      43  43 │   
Lint Code Base	Run Super-Linter	2026-09-20T16:07:42.8535914Z      44     │ - ··return·(
Lint Code Base	Run Super-Linter	2026-09-20T16:07:42.8536464Z      45     │ - ····<div·className="p-8·space-y-6·max-w-5xl·mx-auto">
Lint Code Base	Run Super-Linter	2026-09-20T16:07:42.8536904Z      46     │ - ······<Link
Lint Code Base	Run Super-Linter	2026-09-20T16:07:42.8537184Z      47     │ - ········href="/invoices"
Lint Code Base	Run Super-Linter	2026-09-20T16:07:42.8538274Z      48     │ - ········className="inline-flex·items-center·gap-1.5·text-xs·text-[var(--text-secondary)]·hover:text-[var(--text-primary)]"
Lint Code Base	Run Super-Linter	2026-09-20T16:07:42.8539866Z      49     │ - ······>
Lint Code Base	Run Super-Linter	2026-09-20T16:07:42.8540747Z      50     │ - ········<ArrowLeft·className="w-3.5·h-3.5"·/>·Back·to·invoices
Lint Code Base	Run Super-Linter	2026-09-20T16:07:42.8541194Z      51     │ - ······</Link>
Lint Code Base	Run Super-Linter	2026-09-20T16:07:42.8541454Z          44 │ + → return·(
Lint Code Base	Run Super-Linter	2026-09-20T16:07:42.8541981Z          45 │ + → → <div·className="p-8·space-y-6·max-w-5xl·mx-auto">
Lint Code Base	Run Super-Linter	2026-09-20T16:07:42.8542404Z          46 │ + → → → <Link
Lint Code Base	Run Super-Linter	2026-09-20T16:07:42.8542670Z          47 │ + → → → → href="/invoices"
Lint Code Base	Run Super-Linter	2026-09-20T16:07:42.8543774Z          48 │ + → → → → className="inline-flex·items-center·gap-1.5·text-xs·text-[var(--text-secondary)]·hover:text-[var(--text-primary)]"
Lint Code Base	Run Super-Linter	2026-09-20T16:07:42.8545148Z          49 │ + → → → >
Lint Code Base	Run Super-Linter	2026-09-20T16:07:42.8545809Z          50 │ + → → → → <ArrowLeft·className="w-3.5·h-3.5"·/>·Back·to·invoices
Lint Code Base	Run Super-Linter	2026-09-20T16:07:42.8546523Z          51 │ + → → → </Link>
Lint Code Base	Run Super-Linter	2026-09-20T16:07:42.8546968Z      52  52 │   
Lint Code Base	Run Super-Linter	2026-09-20T16:07:42.8548207Z      53     │ - ······<div·className="flex·flex-wrap·items-center·justify-between·gap-4·pb-4·border-b·border-[var(--border-color)]">
Lint Code Base	Run Super-Linter	2026-09-20T16:07:42.8550050Z      54     │ - ········<div>
Lint Code Base	Run Super-Linter	2026-09-20T16:07:42.8550958Z      55     │ - ··········<h1·className="text-2xl·font-display·font-bold·text-[var(--text-primary)]·font-mono">
Lint Code Base	Run Super-Linter	2026-09-20T16:07:42.8551596Z      56     │ - ············{invoice.reference}
Lint Code Base	Run Super-Linter	2026-09-20T16:07:42.8551922Z      57     │ - ··········</h1>
Lint Code Base	Run Super-Linter	2026-09-20T16:07:42.8552376Z      58     │ - ··········<p·className="text-xs·text-[var(--text-secondary)]·mt-1">
Lint Code Base	Run Super-Linter	2026-09-20T16:07:42.8552970Z      59     │ - ············{invoice.business.name}·&middot;·uploaded·by{"·"}
Lint Code Base	Run Super-Linter	2026-09-20T16:07:42.8553491Z      60     │ - ············{invoice.uploadedBy.name}·&middot;{"·"}
Lint Code Base	Run Super-Linter	2026-09-20T16:07:42.8553981Z      61     │ - ············{invoice.createdAt.toISOString().slice(0,·10)}
Lint Code Base	Run Super-Linter	2026-09-20T16:07:42.8554683Z      62     │ - ··········</p>
Lint Code Base	Run Super-Linter	2026-09-20T16:07:42.8554959Z      63     │ - ········</div>
Lint Code Base	Run Super-Linter	2026-09-20T16:07:42.8555508Z      64     │ - ········<StatusBadge·status={invoice.status}·severity={discrepancy?.severity}·/>
Lint Code Base	Run Super-Linter	2026-09-20T16:07:42.8556027Z      65     │ - ······</div>
Lint Code Base	Run Super-Linter	2026-09-20T16:07:42.8556727Z          53 │ + → → → <div·className="flex·flex-wrap·items-center·justify-between·gap-4·pb-4·border-b·border-[var(--border-color)]">
Lint Code Base	Run Super-Linter	2026-09-20T16:07:42.8557393Z          54 │ + → → → → <div>
Lint Code Base	Run Super-Linter	2026-09-20T16:07:42.8557947Z          55 │ + → → → → → <h1·className="text-2xl·font-display·font-bold·text-[var(--text-primary)]·font-mono">
Lint Code Base	Run Super-Linter	2026-09-20T16:07:42.8558523Z          56 │ + → → → → → → {invoice.reference}
Lint Code Base	Run Super-Linter	2026-09-20T16:07:42.8558825Z          57 │ + → → → → → </h1>
Lint Code Base	Run Super-Linter	2026-09-20T16:07:42.8559237Z          58 │ + → → → → → <p·className="text-xs·text-[var(--text-secondary)]·mt-1">
Lint Code Base	Run Super-Linter	2026-09-20T16:07:42.8559781Z          59 │ + → → → → → → {invoice.business.name}·&middot;·uploaded·by{"·"}
Lint Code Base	Run Super-Linter	2026-09-20T16:07:42.8560248Z          60 │ + → → → → → → {invoice.uploadedBy.name}·&middot;{"·"}
Lint Code Base	Run Super-Linter	2026-09-20T16:07:42.8560706Z          61 │ + → → → → → → {invoice.createdAt.toISOString().slice(0,·10)}
Lint Code Base	Run Super-Linter	2026-09-20T16:07:42.8561114Z          62 │ + → → → → → </p>
Lint Code Base	Run Super-Linter	2026-09-20T16:07:42.8561365Z          63 │ + → → → → </div>
Lint Code Base	Run Super-Linter	2026-09-20T16:07:42.8561833Z          64 │ + → → → → <StatusBadge·status={invoice.status}·severity={discrepancy?.severity}·/>
Lint Code Base	Run Super-Linter	2026-09-20T16:07:42.8562293Z          65 │ + → → → </div>
Lint Code Base	Run Super-Linter	2026-09-20T16:07:42.8562525Z      66  66 │   
Lint Code Base	Run Super-Linter	2026-09-20T16:07:42.8562778Z      67     │ - ······{discrepancy·&&·(
Lint Code Base	Run Super-Linter	2026-09-20T16:07:42.8563099Z      68     │ - ········<ReconciliationCard
Lint Code Base	Run Super-Linter	2026-09-20T16:07:42.8563419Z      69     │ - ··········quoteAmount={
Lint Code Base	Run Super-Linter	2026-09-20T16:07:42.8563783Z      70     │ - ············discrepancy.quoteAmount·??
Lint Code Base	Run Super-Linter	2026-09-20T16:07:42.8564446Z      71     │ - ············discrepancy.poAmount·??
Lint Code Base	Run Super-Linter	2026-09-20T16:07:42.8564828Z      72     │ - ············invoice.totalAmount
Lint Code Base	Run Super-Linter	2026-09-20T16:07:42.8565139Z      73     │ - ··········}
Lint Code Base	Run Super-Linter	2026-09-20T16:07:42.8565578Z      74     │ - ··········poAmount={discrepancy.poAmount·??·invoice.totalAmount}
Lint Code Base	Run Super-Linter	2026-09-20T16:07:42.8566114Z      75     │ - ··········invoiceAmount={invoice.totalAmount}
Lint Code Base	Run Super-Linter	2026-09-20T16:07:42.8566652Z      76     │ - ········/>
Lint Code Base	Run Super-Linter	2026-09-20T16:07:42.8566906Z      77     │ - ······)}
Lint Code Base	Run Super-Linter	2026-09-20T16:07:42.8567170Z          67 │ + → → → {discrepancy·&&·(
Lint Code Base	Run Super-Linter	2026-09-20T16:07:42.8567472Z          68 │ + → → → → <ReconciliationCard
Lint Code Base	Run Super-Linter	2026-09-20T16:07:42.8567785Z          69 │ + → → → → → quoteAmount={
Lint Code Base	Run Super-Linter	2026-09-20T16:07:42.8568117Z          70 │ + → → → → → → discrepancy.quoteAmount·??
Lint Code Base	Run Super-Linter	2026-09-20T16:07:42.8568489Z          71 │ + → → → → → → discrepancy.poAmount·??
Lint Code Base	Run Super-Linter	2026-09-20T16:07:42.8568832Z          72 │ + → → → → → → invoice.totalAmount
Lint Code Base	Run Super-Linter	2026-09-20T16:07:42.8569140Z          73 │ + → → → → → }
Lint Code Base	Run Super-Linter	2026-09-20T16:07:42.8569529Z          74 │ + → → → → → poAmount={discrepancy.poAmount·??·invoice.totalAmount}
Lint Code Base	Run Super-Linter	2026-09-20T16:07:42.8570224Z          75 │ + → → → → → invoiceAmount={invoice.totalAmount}
Lint Code Base	Run Super-Linter	2026-09-20T16:07:42.8570564Z          76 │ + → → → → />
Lint Code Base	Run Super-Linter	2026-09-20T16:07:42.8570801Z          77 │ + → → → )}
Lint Code Base	Run Super-Linter	2026-09-20T16:07:42.8571385Z      78  78 │   
Lint Code Base	Run Super-Linter	2026-09-20T16:07:42.8571897Z      79     │ - ······{reasons.length·>·0·&&·(
Lint Code Base	Run Super-Linter	2026-09-20T16:07:42.8573118Z      80     │ - ········<div·className="p-4·rounded-xl·border·border-[var(--danger)]·bg-[var(--danger-soft)]·space-y-1">
Lint Code Base	Run Super-Linter	2026-09-20T16:07:42.8574836Z      81     │ - ··········<div·className="text-xs·font-semibold·text-[var(--danger)]">
Lint Code Base	Run Super-Linter	2026-09-20T16:07:42.8575341Z      82     │ - ············Detected·issues
Lint Code Base	Run Super-Linter	2026-09-20T16:07:42.8575657Z      83     │ - ··········</div>
Lint Code Base	Run Super-Linter	2026-09-20T16:07:42.8576450Z      84     │ - ··········<ul·className="text-xs·text-[var(--text-secondary)]·list-disc·pl-4·space-y-0.5">
Lint Code Base	Run Super-Linter	2026-09-20T16:07:42.8577123Z      85     │ - ············{reasons.map((r,·i)·=>·(
Lint Code Base	Run Super-Linter	2026-09-20T16:07:42.8577785Z      86     │ - ··············<li·key={i}>{r}</li>
Lint Code Base	Run Super-Linter	2026-09-20T16:07:42.8578374Z      87     │ - ············))}
Lint Code Base	Run Super-Linter	2026-09-20T16:07:42.8578872Z      88     │ - ··········</ul>
Lint Code Base	Run Super-Linter	2026-09-20T16:07:42.8579438Z      89     │ - ········</div>
Lint Code Base	Run Super-Linter	2026-09-20T16:07:42.8580178Z      90     │ - ······)}
Lint Code Base	Run Super-Linter	2026-09-20T16:07:42.8580517Z          79 │ + → → → {reasons.length·>·0·&&·(
Lint Code Base	Run Super-Linter	2026-09-20T16:07:42.8581202Z          80 │ + → → → → <div·className="p-4·rounded-xl·border·border-[var(--danger)]·bg-[var(--danger-soft)]·space-y-1">
Lint Code Base	Run Super-Linter	2026-09-20T16:07:42.8582195Z          81 │ + → → → → → <div·className="text-xs·font-semibold·text-[var(--danger)]">
Lint Code Base	Run Super-Linter	2026-09-20T16:07:42.8582753Z          82 │ + → → → → → → Detected·issues
Lint Code Base	Run Super-Linter	2026-09-20T16:07:42.8583294Z          83 │ + → → → → → </div>
Lint Code Base	Run Super-Linter	2026-09-20T16:07:42.8584452Z          84 │ + → → → → → <ul·className="text-xs·text-[var(--text-secondary)]·list-disc·pl-4·space-y-0.5">
Lint Code Base	Run Super-Linter	2026-09-20T16:07:42.8585454Z          85 │ + → → → → → → {reasons.map((r,·i)·=>·(
Lint Code Base	Run Super-Linter	2026-09-20T16:07:42.8586073Z          86 │ + → → → → → → → <li·key={i}>{r}</li>
Lint Code Base	Run Super-Linter	2026-09-20T16:07:42.8586574Z   166 more lines truncated
Lint Code Base	Run Super-Linter	2026-09-20T16:07:42.8586952Z   
Lint Code Base	Run Super-Linter	2026-09-20T16:07:42.8587128Z 
Lint Code Base	Run Super-Linter	2026-09-20T16:07:42.8587873Z app/(app)/invoices/page.tsx format ━━━━━━━━━━━━━━━━━━━━━━━━━━━━━━━━━━━━━━━━━━━━━━━━━━━━━━━━━━━━━━━━━
Lint Code Base	Run Super-Linter	2026-09-20T16:07:42.8589105Z 
Lint Code Base	Run Super-Linter	2026-09-20T16:07:42.8589344Z   × Formatter would have printed the following content:
Lint Code Base	Run Super-Linter	2026-09-20T16:07:42.8589650Z   
Lint Code Base	Run Super-Linter	2026-09-20T16:07:42.8589841Z      5  5 │   
Lint Code Base	Run Super-Linter	2026-09-20T16:07:42.8590141Z      6  6 │   export default async function InvoicesPage() {
Lint Code Base	Run Super-Linter	2026-09-20T16:07:42.8590553Z      7    │ - ··const·user·=·await·requireUser();
Lint Code Base	Run Super-Linter	2026-09-20T16:07:42.8590919Z         7 │ + → const·user·=·await·requireUser();
Lint Code Base	Run Super-Linter	2026-09-20T16:07:42.8591210Z      8  8 │   
Lint Code Base	Run Super-Linter	2026-09-20T16:07:42.8591528Z      9    │ - ··const·docs·=·await·prisma.document.findMany({
Lint Code Base	Run Super-Linter	2026-09-20T16:07:42.8592114Z     10    │ - ····where:·{·environmentId:·user.environmentId,·type:·"INVOICE"·},
Lint Code Base	Run Super-Linter	2026-09-20T16:07:42.8592555Z     11    │ - ····include:·{
Lint Code Base	Run Super-Linter	2026-09-20T16:07:42.8592837Z     12    │ - ······business:·true,
Lint Code Base	Run Super-Linter	2026-09-20T16:07:42.8593284Z     13    │ - ······discrepancies:·{·orderBy:·{·createdAt:·"desc"·},·take:·1·},
Lint Code Base	Run Super-Linter	2026-09-20T16:07:42.8593690Z     14    │ - ····},
Lint Code Base	Run Super-Linter	2026-09-20T16:07:42.8594423Z     15    │ - ····orderBy:·{·createdAt:·"desc"·},
Lint Code Base	Run Super-Linter	2026-09-20T16:07:42.8594769Z     16    │ - ··});
Lint Code Base	Run Super-Linter	2026-09-20T16:07:42.8595096Z         9 │ + → const·docs·=·await·prisma.document.findMany({
Lint Code Base	Run Super-Linter	2026-09-20T16:07:42.8595602Z        10 │ + → → where:·{·environmentId:·user.environmentId,·type:·"INVOICE"·},
Lint Code Base	Run Super-Linter	2026-09-20T16:07:42.8596024Z        11 │ + → → include:·{
Lint Code Base	Run Super-Linter	2026-09-20T16:07:42.8596285Z        12 │ + → → → business:·true,
Lint Code Base	Run Super-Linter	2026-09-20T16:07:42.8596692Z        13 │ + → → → discrepancies:·{·orderBy:·{·createdAt:·"desc"·},·take:·1·},
Lint Code Base	Run Super-Linter	2026-09-20T16:07:42.8597072Z        14 │ + → → },
Lint Code Base	Run Super-Linter	2026-09-20T16:07:42.8597336Z        15 │ + → → orderBy:·{·createdAt:·"desc"·},
Lint Code Base	Run Super-Linter	2026-09-20T16:07:42.8597622Z        16 │ + → });
Lint Code Base	Run Super-Linter	2026-09-20T16:07:42.8597824Z     17 17 │   
Lint Code Base	Run Super-Linter	2026-09-20T16:07:42.8598122Z     18    │ - ··const·invoices·=·docs.map(toInvoiceRecord);
Lint Code Base	Run Super-Linter	2026-09-20T16:07:42.8598535Z        18 │ + → const·invoices·=·docs.map(toInvoiceRecord);
Lint Code Base	Run Super-Linter	2026-09-20T16:07:42.8598849Z     19 19 │   
Lint Code Base	Run Super-Linter	2026-09-20T16:07:42.8599163Z     20    │ - ··return·<InvoicesClient·invoices={invoices}·/>;
Lint Code Base	Run Super-Linter	2026-09-20T16:07:42.8599635Z        20 │ + → return·<InvoicesClient·invoices={invoices}·/>;
Lint Code Base	Run Super-Linter	2026-09-20T16:07:42.8599965Z     21 21 │   }
Lint Code Base	Run Super-Linter	2026-09-20T16:07:42.8600163Z     22 22 │   
Lint Code Base	Run Super-Linter	2026-09-20T16:07:42.8600337Z   
Lint Code Base	Run Super-Linter	2026-09-20T16:07:42.8600427Z 
Lint Code Base	Run Super-Linter	2026-09-20T16:07:42.8600834Z app/(app)/layout.tsx format ━━━━━━━━━━━━━━━━━━━━━━━━━━━━━━━━━━━━━━━━━━━━━━━━━━━━━━━━━━━━━━━━━━━━━━━━
Lint Code Base	Run Super-Linter	2026-09-20T16:07:42.8601230Z 
Lint Code Base	Run Super-Linter	2026-09-20T16:07:42.8601407Z   × Formatter would have printed the following content:
Lint Code Base	Run Super-Linter	2026-09-20T16:07:42.8601707Z   
Lint Code Base	Run Super-Linter	2026-09-20T16:07:42.8601933Z      6  6 │   // so they render without it.
Lint Code Base	Run Super-Linter	2026-09-20T16:07:42.8602278Z      7  7 │   export default async function AppLayout({
Lint Code Base	Run Super-Linter	2026-09-20T16:07:42.8602607Z      8    │ - ··children,
Lint Code Base	Run Super-Linter	2026-09-20T16:07:42.8602851Z         8 │ + → children,
Lint Code Base	Run Super-Linter	2026-09-20T16:07:42.8603072Z      9  9 │   }: {
Lint Code Base	Run Super-Linter	2026-09-20T16:07:42.8603327Z     10    │ - ··children:·React.ReactNode;
Lint Code Base	Run Super-Linter	2026-09-20T16:07:42.8603639Z        10 │ + → children:·React.ReactNode;
Lint Code Base	Run Super-Linter	2026-09-20T16:07:42.8603925Z     11 11 │   }) {
Lint Code Base	Run Super-Linter	2026-09-20T16:07:42.8604546Z     12    │ - ··const·user·=·await·requireUser();
Lint Code Base	Run Super-Linter	2026-09-20T16:07:42.8604935Z        12 │ + → const·user·=·await·requireUser();
Lint Code Base	Run Super-Linter	2026-09-20T16:07:42.8605233Z     13 13 │   
Lint Code Base	Run Super-Linter	2026-09-20T16:07:42.8605456Z     14    │ - ··return·(
Lint Code Base	Run Super-Linter	2026-09-20T16:07:42.8605977Z     15    │ - ····<div·className="flex·min-h-screen·bg-[var(--bg-app)]·text-[var(--text-primary)]">
Lint Code Base	Run Super-Linter	2026-09-20T16:07:42.8606507Z     16    │ - ······<Sidebar
Lint Code Base	Run Super-Linter	2026-09-20T16:07:42.8606860Z     17    │ - ········environmentName={user.environment.name}
Lint Code Base	Run Super-Linter	2026-09-20T16:07:42.8607243Z     18    │ - ········userName={user.name}
Lint Code Base	Run Super-Linter	2026-09-20T16:07:42.8607558Z     19    │ - ········userRole={user.role}
Lint Code Base	Run Super-Linter	2026-09-20T16:07:42.8607840Z     20    │ - ······/>
Lint Code Base	Run Super-Linter	2026-09-20T16:07:42.8608232Z     21    │ - ······<main·className="flex-1·overflow-y-auto">{children}</main>
Lint Code Base	Run Super-Linter	2026-09-20T16:07:42.8608729Z     22    │ - ····</div>
Lint Code Base	Run Super-Linter	2026-09-20T16:07:42.8609104Z     23    │ - ··);
Lint Code Base	Run Super-Linter	2026-09-20T16:07:42.8609367Z        14 │ + → return·(
Lint Code Base	Run Super-Linter	2026-09-20T16:07:42.8609876Z        15 │ + → → <div·className="flex·min-h-screen·bg-[var(--bg-app)]·text-[var(--text-primary)]">
Lint Code Base	Run Super-Linter	2026-09-20T16:07:42.8611005Z        16 │ + → → → <Sidebar
Lint Code Base	Run Super-Linter	2026-09-20T16:07:42.8611621Z        17 │ + → → → → environmentName={user.environment.name}
Lint Code Base	Run Super-Linter	2026-09-20T16:07:42.8612308Z        18 │ + → → → → userName={user.name}
Lint Code Base	Run Super-Linter	2026-09-20T16:07:42.8613089Z        19 │ + → → → → userRole={user.role}
Lint Code Base	Run Super-Linter	2026-09-20T16:07:42.8613430Z        20 │ + → → → />
Lint Code Base	Run Super-Linter	2026-09-20T16:07:42.8613827Z        21 │ + → → → <main·className="flex-1·overflow-y-auto">{children}</main>
Lint Code Base	Run Super-Linter	2026-09-20T16:07:42.8614493Z        22 │ + → → </div>
Lint Code Base	Run Super-Linter	2026-09-20T16:07:42.8614726Z        23 │ + → );
Lint Code Base	Run Super-Linter	2026-09-20T16:07:42.8615142Z     24 24 │   }
Lint Code Base	Run Super-Linter	2026-09-20T16:07:42.8615363Z     25 25 │   
Lint Code Base	Run Super-Linter	2026-09-20T16:07:42.8615541Z   
Lint Code Base	Run Super-Linter	2026-09-20T16:07:42.8615633Z 
Lint Code Base	Run Super-Linter	2026-09-20T16:07:42.8616050Z app/(app)/page.tsx format ━━━━━━━━━━━━━━━━━━━━━━━━━━━━━━━━━━━━━━━━━━━━━━━━━━━━━━━━━━━━━━━━━━━━━━━━━━
Lint Code Base	Run Super-Linter	2026-09-20T16:07:42.8616744Z 
Lint Code Base	Run Super-Linter	2026-09-20T16:07:42.8617375Z   × Formatter would have printed the following content:
Lint Code Base	Run Super-Linter	2026-09-20T16:07:42.8617948Z   
Lint Code Base	Run Super-Linter	2026-09-20T16:07:42.8618290Z       8   8 │   
Lint Code Base	Run Super-Linter	2026-09-20T16:07:42.8619131Z       9   9 │   export default async function CommandCenterDashboard() {
Lint Code Base	Run Super-Linter	2026-09-20T16:07:42.8619799Z      10     │ - ··const·user·=·await·requireUser();
Lint Code Base	Run Super-Linter	2026-09-20T16:07:42.8620219Z      11     │ - ··const·environmentId·=·user.environmentId;
Lint Code Base	Run Super-Linter	2026-09-20T16:07:42.8620614Z          10 │ + → const·user·=·await·requireUser();
Lint Code Base	Run Super-Linter	2026-09-20T16:07:42.8621217Z          11 │ + → const·environmentId·=·user.environmentId;
Lint Code Base	Run Super-Linter	2026-09-20T16:07:42.8621549Z      12  12 │   
Lint Code Base	Run Super-Linter	2026-09-20T16:07:42.8621778Z      13     │ - ··const·[
Lint Code Base	Run Super-Linter	2026-09-20T16:07:42.8622130Z      14     │ - ····totalInvoices,
Lint Code Base	Run Super-Linter	2026-09-20T16:07:42.8622665Z      15     │ - ····matchedInvoices,
Lint Code Base	Run Super-Linter	2026-09-20T16:07:42.8623202Z      16     │ - ····discrepancyCount,
Lint Code Base	Run Super-Linter	2026-09-20T16:07:42.8623729Z      17     │ - ····pendingReview,
Lint Code Base	Run Super-Linter	2026-09-20T16:07:42.8624478Z      18     │ - ····priorityQueue,
Lint Code Base	Run Super-Linter	2026-09-20T16:07:42.8625060Z      19     │ - ····latestDiscrepancy,
Lint Code Base	Run Super-Linter	2026-09-20T16:07:42.8625642Z      20     │ - ··]·=·await·Promise.all([
Lint Code Base	Run Super-Linter	2026-09-20T16:07:42.8626547Z      21     │ - ····prisma.document.count({·where:·{·environmentId,·type:·"INVOICE"·}·}),
Lint Code Base	Run Super-Linter	2026-09-20T16:07:42.8627440Z      22     │ - ····prisma.document.count({
Lint Code Base	Run Super-Linter	2026-09-20T16:07:42.8628529Z      23     │ - ······where:·{·environmentId,·type:·"INVOICE",·status:·"Matched"·},
Lint Code Base	Run Super-Linter	2026-09-20T16:07:42.8628981Z      24     │ - ····}),
Lint Code Base	Run Super-Linter	2026-09-20T16:07:42.8629259Z      25     │ - ····prisma.document.count({
Lint Code Base	Run Super-Linter	2026-09-20T16:07:42.8629568Z      26     │ - ······where:·{
Lint Code Base	Run Super-Linter	2026-09-20T16:07:42.8629849Z      27     │ - ········environmentId,
Lint Code Base	Run Super-Linter	2026-09-20T16:07:42.8630158Z      28     │ - ········type:·"INVOICE",
Lint Code Base	Run Super-Linter	2026-09-20T16:07:42.8630563Z      29     │ - ········status:·{·in:·["Needs·Review",·"Discrepancy"]·},
Lint Code Base	Run Super-Linter	2026-09-20T16:07:42.8630951Z      30     │ - ······},
Lint Code Base	Run Super-Linter	2026-09-20T16:07:42.8631192Z      31     │ - ····}),
Lint Code Base	Run Super-Linter	2026-09-20T16:07:42.8631457Z      32     │ - ····prisma.document.count({
Lint Code Base	Run Super-Linter	2026-09-20T16:07:42.8632182Z      33     │ - ······where:·{·environmentId,·type:·"INVOICE",·status:·"Needs·Review"·},
Lint Code Base	Run Super-Linter	2026-09-20T16:07:42.8632628Z      34     │ - ····}),
Lint Code Base	Run Super-Linter	2026-09-20T16:07:42.8632904Z      35     │ - ····prisma.document.findMany({
Lint Code Base	Run Super-Linter	2026-09-20T16:07:42.8633215Z      36     │ - ······where:·{
Lint Code Base	Run Super-Linter	2026-09-20T16:07:42.8633490Z      37     │ - ········environmentId,
Lint Code Base	Run Super-Linter	2026-09-20T16:07:42.8633789Z      38     │ - ········type:·"INVOICE",
Lint Code Base	Run Super-Linter	2026-09-20T16:07:42.8634488Z      39     │ - ········status:·{·in:·["Needs·Review",·"Discrepancy"]·},
Lint Code Base	Run Super-Linter	2026-09-20T16:07:42.8634899Z      40     │ - ······},
Lint Code Base	Run Super-Linter	2026-09-20T16:07:42.8635154Z      41     │ - ······include:·{
Lint Code Base	Run Super-Linter	2026-09-20T16:07:42.8635442Z      42     │ - ········business:·true,
Lint Code Base	Run Super-Linter	2026-09-20T16:07:42.8635895Z      43     │ - ········discrepancies:·{·orderBy:·{·createdAt:·"desc"·},·take:·1·},
Lint Code Base	Run Super-Linter	2026-09-20T16:07:42.8636309Z      44     │ - ······},
Lint Code Base	Run Super-Linter	2026-09-20T16:07:42.8636606Z      45     │ - ······orderBy:·{·createdAt:·"desc"·},
Lint Code Base	Run Super-Linter	2026-09-20T16:07:42.8637100Z      46     │ - ······take:·3,
Lint Code Base	Run Super-Linter	2026-09-20T16:07:42.8637368Z      47     │ - ····}),
Lint Code Base	Run Super-Linter	2026-09-20T16:07:42.8637655Z      48     │ - ····prisma.discrepancy.findFirst({
Lint Code Base	Run Super-Linter	2026-09-20T16:07:42.8638212Z      49     │ - ······where:·{·environmentId,·status:·{·in:·["Needs·Review",·"Discrepancy"]·}·},
Lint Code Base	Run Super-Linter	2026-09-20T16:07:42.8638745Z      50     │ - ······orderBy:·{·createdAt:·"desc"·},
Lint Code Base	Run Super-Linter	2026-09-20T16:07:42.8639211Z      51     │ - ······include:·{·invoiceDoc:·{·include:·{·business:·true·}·}·},
Lint Code Base	Run Super-Linter	2026-09-20T16:07:42.8639610Z      52     │ - ····}),
Lint Code Base	Run Super-Linter	2026-09-20T16:07:42.8639843Z      53     │ - ··]);
Lint Code Base	Run Super-Linter	2026-09-20T16:07:42.8640072Z          13 │ + → const·[
Lint Code Base	Run Super-Linter	2026-09-20T16:07:42.8640325Z          14 │ + → → totalInvoices,
Lint Code Base	Run Super-Linter	2026-09-20T16:07:42.8640604Z          15 │ + → → matchedInvoices,
Lint Code Base	Run Super-Linter	2026-09-20T16:07:42.8640891Z          16 │ + → → discrepancyCount,
Lint Code Base	Run Super-Linter	2026-09-20T16:07:42.8641173Z          17 │ + → → pendingReview,
Lint Code Base	Run Super-Linter	2026-09-20T16:07:42.8641441Z          18 │ + → → priorityQueue,
Lint Code Base	Run Super-Linter	2026-09-20T16:07:42.8641734Z          19 │ + → → latestDiscrepancy,
Lint Code Base	Run Super-Linter	2026-09-20T16:07:42.8642063Z          20 │ + → ]·=·await·Promise.all([
Lint Code Base	Run Super-Linter	2026-09-20T16:07:42.8642556Z          21 │ + → → prisma.document.count({·where:·{·environmentId,·type:·"INVOICE"·}·}),
Lint Code Base	Run Super-Linter	2026-09-20T16:07:42.8643017Z          22 │ + → → prisma.document.count({
Lint Code Base	Run Super-Linter	2026-09-20T16:07:42.8643465Z          23 │ + → → → where:·{·environmentId,·type:·"INVOICE",·status:·"Matched"·},
Lint Code Base	Run Super-Linter	2026-09-20T16:07:42.8643869Z          24 │ + → → }),
Lint Code Base	Run Super-Linter	2026-09-20T16:07:42.8644524Z          25 │ + → → prisma.document.count({
Lint Code Base	Run Super-Linter	2026-09-20T16:07:42.8644988Z          26 │ + → → → where:·{
Lint Code Base	Run Super-Linter	2026-09-20T16:07:42.8645502Z          27 │ + → → → → environmentId,
Lint Code Base	Run Super-Linter	2026-09-20T16:07:42.8645893Z          28 │ + → → → → type:·"INVOICE",
Lint Code Base	Run Super-Linter	2026-09-20T16:07:42.8646418Z          29 │ + → → → → status:·{·in:·["Needs·Review",·"Discrepancy"]·},
Lint Code Base	Run Super-Linter	2026-09-20T16:07:42.8646905Z          30 │ + → → → },
Lint Code Base	Run Super-Linter	2026-09-20T16:07:42.8647264Z          31 │ + → → }),
Lint Code Base	Run Super-Linter	2026-09-20T16:07:42.8647745Z          32 │ + → → prisma.document.count({
Lint Code Base	Run Super-Linter	2026-09-20T16:07:42.8648550Z          33 │ + → → → where:·{·environmentId,·type:·"INVOICE",·status:·"Needs·Review"·},
Lint Code Base	Run Super-Linter	2026-09-20T16:07:42.8649220Z          34 │ + → → }),
Lint Code Base	Run Super-Linter	2026-09-20T16:07:42.8649920Z          35 │ + → → prisma.document.findMany({
Lint Code Base	Run Super-Linter	2026-09-20T16:07:42.8650641Z          36 │ + → → → where:·{
Lint Code Base	Run Super-Linter	2026-09-20T16:07:42.8651396Z          37 │ + → → → → environmentId,
Lint Code Base	Run Super-Linter	2026-09-20T16:07:42.8652333Z          38 │ + → → → → type:·"INVOICE",
Lint Code Base	Run Super-Linter	2026-09-20T16:07:42.8652823Z          39 │ + → → → → status:·{·in:·["Needs·Review",·"Discrepancy"]·},
Lint Code Base	Run Super-Linter	2026-09-20T16:07:42.8653404Z          40 │ + → → → },
Lint Code Base	Run Super-Linter	2026-09-20T16:07:42.8653997Z          41 │ + → → → include:·{
Lint Code Base	Run Super-Linter	2026-09-20T16:07:42.8654843Z          42 │ + → → → → business:·true,
Lint Code Base	Run Super-Linter	2026-09-20T16:07:42.8674647Z          43 │ + → → → → discrepancies:·{·orderBy:·{·createdAt:·"desc"·},·take:·1·},
Lint Code Base	Run Super-Linter	2026-09-20T16:07:42.8675263Z          44 │ + → → → },
Lint Code Base	Run Super-Linter	2026-09-20T16:07:42.8675591Z          45 │ + → → → orderBy:·{·createdAt:·"desc"·},
Lint Code Base	Run Super-Linter	2026-09-20T16:07:42.8675931Z          46 │ + → → → take:·3,
Lint Code Base	Run Super-Linter	2026-09-20T16:07:42.8676224Z          47 │ + → → }),
Lint Code Base	Run Super-Linter	2026-09-20T16:07:42.8676966Z          48 │ + → → prisma.discrepancy.findFirst({
Lint Code Base	Run Super-Linter	2026-09-20T16:07:42.8678130Z          49 │ + → → → where:·{·environmentId,·status:·{·in:·["Needs·Review",·"Discrepancy"]·}·},
Lint Code Base	Run Super-Linter	2026-09-20T16:07:42.8679306Z          50 │ + → → → orderBy:·{·createdAt:·"desc"·},
Lint Code Base	Run Super-Linter	2026-09-20T16:07:42.8680359Z          51 │ + → → → include:·{·invoiceDoc:·{·include:·{·business:·true·}·}·},
Lint Code Base	Run Super-Linter	2026-09-20T16:07:42.8681072Z          52 │ + → → }),
Lint Code Base	Run Super-Linter	2026-09-20T16:07:42.8681572Z          53 │ + → ]);
Lint Code Base	Run Super-Linter	2026-09-20T16:07:42.8681981Z      54  54 │   
Lint Code Base	Run Super-Linter	2026-09-20T16:07:42.8682455Z      55     │ - ··const·reconciledRate·=
Lint Code Base	Run Super-Linter	2026-09-20T16:07:42.8683344Z      56     │ - ····totalInvoices·>·0·?·(matchedInvoices·/·totalInvoices)·*·100·:·0;
Lint Code Base	Run Super-Linter	2026-09-20T16:07:42.8684408Z          55 │ + → const·reconciledRate·=
Lint Code Base	Run Super-Linter	2026-09-20T16:07:42.8685238Z          56 │ + → → totalInvoices·>·0·?·(matchedInvoices·/·totalInvoices)·*·100·:·0;
Lint Code Base	Run Super-Linter	2026-09-20T16:07:42.8685962Z      57  57 │   
Lint Code Base	Run Super-Linter	2026-09-20T16:07:42.8686723Z      58     │ - ··const·featured·=·priorityQueue[0];
Lint Code Base	Run Super-Linter	2026-09-20T16:07:42.8687569Z      59     │ - ··const·featuredDiscrepancy·=·featured?.discrepancies[0];
Lint Code Base	Run Super-Linter	2026-09-20T16:07:42.8688361Z          58 │ + → const·featured·=·priorityQueue[0];
Lint Code Base	Run Super-Linter	2026-09-20T16:07:42.8689156Z          59 │ + → const·featuredDiscrepancy·=·featured?.discrepancies[0];
Lint Code Base	Run Super-Linter	2026-09-20T16:07:42.8689806Z      60  60 │   
Lint Code Base	Run Super-Linter	2026-09-20T16:07:42.8690212Z      61     │ - ··return·(
Lint Code Base	Run Super-Linter	2026-09-20T16:07:42.8690977Z      62     │ - ····<div·className="min-h-screen·p-8·space-y-8·max-w-7xl·mx-auto">
Lint Code Base	Run Super-Linter	2026-09-20T16:07:42.8692390Z      63     │ - ······<header·className="flex·justify-between·items-center·pb-6·border-b·border-[var(--border-color)]">
Lint Code Base	Run Super-Linter	2026-09-20T16:07:42.8693049Z      64     │ - ········<div>
Lint Code Base	Run Super-Linter	2026-09-20T16:07:42.8693686Z      65     │ - ··········<h1·className="text-3xl·font-bold·font-display·tracking-tight·text-[var(--text-primary)]">
Lint Code Base	Run Super-Linter	2026-09-20T16:07:42.8694607Z      66     │ - ············Command·Center
Lint Code Base	Run Super-Linter	2026-09-20T16:07:42.8694964Z      67     │ - ··········</h1>
Lint Code Base	Run Super-Linter	2026-09-20T16:07:42.8695412Z      68     │ - ··········<p·className="text-sm·text-[var(--text-secondary)]">
Lint Code Base	Run Super-Linter	2026-09-20T16:07:42.8696034Z      69     │ - ············Quiet·operational·overview.·Flagged·items·prioritized.
Lint Code Base	Run Super-Linter	2026-09-20T16:07:42.8696494Z      70     │ - ··········</p>
Lint Code Base	Run Super-Linter	2026-09-20T16:07:42.8696771Z      71     │ - ········</div>
Lint Code Base	Run Super-Linter	2026-09-20T16:07:42.8697033Z          61 │ + → return·(
Lint Code Base	Run Super-Linter	2026-09-20T16:07:42.8697457Z          62 │ + → → <div·className="min-h-screen·p-8·space-y-8·max-w-7xl·mx-auto">
Lint Code Base	Run Super-Linter	2026-09-20T16:07:42.8698246Z          63 │ + → → → <header·className="flex·justify-between·items-center·pb-6·border-b·border-[var(--border-color)]">
Lint Code Base	Run Super-Linter	2026-09-20T16:07:42.8698837Z          64 │ + → → → → <div>
Lint Code Base	Run Super-Linter	2026-09-20T16:07:42.8699411Z          65 │ + → → → → → <h1·className="text-3xl·font-bold·font-display·tracking-tight·text-[var(--text-primary)]">
Lint Code Base	Run Super-Linter	2026-09-20T16:07:42.8699994Z          66 │ + → → → → → → Command·Center
Lint Code Base	Run Super-Linter	2026-09-20T16:07:42.8700288Z          67 │ + → → → → → </h1>
Lint Code Base	Run Super-Linter	2026-09-20T16:07:42.8700697Z          68 │ + → → → → → <p·className="text-sm·text-[var(--text-secondary)]">
Lint Code Base	Run Super-Linter	2026-09-20T16:07:42.8701446Z          69 │ + → → → → → → Quiet·operational·overview.·Flagged·items·prioritized.
Lint Code Base	Run Super-Linter	2026-09-20T16:07:42.8701869Z          70 │ + → → → → → </p>
Lint Code Base	Run Super-Linter	2026-09-20T16:07:42.8702129Z          71 │ + → → → → </div>
Lint Code Base	Run Super-Linter	2026-09-20T16:07:42.8702378Z      72  72 │   
Lint Code Base	Run Super-Linter	2026-09-20T16:07:42.8702670Z      73     │ - ········<div·className="flex·gap-3">
Lint Code Base	Run Super-Linter	2026-09-20T16:07:42.8703678Z      74     │ - ··········<button·className="flex·items-center·gap-2·px-3·py-2·text-xs·rounded-md·border·border-[var(--border-color)]·bg-[var(--bg-surface)]·text-[var(--text-primary)]">
Lint Code Base	Run Super-Linter	2026-09-20T16:07:42.8704911Z      75     │ - ············<Filter·className="w-3.5·h-3.5"·/>·Filters
Lint Code Base	Run Super-Linter	2026-09-20T16:07:42.8705304Z      76     │ - ··········</button>
Lint Code Base	Run Super-Linter	2026-09-20T16:07:42.8705591Z      77     │ - ··········<Link
Lint Code Base	Run Super-Linter	2026-09-20T16:07:42.8705885Z      78     │ - ············href="/upload"
Lint Code Base	Run Super-Linter	2026-09-20T16:07:42.8706876Z      79     │ - ············className="px-4·py-2·text-xs·font-medium·rounded-md·bg-[var(--color-primary)]·text-white·hover:bg-[var(--color-primary-hover)]"
Lint Code Base	Run Super-Linter	2026-09-20T16:07:42.8707695Z      80     │ - ··········>
Lint Code Base	Run Super-Linter	2026-09-20T16:07:42.8708098Z      81     │ - ············+·Process·Invoices
Lint Code Base	Run Super-Linter	2026-09-20T16:07:42.8708452Z      82     │ - ··········</Link>
Lint Code Base	Run Super-Linter	2026-09-20T16:07:42.8708734Z      83     │ - ········</div>
Lint Code Base	Run Super-Linter	2026-09-20T16:07:42.8708997Z      84     │ - ······</header>
Lint Code Base	Run Super-Linter	2026-09-20T16:07:42.8709304Z          73 │ + → → → → <div·className="flex·gap-3">
Lint Code Base	Run Super-Linter	2026-09-20T16:07:42.8710270Z          74 │ + → → → → → <button·className="flex·items-center·gap-2·px-3·py-2·text-xs·rounded-md·border·border-[var(--border-color)]·bg-[var(--bg-surface)]·text-[var(--text-primary)]">
Lint Code Base	Run Super-Linter	2026-09-20T16:07:42.8711194Z          75 │ + → → → → → → <Filter·className="w-3.5·h-3.5"·/>·Filters
Lint Code Base	Run Super-Linter	2026-09-20T16:07:42.8711556Z          76 │ + → → → → → </button>
Lint Code Base	Run Super-Linter	2026-09-20T16:07:42.8711828Z          77 │ + → → → → → <Link
Lint Code Base	Run Super-Linter	2026-09-20T16:07:42.8712135Z          78 │ + → → → → → → href="/upload"
Lint Code Base	Run Super-Linter	2026-09-20T16:07:42.8712949Z          79 │ + → → → → → → className="px-4·py-2·text-xs·font-medium·rounded-md·bg-[var(--color-primary)]·text-white·hover:bg-[var(--color-primary-hover)]"
Lint Code Base	Run Super-Linter	2026-09-20T16:07:42.8713774Z          80 │ + → → → → → >
Lint Code Base	Run Super-Linter	2026-09-20T16:07:42.8714341Z          81 │ + → → → → → → +·Process·Invoices
Lint Code Base	Run Super-Linter	2026-09-20T16:07:42.8714762Z          82 │ + → → → → → </Link>
Lint Code Base	Run Super-Linter	2026-09-20T16:07:42.8715032Z          83 │ + → → → → </div>
Lint Code Base	Run Super-Linter	2026-09-20T16:07:42.8715289Z          84 │ + → → → </header>
Lint Code Base	Run Super-Linter	2026-09-20T16:07:42.8715527Z      85  85 │   
Lint Code Base	Run Super-Linter	2026-09-20T16:07:42.8715957Z      86     │ - ······<section·className="grid·grid-cols-1·md:grid-cols-4·gap-4">
Lint Code Base	Run Super-Linter	2026-09-20T16:07:42.8716394Z      87     │ - ········{[
Lint Code Base	Run Super-Linter	2026-09-20T16:07:42.8716628Z   318 more lines truncated
Lint Code Base	Run Super-Linter	2026-09-20T16:07:42.8716839Z   
Lint Code Base	Run Super-Linter	2026-09-20T16:07:42.8716936Z 
Lint Code Base	Run Super-Linter	2026-09-20T16:07:42.8717347Z app/(app)/purchase-orders/page.tsx format ━━━━━━━━━━━━━━━━━━━━━━━━━━━━━━━━━━━━━━━━━━━━━━━━━━━━━━━━━━
Lint Code Base	Run Super-Linter	2026-09-20T16:07:42.8717776Z 
Lint Code Base	Run Super-Linter	2026-09-20T16:07:42.8717966Z   × Formatter would have printed the following content:
Lint Code Base	Run Super-Linter	2026-09-20T16:07:42.8718281Z   
Lint Code Base	Run Super-Linter	2026-09-20T16:07:42.8718476Z       4   4 │   
Lint Code Base	Run Super-Linter	2026-09-20T16:07:42.8718804Z       5   5 │   export default async function PurchaseOrdersPage() {
Lint Code Base	Run Super-Linter	2026-09-20T16:07:42.8719228Z       6     │ - ··const·user·=·await·requireUser();
Lint Code Base	Run Super-Linter	2026-09-20T16:07:42.8719597Z           6 │ + → const·user·=·await·requireUser();
Lint Code Base	Run Super-Linter	2026-09-20T16:07:42.8719898Z       7   7 │   
Lint Code Base	Run Super-Linter	2026-09-20T16:07:42.8720213Z       8     │ - ··const·pos·=·await·prisma.document.findMany({
Lint Code Base	Run Super-Linter	2026-09-20T16:07:42.8720802Z       9     │ - ····where:·{·environmentId:·user.environmentId,·type:·"PURCHASE_ORDER"·},
Lint Code Base	Run Super-Linter	2026-09-20T16:07:42.8721434Z      10     │ - ····include:·{·business:·true·},
Lint Code Base	Run Super-Linter	2026-09-20T16:07:42.8721842Z      11     │ - ····orderBy:·{·createdAt:·"desc"·},
Lint Code Base	Run Super-Linter	2026-09-20T16:07:42.8722148Z      12     │ - ··});
Lint Code Base	Run Super-Linter	2026-09-20T16:07:42.8722483Z           8 │ + → const·pos·=·await·prisma.document.findMany({
Lint Code Base	Run Super-Linter	2026-09-20T16:07:42.8723045Z           9 │ + → → where:·{·environmentId:·user.environmentId,·type:·"PURCHASE_ORDER"·},
Lint Code Base	Run Super-Linter	2026-09-20T16:07:42.8723691Z          10 │ + → → include:·{·business:·true·},
Lint Code Base	Run Super-Linter	2026-09-20T16:07:42.8724042Z          11 │ + → → orderBy:·{·createdAt:·"desc"·},
Lint Code Base	Run Super-Linter	2026-09-20T16:07:42.8724615Z          12 │ + → });
Lint Code Base	Run Super-Linter	2026-09-20T16:07:42.8724835Z      13  13 │   
Lint Code Base	Run Super-Linter	2026-09-20T16:07:42.8725378Z      14     │ - ··//·For·each·PO,·find·any·invoice·that·references·it·(matched·by·business·+·reference).
Lint Code Base	Run Super-Linter	2026-09-20T16:07:42.8726023Z      15     │ - ··const·matches·=·await·prisma.document.findMany({
Lint Code Base	Run Super-Linter	2026-09-20T16:07:42.8726405Z      16     │ - ····where:·{
Lint Code Base	Run Super-Linter	2026-09-20T16:07:42.8726738Z      17     │ - ······environmentId:·user.environmentId,
Lint Code Base	Run Super-Linter	2026-09-20T16:07:42.8727091Z      18     │ - ······type:·"INVOICE",
Lint Code Base	Run Super-Linter	2026-09-20T16:07:42.8727511Z      19     │ - ······linkedPoRef:·{·in:·pos.map((p)·=>·p.reference)·},
Lint Code Base	Run Super-Linter	2026-09-20T16:07:42.8727908Z      20     │ - ····},
Lint Code Base	Run Super-Linter	2026-09-20T16:07:42.8728345Z      21     │ - ····select:·{·reference:·true,·linkedPoRef:·true,·businessId:·true·},
Lint Code Base	Run Super-Linter	2026-09-20T16:07:42.8728972Z      22     │ - ··});
Lint Code Base	Run Super-Linter	2026-09-20T16:07:42.8729517Z          14 │ + → //·For·each·PO,·find·any·invoice·that·references·it·(matched·by·business·+·reference).
Lint Code Base	Run Super-Linter	2026-09-20T16:07:42.8730158Z          15 │ + → const·matches·=·await·prisma.document.findMany({
Lint Code Base	Run Super-Linter	2026-09-20T16:07:42.8730528Z          16 │ + → → where:·{
Lint Code Base	Run Super-Linter	2026-09-20T16:07:42.8730847Z          17 │ + → → → environmentId:·user.environmentId,
Lint Code Base	Run Super-Linter	2026-09-20T16:07:42.8731190Z          18 │ + → → → type:·"INVOICE",
Lint Code Base	Run Super-Linter	2026-09-20T16:07:42.8731580Z          19 │ + → → → linkedPoRef:·{·in:·pos.map((p)·=>·p.reference)·},
Lint Code Base	Run Super-Linter	2026-09-20T16:07:42.8731939Z          20 │ + → → },
Lint Code Base	Run Super-Linter	2026-09-20T16:07:42.8732344Z          21 │ + → → select:·{·reference:·true,·linkedPoRef:·true,·businessId:·true·},
Lint Code Base	Run Super-Linter	2026-09-20T16:07:42.8732748Z          22 │ + → });
Lint Code Base	Run Super-Linter	2026-09-20T16:07:42.8732965Z      23  23 │   
Lint Code Base	Run Super-Linter	2026-09-20T16:07:42.8733302Z      24     │ - ··const·invoiceByPoRef·=·new·Map<string,·string>();
Lint Code Base	Run Super-Linter	2026-09-20T16:07:42.8733705Z      25     │ - ··for·(const·m·of·matches)
Lint Code Base	Run Super-Linter	2026-09-20T16:07:42.8734520Z      26     │ - ····invoiceByPoRef.set(`${m.businessId}:${m.linkedPoRef}`,·m.reference);
Lint Code Base	Run Super-Linter	2026-09-20T16:07:42.8735115Z          24 │ + → const·invoiceByPoRef·=·new·Map<string,·string>();
Lint Code Base	Run Super-Linter	2026-09-20T16:07:42.8735506Z          25 │ + → for·(const·m·of·matches)
Lint Code Base	Run Super-Linter	2026-09-20T16:07:42.8735962Z          26 │ + → → invoiceByPoRef.set(`${m.businessId}:${m.linkedPoRef}`,·m.reference);
Lint Code Base	Run Super-Linter	2026-09-20T16:07:42.8736367Z      27  27 │   
Lint Code Base	Run Super-Linter	2026-09-20T16:07:42.8736597Z      28     │ - ··return·(
Lint Code Base	Run Super-Linter	2026-09-20T16:07:42.8736972Z      29     │ - ····<div·className="p-8·space-y-6·max-w-7xl·mx-auto">
Lint Code Base	Run Super-Linter	2026-09-20T16:07:42.8737354Z      30     │ - ······<div>
Lint Code Base	Run Super-Linter	2026-09-20T16:07:42.8737865Z      31     │ - ········<h1·className="text-2xl·font-display·font-bold·text-[var(--text-primary)]">
Lint Code Base	Run Super-Linter	2026-09-20T16:07:42.8738398Z      32     │ - ··········Purchase·Orders
Lint Code Base	Run Super-Linter	2026-09-20T16:07:42.8738699Z      33     │ - ········</h1>
Lint Code Base	Run Super-Linter	2026-09-20T16:07:42.8739098Z      34     │ - ········<p·className="text-xs·text-[var(--text-secondary)]">
Lint Code Base	Run Super-Linter	2026-09-20T16:07:42.8739952Z      35     │ - ··········Approved·purchase·order·baselines·registered·for·automated·matching.
Lint Code Base	Run Super-Linter	2026-09-20T16:07:42.8740467Z      36     │ - ········</p>
Lint Code Base	Run Super-Linter	2026-09-20T16:07:42.8740732Z      37     │ - ······</div>
Lint Code Base	Run Super-Linter	2026-09-20T16:07:42.8740984Z          28 │ + → return·(
Lint Code Base	Run Super-Linter	2026-09-20T16:07:42.8741341Z          29 │ + → → <div·className="p-8·space-y-6·max-w-7xl·mx-auto">
Lint Code Base	Run Super-Linter	2026-09-20T16:07:42.8741708Z          30 │ + → → → <div>
Lint Code Base	Run Super-Linter	2026-09-20T16:07:42.8742187Z          31 │ + → → → → <h1·className="text-2xl·font-display·font-bold·text-[var(--text-primary)]">
Lint Code Base	Run Super-Linter	2026-09-20T16:07:42.8742688Z          32 │ + → → → → → Purchase·Orders
Lint Code Base	Run Super-Linter	2026-09-20T16:07:42.8742977Z          33 │ + → → → → </h1>
Lint Code Base	Run Super-Linter	2026-09-20T16:07:42.8743352Z          34 │ + → → → → <p·className="text-xs·text-[var(--text-secondary)]">
Lint Code Base	Run Super-Linter	2026-09-20T16:07:42.8743963Z          35 │ + → → → → → Approved·purchase·order·baselines·registered·for·automated·matching.
Lint Code Base	Run Super-Linter	2026-09-20T16:07:42.8744749Z          36 │ + → → → → </p>
Lint Code Base	Run Super-Linter	2026-09-20T16:07:42.8745354Z          37 │ + → → → </div>
Lint Code Base	Run Super-Linter	2026-09-20T16:07:42.8745673Z      38  38 │   
Lint Code Base	Run Super-Linter	2026-09-20T16:07:42.8746365Z      39     │ - ······<div·className="rounded-xl·border·border-[var(--border-color)]·bg-[var(--bg-surface)]·overflow-hidden">
Lint Code Base	Run Super-Linter	2026-09-20T16:07:42.8747053Z      40     │ - ········<div·className="overflow-x-auto">
Lint Code Base	Run Super-Linter	2026-09-20T16:07:42.8747607Z      41     │ - ··········<table·className="w-full·text-left·border-collapse·text-xs">
Lint Code Base	Run Super-Linter	2026-09-20T16:07:42.8748086Z      42     │ - ············<thead>
Lint Code Base	Run Super-Linter	2026-09-20T16:07:42.8748812Z      43     │ - ··············<tr·className="border-b·border-[var(--border-color)]·bg-[var(--bg-surface-alt)]·text-[var(--text-muted)]·font-mono">
Lint Code Base	Run Super-Linter	2026-09-20T16:07:42.8749633Z      44     │ - ················<th·className="p-3·font-medium">PO·NUMBER</th>
Lint Code Base	Run Super-Linter	2026-09-20T16:07:42.8750180Z      45     │ - ················<th·className="p-3·font-medium">VENDOR</th>
Lint Code Base	Run Super-Linter	2026-09-20T16:07:42.8750828Z      46     │ - ················<th·className="p-3·font-medium·text-right">PO·AMOUNT</th>
Lint Code Base	Run Super-Linter	2026-09-20T16:07:42.8751557Z      47     │ - ················<th·className="p-3·font-medium">MATCHED·INVOICE</th>
Lint Code Base	Run Super-Linter	2026-09-20T16:07:42.8752125Z      48     │ - ················<th·className="p-3·font-medium">STATUS</th>
Lint Code Base	Run Super-Linter	2026-09-20T16:07:42.8752534Z      49     │ - ··············</tr>
Lint Code Base	Run Super-Linter	2026-09-20T16:07:42.8752844Z      50     │ - ············</thead>
Lint Code Base	Run Super-Linter	2026-09-20T16:07:42.8753298Z      51     │ - ············<tbody·className="divide-y·divide-[var(--border-color)]">
Lint Code Base	Run Super-Linter	2026-09-20T16:07:42.8753796Z      52     │ - ··············{pos.length·===·0·&&·(
Lint Code Base	Run Super-Linter	2026-09-20T16:07:42.8754415Z      53     │ - ················<tr>
Lint Code Base	Run Super-Linter	2026-09-20T16:07:42.8754747Z      54     │ - ··················<td
Lint Code Base	Run Super-Linter	2026-09-20T16:07:42.8755084Z      55     │ - ····················colSpan={5}
Lint Code Base	Run Super-Linter	2026-09-20T16:07:42.8755595Z      56     │ - ····················className="p-6·text-center·text-[var(--text-muted)]"
Lint Code Base	Run Super-Linter	2026-09-20T16:07:42.8756056Z      57     │ - ··················>
Lint Code Base	Run Super-Linter	2026-09-20T16:07:42.8756488Z      58     │ - ····················No·purchase·orders·uploaded·yet.
Lint Code Base	Run Super-Linter	2026-09-20T16:07:42.8757038Z      59     │ - ··················</td>
Lint Code Base	Run Super-Linter	2026-09-20T16:07:42.8757372Z      60     │ - ················</tr>
Lint Code Base	Run Super-Linter	2026-09-20T16:07:42.8757667Z      61     │ - ··············)}
Lint Code Base	Run Super-Linter	2026-09-20T16:07:42.8757985Z      62     │ - ··············{pos.map((po)·=>·{
Lint Code Base	Run Super-Linter	2026-09-20T16:07:42.8758433Z      63     │ - ················const·matchedInvoice·=·invoiceByPoRef.get(
Lint Code Base	Run Super-Linter	2026-09-20T16:07:42.8758954Z      64     │ - ··················`${po.businessId}:${po.reference}`,
Lint Code Base	Run Super-Linter	2026-09-20T16:07:42.8759335Z      65     │ - ················);
Lint Code Base	Run Super-Linter	2026-09-20T16:07:42.8759632Z      66     │ - ················return·(
Lint Code Base	Run Super-Linter	2026-09-20T16:07:42.8759938Z      67     │ - ··················<tr
Lint Code Base	Run Super-Linter	2026-09-20T16:07:42.8760256Z      68     │ - ····················key={po.id}
Lint Code Base	Run Super-Linter	2026-09-20T16:07:42.8760793Z      69     │ - ····················className="hover:bg-[var(--bg-surface-alt)]·transition-colors"
Lint Code Base	Run Super-Linter	2026-09-20T16:07:42.8761280Z      70     │ - ··················>
Lint Code Base	Run Super-Linter	2026-09-20T16:07:42.8762074Z      71     │ - ····················<td·className="p-3·font-mono·font-semibold·text-[var(--text-primary)]">
Lint Code Base	Run Super-Linter	2026-09-20T16:07:42.8763526Z      72     │ - ······················{po.reference}
Lint Code Base	Run Super-Linter	2026-09-20T16:07:42.8764289Z      73     │ - ····················</td>
Lint Code Base	Run Super-Linter	2026-09-20T16:07:42.8765082Z      74     │ - ····················<td·className="p-3·text-[var(--text-primary)]">
Lint Code Base	Run Super-Linter	2026-09-20T16:07:42.8766067Z      75     │ - ······················{po.business.name}
Lint Code Base	Run Super-Linter	2026-09-20T16:07:42.8766793Z      76     │ - ····················</td>
Lint Code Base	Run Super-Linter	2026-09-20T16:07:42.8767949Z      77     │ - ····················<td·className="p-3·text-right·font-mono·font-semibold·text-[var(--text-primary)]">
Lint Code Base	Run Super-Linter	2026-09-20T16:07:42.8769052Z      78     │ - ······················$
Lint Code Base	Run Super-Linter	2026-09-20T16:07:42.8769855Z      79     │ - ······················{po.totalAmount.toLocaleString("en-US",·{
Lint Code Base	Run Super-Linter	2026-09-20T16:07:42.8770763Z      80     │ - ························minimumFractionDigits:·2,
Lint Code Base	Run Super-Linter	2026-09-20T16:07:42.8771438Z      81     │ - ······················})}
Lint Code Base	Run Super-Linter	2026-09-20T16:07:42.8772305Z      82     │ - ····················</td>
Lint Code Base	Run Super-Linter	2026-09-20T16:07:42.8773229Z      83     │ - ····················<td·className="p-3·font-mono·text-[var(--color-primary)]">
Lint Code Base	Run Super-Linter	2026-09-20T16:07:42.8774468Z      84     │ - ······················{matchedInvoice·??·"—"}
Lint Code Base	Run Super-Linter	2026-09-20T16:07:42.8775137Z      85     │ - ····················</td>
Lint Code Base	Run Super-Linter	2026-09-20T16:07:42.8775775Z      86     │ - ····················<td·className="p-3">
Lint Code Base	Run Super-Linter	2026-09-20T16:07:42.8777736Z      87     │ - ······················<span·className="inline-flex·items-center·gap-1·px-2·py-0.5·rounded-full·text-[10px]·font-mono·font-medium·bg-[var(--color-primary-soft)]·text-[var(--color-primary)]">
Lint Code Base	Run Super-Linter	2026-09-20T16:07:42.8779087Z      88     │ - ························<FileCheck·className="w-3·h-3"·/>·Active·Baseline
Lint Code Base	Run Super-Linter	2026-09-20T16:07:42.8779581Z      89     │ - ······················</span>
Lint Code Base	Run Super-Linter	2026-09-20T16:07:42.8779911Z      90     │ - ····················</td>
Lint Code Base	Run Super-Linter	2026-09-20T16:07:42.8780233Z      91     │ - ··················</tr>
Lint Code Base	Run Super-Linter	2026-09-20T16:07:42.8780569Z      92     │ - ················);
Lint Code Base	Run Super-Linter	2026-09-20T16:07:42.8780880Z      93     │ - ··············})}
Lint Code Base	Run Super-Linter	2026-09-20T16:07:42.8781163Z      94     │ - ············</tbody>
Lint Code Base	Run Super-Linter	2026-09-20T16:07:42.8781499Z      95     │ - ··········</table>
Lint Code Base	Run Super-Linter	2026-09-20T16:07:42.8781777Z      96     │ - ········</div>
Lint Code Base	Run Super-Linter	2026-09-20T16:07:42.8782045Z      97     │ - ······</div>
Lint Code Base	Run Super-Linter	2026-09-20T16:07:42.8782303Z      98     │ - ····</div>
Lint Code Base	Run Super-Linter	2026-09-20T16:07:42.8782541Z      99     │ - ··);
Lint Code Base	Run Super-Linter	2026-09-20T16:07:42.8783143Z          39 │ + → → → <div·className="rounded-xl·border·border-[var(--border-color)]·bg-[var(--bg-surface)]·overflow-hidden">
Lint Code Base	Run Super-Linter	2026-09-20T16:07:42.8783788Z          40 │ + → → → → <div·className="overflow-x-auto">
Lint Code Base	Run Super-Linter	2026-09-20T16:07:42.8784657Z          41 │ + → → → → → <table·className="w-full·text-left·border-collapse·text-xs">
Lint Code Base	Run Super-Linter	2026-09-20T16:07:42.8785141Z          42 │ + → → → → → → <thead>
Lint Code Base	Run Super-Linter	2026-09-20T16:07:42.8785832Z          43 │ + → → → → → → → <tr·className="border-b·border-[var(--border-color)]·bg-[var(--bg-surface-alt)]·text-[var(--text-muted)]·font-mono">
Lint Code Base	Run Super-Linter	2026-09-20T16:07:42.8786801Z          44 │ + → → → → → → → → <th·className="p-3·font-medium">PO·NUMBER</th>
Lint Code Base	Run Super-Linter	2026-09-20T16:07:42.8787296Z          45 │ + → → → → → → → → <th·className="p-3·font-medium">VENDOR</th>
Lint Code Base	Run Super-Linter	2026-09-20T16:07:42.8787835Z          46 │ + → → → → → → → → <th·className="p-3·font-medium·text-right">PO·AMOUNT</th>
Lint Code Base	Run Super-Linter	2026-09-20T16:07:42.8788404Z          47 │ + → → → → → → → → <th·className="p-3·font-medium">MATCHED·INVOICE</th>
Lint Code Base	Run Super-Linter	2026-09-20T16:07:42.8788903Z          48 │ + → → → → → → → → <th·className="p-3·font-medium">STATUS</th>
Lint Code Base	Run Super-Linter	2026-09-20T16:07:42.8789278Z          49 │ + → → → → → → → </tr>
Lint Code Base	Run Super-Linter	2026-09-20T16:07:42.8789558Z          50 │ + → → → → → → </thead>
Lint Code Base	Run Super-Linter	2026-09-20T16:07:42.8789978Z          51 │ + → → → → → → <tbody·className="divide-y·divide-[var(--border-color)]">
Lint Code Base	Run Super-Linter	2026-09-20T16:07:42.8790438Z          52 │ + → → → → → → → {pos.length·===·0·&&·(
Lint Code Base	Run Super-Linter	2026-09-20T16:07:42.8790755Z          53 │ + → → → → → → → → <tr>
Lint Code Base	Run Super-Linter	2026-09-20T16:07:42.8791034Z          54 │ + → → → → → → → → → <td
Lint Code Base	Run Super-Linter	2026-09-20T16:07:42.8791491Z          55 │ + → → → → → → → → → → colSpan={5}
Lint Code Base	Run Super-Linter	2026-09-20T16:07:42.8791950Z          56 │ + → → → → → → → → → → className="p-6·text-center·text-[var(--text-muted)]"
Lint Code Base	Run Super-Linter	2026-09-20T16:07:42.8792367Z          57 │ + → → → → → → → → → >
Lint Code Base	Run Super-Linter	2026-09-20T16:07:42.8792777Z          58 │ + → → → → → → → → → → No·purchase·orders·uploaded·yet.
Lint Code Base	Run Super-Linter	2026-09-20T16:07:42.8793230Z          59 │ + → → → → → → → → → </td>
Lint Code Base	Run Super-Linter	2026-09-20T16:07:42.8793573Z          60 │ + → → → → → → → → </tr>
Lint Code Base	Run Super-Linter	2026-09-20T16:07:42.8793845Z          61 │ + → → → → → → → )}
Lint Code Base	Run Super-Linter	2026-09-20T16:07:42.8794432Z          62 │ + → → → → → → → {pos.map((po)·=>·{
Lint Code Base	Run Super-Linter	2026-09-20T16:07:42.8794872Z          63 │ + → → → → → → → → const·matchedInvoice·=·invoiceByPoRef.get(
Lint Code Base	Run Super-Linter	2026-09-20T16:07:42.8795329Z          64 │ + → → → → → → → → → `${po.businessId}:${po.reference}`,
Lint Code Base	Run Super-Linter	2026-09-20T16:07:42.8795673Z   37 more lines truncated
Lint Code Base	Run Super-Linter	2026-09-20T16:07:42.8795887Z   
Lint Code Base	Run Super-Linter	2026-09-20T16:07:42.8795987Z 
Lint Code Base	Run Super-Linter	2026-09-20T16:07:42.8796376Z app/(app)/quotes/page.tsx format ━━━━━━━━━━━━━━━━━━━━━━━━━━━━━━━━━━━━━━━━━━━━━━━━━━━━━━━━━━━━━━━━━━━
Lint Code Base	Run Super-Linter	2026-09-20T16:07:42.8796802Z 
Lint Code Base	Run Super-Linter	2026-09-20T16:07:42.8796986Z   × Formatter would have printed the following content:
Lint Code Base	Run Super-Linter	2026-09-20T16:07:42.8797279Z   
Lint Code Base	Run Super-Linter	2026-09-20T16:07:42.8797466Z      4  4 │   
Lint Code Base	Run Super-Linter	2026-09-20T16:07:42.8797749Z      5  5 │   export default async function QuotesPage() {
Lint Code Base	Run Super-Linter	2026-09-20T16:07:42.8798144Z      6    │ - ··const·user·=·await·requireUser();
Lint Code Base	Run Super-Linter	2026-09-20T16:07:42.8798508Z         6 │ + → const·user·=·await·requireUser();
Lint Code Base	Run Super-Linter	2026-09-20T16:07:42.8798836Z      7  7 │   
Lint Code Base	Run Super-Linter	2026-09-20T16:07:42.8799258Z      8    │ - ··const·quotes·=·await·prisma.document.findMany({
Lint Code Base	Run Super-Linter	2026-09-20T16:07:42.8799814Z      9    │ - ····where:·{·environmentId:·user.environmentId,·type:·"QUOTE"·},
Lint Code Base	Run Super-Linter	2026-09-20T16:07:42.8800281Z     10    │ - ····include:·{·business:·true·},
Lint Code Base	Run Super-Linter	2026-09-20T16:07:42.8800625Z     11    │ - ····orderBy:·{·createdAt:·"desc"·},
Lint Code Base	Run Super-Linter	2026-09-20T16:07:42.8800920Z     12    │ - ··});
Lint Code Base	Run Super-Linter	2026-09-20T16:07:42.8801263Z         8 │ + → const·quotes·=·await·prisma.document.findMany({
Lint Code Base	Run Super-Linter	2026-09-20T16:07:42.8801949Z         9 │ + → → where:·{·environmentId:·user.environmentId,·type:·"QUOTE"·},
Lint Code Base	Run Super-Linter	2026-09-20T16:07:42.8802387Z        10 │ + → → include:·{·business:·true·},
Lint Code Base	Run Super-Linter	2026-09-20T16:07:42.8802725Z        11 │ + → → orderBy:·{·createdAt:·"desc"·},
Lint Code Base	Run Super-Linter	2026-09-20T16:07:42.8803016Z        12 │ + → });
Lint Code Base	Run Super-Linter	2026-09-20T16:07:42.8803225Z     13 13 │   
Lint Code Base	Run Super-Linter	2026-09-20T16:07:42.8803452Z     14    │ - ··return·(
Lint Code Base	Run Super-Linter	2026-09-20T16:07:42.8803825Z     15    │ - ····<div·className="p-8·space-y-6·max-w-7xl·mx-auto">
Lint Code Base	Run Super-Linter	2026-09-20T16:07:42.8804529Z     16    │ - ······<div>
Lint Code Base	Run Super-Linter	2026-09-20T16:07:42.8805190Z     17    │ - ········<h1·className="text-2xl·font-display·font-bold·text-[var(--text-primary)]">
Lint Code Base	Run Super-Linter	2026-09-20T16:07:42.8805717Z     18    │ - ··········Quotes
Lint Code Base	Run Super-Linter	2026-09-20T16:07:42.8805986Z     19    │ - ········</h1>
Lint Code Base	Run Super-Linter	2026-09-20T16:07:42.8806375Z     20    │ - ········<p·className="text-xs·text-[var(--text-secondary)]">
Lint Code Base	Run Super-Linter	2026-09-20T16:07:42.8807043Z     21    │ - ··········Initial·supplier·estimates·and·rate·commitments·before·PO·issuance.
Lint Code Base	Run Super-Linter	2026-09-20T16:07:42.8807761Z     22    │ - ········</p>
Lint Code Base	Run Super-Linter	2026-09-20T16:07:42.8808019Z     23    │ - ······</div>
Lint Code Base	Run Super-Linter	2026-09-20T16:07:42.8808266Z        14 │ + → return·(
Lint Code Base	Run Super-Linter	2026-09-20T16:07:42.8808619Z        15 │ + → → <div·className="p-8·space-y-6·max-w-7xl·mx-auto">
Lint Code Base	Run Super-Linter	2026-09-20T16:07:42.8808978Z        16 │ + → → → <div>
Lint Code Base	Run Super-Linter	2026-09-20T16:07:42.8809448Z        17 │ + → → → → <h1·className="text-2xl·font-display·font-bold·text-[var(--text-primary)]">
Lint Code Base	Run Super-Linter	2026-09-20T16:07:42.8810193Z        18 │ + → → → → → Quotes
Lint Code Base	Run Super-Linter	2026-09-20T16:07:42.8810708Z        19 │ + → → → → </h1>
Lint Code Base	Run Super-Linter	2026-09-20T16:07:42.8811420Z        20 │ + → → → → <p·className="text-xs·text-[var(--text-secondary)]">
Lint Code Base	Run Super-Linter	2026-09-20T16:07:42.8812598Z        21 │ + → → → → → Initial·supplier·estimates·and·rate·commitments·before·PO·issuance.
Lint Code Base	Run Super-Linter	2026-09-20T16:07:42.8813154Z        22 │ + → → → → </p>
Lint Code Base	Run Super-Linter	2026-09-20T16:07:42.8813433Z        23 │ + → → → </div>
Lint Code Base	Run Super-Linter	2026-09-20T16:07:42.8813720Z     24 24 │   
Lint Code Base	Run Super-Linter	2026-09-20T16:07:42.8814626Z     25    │ - ······<div·className="rounded-xl·border·border-[var(--border-color)]·bg-[var(--bg-surface)]·overflow-hidden">
Lint Code Base	Run Super-Linter	2026-09-20T16:07:42.8815364Z     26    │ - ········<div·className="overflow-x-auto">
Lint Code Base	Run Super-Linter	2026-09-20T16:07:42.8815910Z     27    │ - ··········<table·className="w-full·text-left·border-collapse·text-xs">
Lint Code Base	Run Super-Linter	2026-09-20T16:07:42.8816396Z     28    │ - ············<thead>
Lint Code Base	Run Super-Linter	2026-09-20T16:07:42.8817131Z     29    │ - ··············<tr·className="border-b·border-[var(--border-color)]·bg-[var(--bg-surface-alt)]·text-[var(--text-muted)]·font-mono">
Lint Code Base	Run Super-Linter	2026-09-20T16:07:42.8817975Z     30    │ - ················<th·className="p-3·font-medium">QUOTE·REF</th>
Lint Code Base	Run Super-Linter	2026-09-20T16:07:42.8818529Z     31    │ - ················<th·className="p-3·font-medium">VENDOR</th>
Lint Code Base	Run Super-Linter	2026-09-20T16:07:42.8819137Z     32    │ - ················<th·className="p-3·font-medium·text-right">QUOTED·AMOUNT</th>
Lint Code Base	Run Super-Linter	2026-09-20T16:07:42.8819815Z     33    │ - ················<th·className="p-3·font-medium">LINKED·QUOTE·REF</th>
Lint Code Base	Run Super-Linter	2026-09-20T16:07:42.8820472Z     34    │ - ················<th·className="p-3·font-medium">PIPELINE·STATUS</th>
Lint Code Base	Run Super-Linter	2026-09-20T16:07:42.8820929Z     35    │ - ··············</tr>
Lint Code Base	Run Super-Linter	2026-09-20T16:07:42.8821216Z     36    │ - ············</thead>
Lint Code Base	Run Super-Linter	2026-09-20T16:07:42.8821683Z     37    │ - ············<tbody·className="divide-y·divide-[var(--border-color)]">
Lint Code Base	Run Super-Linter	2026-09-20T16:07:42.8822187Z     38    │ - ··············{quotes.length·===·0·&&·(
Lint Code Base	Run Super-Linter	2026-09-20T16:07:42.8822526Z     39    │ - ················<tr>
Lint Code Base	Run Super-Linter	2026-09-20T16:07:42.8822821Z     40    │ - ··················<td
Lint Code Base	Run Super-Linter	2026-09-20T16:07:42.8823181Z     41    │ - ····················colSpan={5}
Lint Code Base	Run Super-Linter	2026-09-20T16:07:42.8823697Z     42    │ - ····················className="p-6·text-center·text-[var(--text-muted)]"
Lint Code Base	Run Super-Linter	2026-09-20T16:07:42.8824469Z     43    │ - ··················>
Lint Code Base	Run Super-Linter	2026-09-20T16:07:42.8824880Z     44    │ - ····················No·quotes·uploaded·yet.
Lint Code Base	Run Super-Linter	2026-09-20T16:07:42.8825262Z     45    │ - ··················</td>
Lint Code Base	Run Super-Linter	2026-09-20T16:07:42.8825587Z     46    │ - ················</tr>
Lint Code Base	Run Super-Linter	2026-09-20T16:07:42.8825927Z     47    │ - ··············)}
Lint Code Base	Run Super-Linter	2026-09-20T16:07:42.8826442Z     48    │ - ··············{quotes.map((q)·=>·(
Lint Code Base	Run Super-Linter	2026-09-20T16:07:42.8826772Z     49    │ - ················<tr
Lint Code Base	Run Super-Linter	2026-09-20T16:07:42.8827120Z     50    │ - ··················key={q.id}
Lint Code Base	Run Super-Linter	2026-09-20T16:07:42.8827634Z     51    │ - ··················className="hover:bg-[var(--bg-surface-alt)]·transition-colors"
Lint Code Base	Run Super-Linter	2026-09-20T16:07:42.8828118Z     52    │ - ················>
Lint Code Base	Run Super-Linter	2026-09-20T16:07:42.8828715Z     53    │ - ··················<td·className="p-3·font-mono·font-semibold·text-[var(--text-primary)]">
Lint Code Base	Run Super-Linter	2026-09-20T16:07:42.8829303Z     54    │ - ····················{q.reference}
Lint Code Base	Run Super-Linter	2026-09-20T16:07:42.8829637Z     55    │ - ··················</td>
Lint Code Base	Run Super-Linter	2026-09-20T16:07:42.8830132Z     56    │ - ··················<td·className="p-3·text-[var(--text-primary)]">
Lint Code Base	Run Super-Linter	2026-09-20T16:07:42.8830614Z     57    │ - ····················{q.business.name}
Lint Code Base	Run Super-Linter	2026-09-20T16:07:42.8831009Z     58    │ - ··················</td>
Lint Code Base	Run Super-Linter	2026-09-20T16:07:42.8831636Z     59    │ - ··················<td·className="p-3·text-right·font-mono·font-semibold·text-[var(--text-primary)]">
Lint Code Base	Run Super-Linter	2026-09-20T16:07:42.8832479Z     60    │ - ····················$
Lint Code Base	Run Super-Linter	2026-09-20T16:07:42.8832922Z     61    │ - ····················{q.totalAmount.toLocaleString("en-US",·{
Lint Code Base	Run Super-Linter	2026-09-20T16:07:42.8833415Z     62    │ - ······················minimumFractionDigits:·2,
Lint Code Base	Run Super-Linter	2026-09-20T16:07:42.8833839Z     63    │ - ····················})}
Lint Code Base	Run Super-Linter	2026-09-20T16:07:42.8834357Z     64    │ - ··················</td>
Lint Code Base	Run Super-Linter	2026-09-20T16:07:42.8834897Z     65    │ - ··················<td·className="p-3·font-mono·text-[var(--text-secondary)]">
Lint Code Base	Run Super-Linter	2026-09-20T16:07:42.8835445Z     66    │ - ····················{q.linkedQuoteRef·??·"—"}
Lint Code Base	Run Super-Linter	2026-09-20T16:07:42.8835810Z     67    │ - ··················</td>
Lint Code Base	Run Super-Linter	2026-09-20T16:07:42.8836153Z     68    │ - ··················<td·className="p-3">
Lint Code Base	Run Super-Linter	2026-09-20T16:07:42.8836898Z     69    │ - ····················<span·className="inline-flex·items-center·gap-1.5·text-[11px]·font-mono·text-[var(--success)]">
Lint Code Base	Run Super-Linter	2026-09-20T16:07:42.8837740Z     70    │ - ······················<CheckCircle2·className="w-3.5·h-3.5"·/>·Approved
Lint Code Base	Run Super-Linter	2026-09-20T16:07:42.8838216Z     71    │ - ····················</span>
Lint Code Base	Run Super-Linter	2026-09-20T16:07:42.8838529Z     72    │ - ··················</td>
Lint Code Base	Run Super-Linter	2026-09-20T16:07:42.8838820Z     73    │ - ················</tr>
Lint Code Base	Run Super-Linter	2026-09-20T16:07:42.8839105Z     74    │ - ··············))}
Lint Code Base	Run Super-Linter	2026-09-20T16:07:42.8839380Z     75    │ - ············</tbody>
Lint Code Base	Run Super-Linter	2026-09-20T16:07:42.8839672Z     76    │ - ··········</table>
Lint Code Base	Run Super-Linter	2026-09-20T16:07:42.8839943Z     77    │ - ········</div>
Lint Code Base	Run Super-Linter	2026-09-20T16:07:42.8840206Z     78    │ - ······</div>
Lint Code Base	Run Super-Linter	2026-09-20T16:07:42.8840452Z     79    │ - ····</div>
Lint Code Base	Run Super-Linter	2026-09-20T16:07:42.8840689Z     80    │ - ··);
Lint Code Base	Run Super-Linter	2026-09-20T16:07:42.8841274Z        25 │ + → → → <div·className="rounded-xl·border·border-[var(--border-color)]·bg-[var(--bg-surface)]·overflow-hidden">
Lint Code Base	Run Super-Linter	2026-09-20T16:07:42.8841913Z        26 │ + → → → → <div·className="overflow-x-auto">
Lint Code Base	Run Super-Linter	2026-09-20T16:07:42.8842409Z        27 │ + → → → → → <table·className="w-full·text-left·border-collapse·text-xs">
Lint Code Base	Run Super-Linter	2026-09-20T16:07:42.8843018Z        28 │ + → → → → → → <thead>
Lint Code Base	Run Super-Linter	2026-09-20T16:07:42.8843680Z        29 │ + → → → → → → → <tr·className="border-b·border-[var(--border-color)]·bg-[var(--bg-surface-alt)]·text-[var(--text-muted)]·font-mono">
Lint Code Base	Run Super-Linter	2026-09-20T16:07:42.8844751Z        30 │ + → → → → → → → → <th·className="p-3·font-medium">QUOTE·REF</th>
Lint Code Base	Run Super-Linter	2026-09-20T16:07:42.8845255Z        31 │ + → → → → → → → → <th·className="p-3·font-medium">VENDOR</th>
Lint Code Base	Run Super-Linter	2026-09-20T16:07:42.8845803Z        32 │ + → → → → → → → → <th·className="p-3·font-medium·text-right">QUOTED·AMOUNT</th>
Lint Code Base	Run Super-Linter	2026-09-20T16:07:42.8846382Z        33 │ + → → → → → → → → <th·className="p-3·font-medium">LINKED·QUOTE·REF</th>
Lint Code Base	Run Super-Linter	2026-09-20T16:07:42.8846915Z        34 │ + → → → → → → → → <th·className="p-3·font-medium">PIPELINE·STATUS</th>
Lint Code Base	Run Super-Linter	2026-09-20T16:07:42.8847307Z        35 │ + → → → → → → → </tr>
Lint Code Base	Run Super-Linter	2026-09-20T16:07:42.8847579Z        36 │ + → → → → → → </thead>
Lint Code Base	Run Super-Linter	2026-09-20T16:07:42.8847990Z        37 │ + → → → → → → <tbody·className="divide-y·divide-[var(--border-color)]">
Lint Code Base	Run Super-Linter	2026-09-20T16:07:42.8848647Z        38 │ + → → → → → → → {quotes.length·===·0·&&·(
Lint Code Base	Run Super-Linter	2026-09-20T16:07:42.8848969Z        39 │ + → → → → → → → → <tr>
Lint Code Base	Run Super-Linter	2026-09-20T16:07:42.8849238Z        40 │ + → → → → → → → → → <td
Lint Code Base	Run Super-Linter	2026-09-20T16:07:42.8849533Z        41 │ + → → → → → → → → → → colSpan={5}
Lint Code Base	Run Super-Linter	2026-09-20T16:07:42.8849978Z        42 │ + → → → → → → → → → → className="p-6·text-center·text-[var(--text-muted)]"
Lint Code Base	Run Super-Linter	2026-09-20T16:07:42.8850390Z        43 │ + → → → → → → → → → >
Lint Code Base	Run Super-Linter	2026-09-20T16:07:42.8850720Z        44 │ + → → → → → → → → → → No·quotes·uploaded·yet.
Lint Code Base	Run Super-Linter	2026-09-20T16:07:42.8851053Z        45 │ + → → → → → → → → → </td>
Lint Code Base	Run Super-Linter	2026-09-20T16:07:42.8851329Z        46 │ + → → → → → → → → </tr>
Lint Code Base	Run Super-Linter	2026-09-20T16:07:42.8851599Z        47 │ + → → → → → → → )}
Lint Code Base	Run Super-Linter	2026-09-20T16:07:42.8851888Z        48 │ + → → → → → → → {quotes.map((q)·=>·(
Lint Code Base	Run Super-Linter	2026-09-20T16:07:42.8852189Z        49 │ + → → → → → → → → <tr
Lint Code Base	Run Super-Linter	2026-09-20T16:07:42.8852465Z        50 │ + → → → → → → → → → key={q.id}
Lint Code Base	Run Super-Linter	2026-09-20T16:07:42.8852955Z        51 │ + → → → → → → → → → className="hover:bg-[var(--bg-surface-alt)]·transition-colors"
Lint Code Base	Run Super-Linter	2026-09-20T16:07:42.8853411Z        52 │ + → → → → → → → → >
Lint Code Base	Run Super-Linter	2026-09-20T16:07:42.8853916Z        53 │ + → → → → → → → → → <td·className="p-3·font-mono·font-semibold·text-[var(--text-primary)]">
Lint Code Base	Run Super-Linter	2026-09-20T16:07:42.8854582Z        54 │ + → → → → → → → → → → {q.reference}
Lint Code Base	Run Super-Linter	2026-09-20T16:07:42.8854891Z        55 │ + → → → → → → → → → </td>
Lint Code Base	Run Super-Linter	2026-09-20T16:07:42.8855283Z        56 │ + → → → → → → → → → <td·className="p-3·text-[var(--text-primary)]">
Lint Code Base	Run Super-Linter	2026-09-20T16:07:42.8855705Z        57 │ + → → → → → → → → → → {q.business.name}
Lint Code Base	Run Super-Linter	2026-09-20T16:07:42.8856019Z        58 │ + → → → → → → → → → </td>
Lint Code Base	Run Super-Linter	2026-09-20T16:07:42.8856588Z        59 │ + → → → → → → → → → <td·className="p-3·text-right·font-mono·font-semibold·text-[var(--text-primary)]">
Lint Code Base	Run Super-Linter	2026-09-20T16:07:42.8857126Z        60 │ + → → → → → → → → → → $
Lint Code Base	Run Super-Linter	2026-09-20T16:07:42.8857501Z        61 │ + → → → → → → → → → → {q.totalAmount.toLocaleString("en-US",·{
Lint Code Base	Run Super-Linter	2026-09-20T16:07:42.8858000Z        62 │ + → → → → → → → → → → → minimumFractionDigits:·2,
Lint Code Base	Run Super-Linter	2026-09-20T16:07:42.8858627Z        63 │ + → → → → → → → → → → })}
Lint Code Base	Run Super-Linter	2026-09-20T16:07:42.8858903Z        64 │ + → → → → → → → → → </td>
Lint Code Base	Run Super-Linter	2026-09-20T16:07:42.8859347Z        65 │ + → → → → → → → → → <td·className="p-3·font-mono·text-[var(--text-secondary)]">
Lint Code Base	Run Super-Linter	2026-09-20T16:07:42.8859856Z        66 │ + → → → → → → → → → → {q.linkedQuoteRef·??·"—"}
Lint Code Base	Run Super-Linter	2026-09-20T16:07:42.8860190Z        67 │ + → → → → → → → → → </td>
Lint Code Base	Run Super-Linter	2026-09-20T16:07:42.8860523Z        68 │ + → → → → → → → → → <td·className="p-3">
Lint Code Base	Run Super-Linter	2026-09-20T16:07:42.8861216Z        69 │ + → → → → → → → → → → <span·className="inline-flex·items-center·gap-1.5·text-[11px]·font-mono·text-[var(--success)]">
Lint Code Base	Run Super-Linter	2026-09-20T16:07:42.8862016Z        70 │ + → → → → → → → → → → → <CheckCircle2·className="w-3.5·h-3.5"·/>·Approved
Lint Code Base	Run Super-Linter	2026-09-20T16:07:42.8862440Z        71 │ + → → → → → → → → → → </span>
Lint Code Base	Run Super-Linter	2026-09-20T16:07:42.8862728Z        72 │ + → → → → → → → → → </td>
Lint Code Base	Run Super-Linter	2026-09-20T16:07:42.8863000Z        73 │ + → → → → → → → → </tr>
Lint Code Base	Run Super-Linter	2026-09-20T16:07:42.8863448Z        74 │ + → → → → → → → ))}
Lint Code Base	Run Super-Linter	2026-09-20T16:07:42.8863782Z        75 │ + → → → → → → </tbody>
Lint Code Base	Run Super-Linter	2026-09-20T16:07:42.8864405Z        76 │ + → → → → → </table>
Lint Code Base	Run Super-Linter	2026-09-20T16:07:42.8864719Z        77 │ + → → → → </div>
Lint Code Base	Run Super-Linter	2026-09-20T16:07:42.8864972Z        78 │ + → → → </div>
Lint Code Base	Run Super-Linter	2026-09-20T16:07:42.8865209Z        79 │ + → → </div>
Lint Code Base	Run Super-Linter	2026-09-20T16:07:42.8865439Z        80 │ + → );
Lint Code Base	Run Super-Linter	2026-09-20T16:07:42.8865651Z     81 81 │   }
Lint Code Base	Run Super-Linter	2026-09-20T16:07:42.8865849Z   1 more lines truncated
Lint Code Base	Run Super-Linter	2026-09-20T16:07:42.8866063Z   
Lint Code Base	Run Super-Linter	2026-09-20T16:07:42.8866164Z 
Lint Code Base	Run Super-Linter	2026-09-20T16:07:42.8866582Z app/(app)/reports/page.tsx format ━━━━━━━━━━━━━━━━━━━━━━━━━━━━━━━━━━━━━━━━━━━━━━━━━━━━━━━━━━━━━━━━━━
Lint Code Base	Run Super-Linter	2026-09-20T16:07:42.8866983Z 
Lint Code Base	Run Super-Linter	2026-09-20T16:07:42.8867170Z   × Formatter would have printed the following content:
Lint Code Base	Run Super-Linter	2026-09-20T16:07:42.8867468Z   
Lint Code Base	Run Super-Linter	2026-09-20T16:07:42.8867655Z       4   4 │   
Lint Code Base	Run Super-Linter	2026-09-20T16:07:42.8867953Z       5   5 │   export default async function ReportsPage() {
Lint Code Base	Run Super-Linter	2026-09-20T16:07:42.8868386Z       6     │ - ··const·user·=·await·requireUser();
Lint Code Base	Run Super-Linter	2026-09-20T16:07:42.8868812Z       7     │ - ··const·environmentId·=·user.environmentId;
Lint Code Base	Run Super-Linter	2026-09-20T16:07:42.8869207Z           6 │ + → const·user·=·await·requireUser();
Lint Code Base	Run Super-Linter	2026-09-20T16:07:42.8869590Z           7 │ + → const·environmentId·=·user.environmentId;
Lint Code Base	Run Super-Linter	2026-09-20T16:07:42.8869945Z       8   8 │   
Lint Code Base	Run Super-Linter	2026-09-20T16:07:42.8870455Z       9     │ - ··const·[totalInvoices,·flagged,·discrepancies,·businessCount]·=
Lint Code Base	Run Super-Linter	2026-09-20T16:07:42.8870938Z      10     │ - ····await·Promise.all([
Lint Code Base	Run Super-Linter	2026-09-20T16:07:42.8871448Z      11     │ - ······prisma.document.count({·where:·{·environmentId,·type:·"INVOICE"·}·}),
Lint Code Base	Run Super-Linter	2026-09-20T16:07:42.8871961Z      12     │ - ······prisma.document.count({
Lint Code Base	Run Super-Linter	2026-09-20T16:07:42.8872289Z      13     │ - ········where:·{
Lint Code Base	Run Super-Linter	2026-09-20T16:07:42.8872600Z      14     │ - ··········environmentId,
Lint Code Base	Run Super-Linter	2026-09-20T16:07:42.8872916Z      15     │ - ··········type:·"INVOICE",
Lint Code Base	Run Super-Linter	2026-09-20T16:07:42.8873327Z      16     │ - ··········status:·{·in:·["Needs·Review",·"Discrepancy"]·},
Lint Code Base	Run Super-Linter	2026-09-20T16:07:42.8873750Z      17     │ - ········},
Lint Code Base	Run Super-Linter	2026-09-20T16:07:42.8874018Z      18     │ - ······}),
Lint Code Base	Run Super-Linter	2026-09-20T16:07:42.8874562Z      19     │ - ······prisma.discrepancy.findMany({·where:·{·environmentId·}·}),
Lint Code Base	Run Super-Linter	2026-09-20T16:07:42.8875110Z      20     │ - ······prisma.business.count({·where:·{·environmentId·}·}),
Lint Code Base	Run Super-Linter	2026-09-20T16:07:42.8875504Z      21     │ - ····]);
Lint Code Base	Run Super-Linter	2026-09-20T16:07:42.8875941Z           9 │ + → const·[totalInvoices,·flagged,·discrepancies,·businessCount]·=
Lint Code Base	Run Super-Linter	2026-09-20T16:07:42.8876399Z          10 │ + → → await·Promise.all([
Lint Code Base	Run Super-Linter	2026-09-20T16:07:42.8876891Z          11 │ + → → → prisma.document.count({·where:·{·environmentId,·type:·"INVOICE"·}·}),
Lint Code Base	Run Super-Linter	2026-09-20T16:07:42.8877417Z          12 │ + → → → prisma.document.count({
Lint Code Base	Run Super-Linter	2026-09-20T16:07:42.8877723Z          13 │ + → → → → where:·{
Lint Code Base	Run Super-Linter	2026-09-20T16:07:42.8878042Z          14 │ + → → → → → environmentId,
Lint Code Base	Run Super-Linter	2026-09-20T16:07:42.8878374Z          15 │ + → → → → → type:·"INVOICE",
Lint Code Base	Run Super-Linter	2026-09-20T16:07:42.8878790Z          16 │ + → → → → → status:·{·in:·["Needs·Review",·"Discrepancy"]·},
Lint Code Base	Run Super-Linter	2026-09-20T16:07:42.8879344Z          17 │ + → → → → },
Lint Code Base	Run Super-Linter	2026-09-20T16:07:42.8879611Z          18 │ + → → → }),
Lint Code Base	Run Super-Linter	2026-09-20T16:07:42.8880039Z          19 │ + → → → prisma.discrepancy.findMany({·where:·{·environmentId·}·}),
Lint Code Base	Run Super-Linter	2026-09-20T16:07:42.8880559Z          20 │ + → → → prisma.business.count({·where:·{·environmentId·}·}),
Lint Code Base	Run Super-Linter	2026-09-20T16:07:42.8880930Z          21 │ + → → ]);
Lint Code Base	Run Super-Linter	2026-09-20T16:07:42.8881170Z      22  22 │   
Lint Code Base	Run Super-Linter	2026-09-20T16:07:42.8881466Z      23     │ - ··const·discrepancyRate·=
Lint Code Base	Run Super-Linter	2026-09-20T16:07:42.8881951Z      24     │ - ····totalInvoices·>·0·?·(flagged·/·totalInvoices)·*·100·:·0;
Lint Code Base	Run Super-Linter	2026-09-20T16:07:42.8882423Z          23 │ + → const·discrepancyRate·=
Lint Code Base	Run Super-Linter	2026-09-20T16:07:42.8882877Z          24 │ + → → totalInvoices·>·0·?·(flagged·/·totalInvoices)·*·100·:·0;
Lint Code Base	Run Super-Linter	2026-09-20T16:07:42.8883264Z      25  25 │   
Lint Code Base	Run Super-Linter	2026-09-20T16:07:42.8883774Z      26     │ - ··//·Leakage·prevented·=·variance·caught·on·invoices·that·were·actually·flagged
Lint Code Base	Run Super-Linter	2026-09-20T16:07:42.8885035Z      27     │ - ··//·(i.e.·the·amount·that·would·have·overpaid·a·vendor·had·it·gone·through).
Lint Code Base	Run Super-Linter	2026-09-20T16:07:42.8885673Z      28     │ - ··const·preventedLeakage·=·discrepancies
Lint Code Base	Run Super-Linter	2026-09-20T16:07:42.8886164Z      29     │ - ····.filter((d)·=>·d.status·!==·"Matched"·&&·d.variance·>·0)
Lint Code Base	Run Super-Linter	2026-09-20T16:07:42.8886649Z      30     │ - ····.reduce((sum,·d)·=>·sum·+·d.variance,·0);
Lint Code Base	Run Super-Linter	2026-09-20T16:07:42.8887267Z          26 │ + → //·Leakage·prevented·=·variance·caught·on·invoices·that·were·actually·flagged
Lint Code Base	Run Super-Linter	2026-09-20T16:07:42.8888029Z          27 │ + → //·(i.e.·the·amount·that·would·have·overpaid·a·vendor·had·it·gone·through).
Lint Code Base	Run Super-Linter	2026-09-20T16:07:42.8888566Z          28 │ + → const·preventedLeakage·=·discrepancies
Lint Code Base	Run Super-Linter	2026-09-20T16:07:42.8889044Z          29 │ + → → .filter((d)·=>·d.status·!==·"Matched"·&&·d.variance·>·0)
Lint Code Base	Run Super-Linter	2026-09-20T16:07:42.8889501Z          30 │ + → → .reduce((sum,·d)·=>·sum·+·d.variance,·0);
Lint Code Base	Run Super-Linter	2026-09-20T16:07:42.8889820Z      31  31 │   
Lint Code Base	Run Super-Linter	2026-09-20T16:07:42.8890256Z      32     │ - ··const·noPoCount·=·discrepancies.filter((d)·=>·!d.poAmount).length;
Lint Code Base	Run Super-Linter	2026-09-20T16:07:42.8891025Z      33     │ - ··const·priceOnly·=·discrepancies.filter(
Lint Code Base	Run Super-Linter	2026-09-20T16:07:42.8891793Z      34     │ - ····(d)·=>·d.poAmount·&&·d.status·!==·"Matched",
Lint Code Base	Run Super-Linter	2026-09-20T16:07:42.8892407Z      35     │ - ··).length;
Lint Code Base	Run Super-Linter	2026-09-20T16:07:42.8893034Z      36     │ - ··const·totalFlags·=·noPoCount·+·priceOnly·||·1;
Lint Code Base	Run Super-Linter	2026-09-20T16:07:42.8894014Z          32 │ + → const·noPoCount·=·discrepancies.filter((d)·=>·!d.poAmount).length;
Lint Code Base	Run Super-Linter	2026-09-20T16:07:42.8895205Z          33 │ + → const·priceOnly·=·discrepancies.filter(
Lint Code Base	Run Super-Linter	2026-09-20T16:07:42.8896121Z          34 │ + → → (d)·=>·d.poAmount·&&·d.status·!==·"Matched",
Lint Code Base	Run Super-Linter	2026-09-20T16:07:42.8896786Z          35 │ + → ).length;
Lint Code Base	Run Super-Linter	2026-09-20T16:07:42.8897535Z          36 │ + → const·totalFlags·=·noPoCount·+·priceOnly·||·1;
Lint Code Base	Run Super-Linter	2026-09-20T16:07:42.8898246Z      37  37 │   
Lint Code Base	Run Super-Linter	2026-09-20T16:07:42.8898666Z      38     │ - ··return·(
Lint Code Base	Run Super-Linter	2026-09-20T16:07:42.8899318Z      39     │ - ····<div·className="p-8·space-y-6·max-w-7xl·mx-auto">
Lint Code Base	Run Super-Linter	2026-09-20T16:07:42.8900406Z      40     │ - ······<div·className="flex·flex-col·sm:flex-row·sm:items-center·justify-between·gap-4">
Lint Code Base	Run Super-Linter	2026-09-20T16:07:42.8901433Z      41     │ - ········<div>
Lint Code Base	Run Super-Linter	2026-09-20T16:07:42.8902164Z      42     │ - ··········<h1·className="text-2xl·font-display·font-bold·text-[var(--text-primary)]">
Lint Code Base	Run Super-Linter	2026-09-20T16:07:42.8902753Z      43     │ - ············Operational·Reports
Lint Code Base	Run Super-Linter	2026-09-20T16:07:42.8903177Z      44     │ - ··········</h1>
Lint Code Base	Run Super-Linter	2026-09-20T16:07:42.8903721Z      45     │ - ··········<p·className="text-xs·text-[var(--text-secondary)]">
Lint Code Base	Run Super-Linter	2026-09-20T16:07:42.8904879Z      46     │ - ············Financial·exposure·summaries,·variance·leakage,·and·reconciliation
Lint Code Base	Run Super-Linter	2026-09-20T16:07:42.8905865Z      47     │ - ············throughput.
Lint Code Base	Run Super-Linter	2026-09-20T16:07:42.8906461Z      48     │ - ··········</p>
Lint Code Base	Run Super-Linter	2026-09-20T16:07:42.8906923Z      49     │ - ········</div>
Lint Code Base	Run Super-Linter	2026-09-20T16:07:42.8908882Z      50     │ - ········<button·className="px-3·py-1.5·text-xs·rounded-md·border·border-[var(--border-color)]·bg-[var(--bg-surface)]·hover:bg-[var(--bg-surface-alt)]·inline-flex·items-center·gap-1.5·font-medium">
Lint Code Base	Run Super-Linter	2026-09-20T16:07:42.8911279Z      51     │ - ··········<Download·className="w-3.5·h-3.5"·/>·Export·Audit·Summary
Lint Code Base	Run Super-Linter	2026-09-20T16:07:42.8912096Z      52     │ - ········</button>
Lint Code Base	Run Super-Linter	2026-09-20T16:07:42.8912586Z      53     │ - ······</div>
Lint Code Base	Run Super-Linter	2026-09-20T16:07:42.8913033Z          38 │ + → return·(
Lint Code Base	Run Super-Linter	2026-09-20T16:07:42.8913664Z          39 │ + → → <div·className="p-8·space-y-6·max-w-7xl·mx-auto">
Lint Code Base	Run Super-Linter	2026-09-20T16:07:42.8914978Z          40 │ + → → → <div·className="flex·flex-col·sm:flex-row·sm:items-center·justify-between·gap-4">
Lint Code Base	Run Super-Linter	2026-09-20T16:07:42.8915882Z          41 │ + → → → → <div>
Lint Code Base	Run Super-Linter	2026-09-20T16:07:42.8916749Z          42 │ + → → → → → <h1·className="text-2xl·font-display·font-bold·text-[var(--text-primary)]">
Lint Code Base	Run Super-Linter	2026-09-20T16:07:42.8917657Z          43 │ + → → → → → → Operational·Reports
Lint Code Base	Run Super-Linter	2026-09-20T16:07:42.8918193Z          44 │ + → → → → → </h1>
Lint Code Base	Run Super-Linter	2026-09-20T16:07:42.8918869Z          45 │ + → → → → → <p·className="text-xs·text-[var(--text-secondary)]">
Lint Code Base	Run Super-Linter	2026-09-20T16:07:42.8920017Z          46 │ + → → → → → → Financial·exposure·summaries,·variance·leakage,·and·reconciliation
Lint Code Base	Run Super-Linter	2026-09-20T16:07:42.8920875Z          47 │ + → → → → → → throughput.
Lint Code Base	Run Super-Linter	2026-09-20T16:07:42.8921368Z          48 │ + → → → → → </p>
Lint Code Base	Run Super-Linter	2026-09-20T16:07:42.8921769Z          49 │ + → → → → </div>
Lint Code Base	Run Super-Linter	2026-09-20T16:07:42.8922793Z          50 │ + → → → → <button·className="px-3·py-1.5·text-xs·rounded-md·border·border-[var(--border-color)]·bg-[var(--bg-surface)]·hover:bg-[var(--bg-surface-alt)]·inline-flex·items-center·gap-1.5·font-medium">
Lint Code Base	Run Super-Linter	2026-09-20T16:07:42.8923859Z          51 │ + → → → → → <Download·className="w-3.5·h-3.5"·/>·Export·Audit·Summary
Lint Code Base	Run Super-Linter	2026-09-20T16:07:42.8924530Z          52 │ + → → → → </button>
Lint Code Base	Run Super-Linter	2026-09-20T16:07:42.8924801Z          53 │ + → → → </div>
Lint Code Base	Run Super-Linter	2026-09-20T16:07:42.8925044Z      54  54 │   
Lint Code Base	Run Super-Linter	2026-09-20T16:07:42.8925431Z      55     │ - ······<div·className="grid·grid-cols-1·sm:grid-cols-3·gap-4">
Lint Code Base	Run Super-Linter	2026-09-20T16:07:42.8926221Z      56     │ - ········<div·className="p-5·rounded-xl·border·border-[var(--border-color)]·bg-[var(--bg-surface)]·space-y-1">
Lint Code Base	Run Super-Linter	2026-09-20T16:07:42.8927136Z      57     │ - ··········<div·className="flex·items-center·justify-between·text-[var(--text-muted)]">
Lint Code Base	Run Super-Linter	2026-09-20T16:07:42.8927796Z      58     │ - ············<span·className="text-[10px]·font-mono·uppercase">
Lint Code Base	Run Super-Linter	2026-09-20T16:07:42.8928252Z      59     │ - ··············Prevented·Leakage
Lint Code Base	Run Super-Linter	2026-09-20T16:07:42.8928578Z      60     │ - ············</span>
Lint Code Base	Run Super-Linter	2026-09-20T16:07:42.8929021Z      61     │ - ············<DollarSign·className="w-4·h-4·text-[var(--success)]"·/>
Lint Code Base	Run Super-Linter	2026-09-20T16:07:42.8929458Z      62     │ - ··········</div>
Lint Code Base	Run Super-Linter	2026-09-20T16:07:42.8929989Z      63     │ - ··········<div·className="text-2xl·font-display·font-bold·text-[var(--text-primary)]">
Lint Code Base	Run Super-Linter	2026-09-20T16:07:42.8930505Z      64     │ - ············$
Lint Code Base	Run Super-Linter	2026-09-20T16:07:42.8930892Z      65     │ - ············{preventedLeakage.toLocaleString("en-US",·{
Lint Code Base	Run Super-Linter	2026-09-20T16:07:42.8931348Z      66     │ - ··············minimumFractionDigits:·2,
Lint Code Base	Run Super-Linter	2026-09-20T16:07:42.8931953Z      67     │ - ············})}
Lint Code Base	Run Super-Linter	2026-09-20T16:07:42.8932236Z      68     │ - ··········</div>
Lint Code Base	Run Super-Linter	2026-09-20T16:07:42.8932695Z      69     │ - ··········<div·className="text-[10px]·text-[var(--text-muted)]·font-mono">
Lint Code Base	Run Super-Linter	2026-09-20T16:07:42.8933206Z      70     │ - ············Caught·before·payment
Lint Code Base	Run Super-Linter	2026-09-20T16:07:42.8933535Z      71     │ - ··········</div>
Lint Code Base	Run Super-Linter	2026-09-20T16:07:42.8933660Z      72     │ - ········</div>
Lint Code Base	Run Super-Linter	2026-09-20T16:07:42.8933912Z          55 │ + → → → <div·className="grid·grid-cols-1·sm:grid-cols-3·gap-4">
Lint Code Base	Run Super-Linter	2026-09-20T16:07:42.8934622Z          56 │ + → → → → <div·className="p-5·rounded-xl·border·border-[var(--border-color)]·bg-[var(--bg-surface)]·space-y-1">
Lint Code Base	Run Super-Linter	2026-09-20T16:07:42.8934984Z          57 │ + → → → → → <div·className="flex·items-center·justify-between·text-[var(--text-muted)]">
Lint Code Base	Run Super-Linter	2026-09-20T16:07:42.8935229Z          58 │ + → → → → → → <span·className="text-[10px]·font-mono·uppercase">
Lint Code Base	Run Super-Linter	2026-09-20T16:07:42.8935380Z          59 │ + → → → → → → → Prevented·Leakage
Lint Code Base	Run Super-Linter	2026-09-20T16:07:42.8935668Z          60 │ + → → → → → → </span>
Lint Code Base	Run Super-Linter	2026-09-20T16:07:42.8935949Z          61 │ + → → → → → → <DollarSign·className="w-4·h-4·text-[var(--success)]"·/>
Lint Code Base	Run Super-Linter	2026-09-20T16:07:42.8936060Z          62 │ + → → → → → </div>
Lint Code Base	Run Super-Linter	2026-09-20T16:07:42.8936412Z          63 │ + → → → → → <div·className="text-2xl·font-display·font-bold·text-[var(--text-primary)]">
Lint Code Base	Run Super-Linter	2026-09-20T16:07:42.8936529Z          64 │ + → → → → → → $
Lint Code Base	Run Super-Linter	2026-09-20T16:07:42.8936744Z          65 │ + → → → → → → {preventedLeakage.toLocaleString("en-US",·{
Lint Code Base	Run Super-Linter	2026-09-20T16:07:42.8936914Z          66 │ + → → → → → → → minimumFractionDigits:·2,
Lint Code Base	Run Super-Linter	2026-09-20T16:07:42.8937027Z          67 │ + → → → → → → })}
Lint Code Base	Run Super-Linter	2026-09-20T16:07:42.8937142Z          68 │ + → → → → → </div>
Lint Code Base	Run Super-Linter	2026-09-20T16:07:42.8937478Z          69 │ + → → → → → <div·className="text-[10px]·text-[var(--text-muted)]·font-mono">
Lint Code Base	Run Super-Linter	2026-09-20T16:07:42.8937690Z          70 │ + → → → → → → Caught·before·payment
Lint Code Base	Run Super-Linter	2026-09-20T16:07:42.8937830Z          71 │ + → → → → → </div>
Lint Code Base	Run Super-Linter	2026-09-20T16:07:42.8938012Z          72 │ + → → → → </div>
Lint Code Base	Run Super-Linter	2026-09-20T16:07:42.8938127Z      73  73 │   
Lint Code Base	Run Super-Linter	2026-09-20T16:07:42.8938608Z      74     │ - ········<div·className="p-5·rounded-xl·border·border-[var(--border-color)]·bg-[var(--bg-surface)]·space-y-1">
Lint Code Base	Run Super-Linter	2026-09-20T16:07:42.8938983Z      75     │ - ··········<div·className="flex·items-center·justify-between·text-[var(--text-muted)]">
Lint Code Base	Run Super-Linter	2026-09-20T16:07:42.8939242Z      76     │ - ············<span·className="text-[10px]·font-mono·uppercase">
Lint Code Base	Run Super-Linter	2026-09-20T16:07:42.8939404Z      77     │ - ··············Discrepancy·Rate
Lint Code Base	Run Super-Linter	2026-09-20T16:07:42.8939538Z      78     │ - ············</span>
Lint Code Base	Run Super-Linter	2026-09-20T16:07:42.8939822Z      79     │ - ············<AlertOctagon·className="w-4·h-4·text-[var(--danger)]"·/>
Lint Code Base	Run Super-Linter	2026-09-20T16:07:42.8939949Z      80     │ - ··········</div>
Lint Code Base	Run Super-Linter	2026-09-20T16:07:42.8940308Z      81     │ - ··········<div·className="text-2xl·font-display·font-bold·text-[var(--text-primary)]">
Lint Code Base	Run Super-Linter	2026-09-20T16:07:42.8940499Z      82     │ - ············{discrepancyRate.toFixed(1)}%
Lint Code Base	Run Super-Linter	2026-09-20T16:07:42.8940640Z      83     │ - ··········</div>
Lint Code Base	Run Super-Linter	2026-09-20T16:07:42.8941083Z      84     │ - ··········<div·className="text-[10px]·text-[var(--text-muted)]·font-mono">
Lint Code Base	Run Super-Linter	2026-09-20T16:07:42.8941331Z      85     │ - ············{flagged}·of·{totalInvoices}·invoices·flagged
Lint Code Base	Run Super-Linter	2026-09-20T16:07:42.8941450Z      86     │ - ··········</div>
Lint Code Base	Run Super-Linter	2026-09-20T16:07:42.8941573Z      87     │ - ········</div>
Lint Code Base	Run Super-Linter	2026-09-20T16:07:42.8942023Z          74 │ + → → → → <div·className="p-5·rounded-xl·border·border-[var(--border-color)]·bg-[var(--bg-surface)]·space-y-1">
Lint Code Base	Run Super-Linter	2026-09-20T16:07:42.8942371Z          75 │ + → → → → → <div·className="flex·items-center·justify-between·text-[var(--text-muted)]">
Lint Code Base	Run Super-Linter	2026-09-20T16:07:42.8942633Z          76 │ + → → → → → → <span·className="text-[10px]·font-mono·uppercase">
Lint Code Base	Run Super-Linter	2026-09-20T16:07:42.8942804Z          77 │ + → → → → → → → Discrepancy·Rate
Lint Code Base	Run Super-Linter	2026-09-20T16:07:42.8942955Z          78 │ + → → → → → → </span>
Lint Code Base	Run Super-Linter	2026-09-20T16:07:42.8943070Z   125 more lines truncated
Lint Code Base	Run Super-Linter	2026-09-20T16:07:42.8943333Z   
Lint Code Base	Run Super-Linter	2026-09-20T16:07:42.8943340Z 
Lint Code Base	Run Super-Linter	2026-09-20T16:07:42.8943749Z app/(app)/settings/page.tsx format ━━━━━━━━━━━━━━━━━━━━━━━━━━━━━━━━━━━━━━━━━━━━━━━━━━━━━━━━━━━━━━━━━
Lint Code Base	Run Super-Linter	2026-09-20T16:07:42.8943756Z 
Lint Code Base	Run Super-Linter	2026-09-20T16:07:42.8943940Z   × Formatter would have printed the following content:
Lint Code Base	Run Super-Linter	2026-09-20T16:07:42.8944016Z   
Lint Code Base	Run Super-Linter	2026-09-20T16:07:42.8944370Z      4  4 │   
Lint Code Base	Run Super-Linter	2026-09-20T16:07:42.8944665Z      5  5 │   export default async function SettingsPage() {
Lint Code Base	Run Super-Linter	2026-09-20T16:07:42.8944843Z      6    │ - ··const·user·=·await·requireUser();
Lint Code Base	Run Super-Linter	2026-09-20T16:07:42.8945006Z         6 │ + → const·user·=·await·requireUser();
Lint Code Base	Run Super-Linter	2026-09-20T16:07:42.8945099Z      7  7 │   
Lint Code Base	Run Super-Linter	2026-09-20T16:07:42.8945238Z      8    │ - ··return·(
Lint Code Base	Run Super-Linter	2026-09-20T16:07:42.8945472Z      9    │ - ····<div·className="p-8·space-y-8·max-w-4xl·mx-auto">
Lint Code Base	Run Super-Linter	2026-09-20T16:07:42.8945595Z     10    │ - ······<div>
Lint Code Base	Run Super-Linter	2026-09-20T16:07:42.8945966Z     11    │ - ········<h1·className="text-2xl·font-display·font-bold·text-[var(--text-primary)]">
Lint Code Base	Run Super-Linter	2026-09-20T16:07:42.8946116Z     12    │ - ··········Settings
Lint Code Base	Run Super-Linter	2026-09-20T16:07:42.8946257Z     13    │ - ········</h1>
Lint Code Base	Run Super-Linter	2026-09-20T16:07:42.8946505Z     14    │ - ········<p·className="text-xs·text-[var(--text-secondary)]">
Lint Code Base	Run Super-Linter	2026-09-20T16:07:42.8946871Z     15    │ - ··········Manage·visual·language·preferences,·theme·engines,·and·reconciliation
Lint Code Base	Run Super-Linter	2026-09-20T16:07:42.8946995Z     16    │ - ··········rules.
Lint Code Base	Run Super-Linter	2026-09-20T16:07:42.8947119Z     17    │ - ········</p>
Lint Code Base	Run Super-Linter	2026-09-20T16:07:42.8947234Z     18    │ - ······</div>
Lint Code Base	Run Super-Linter	2026-09-20T16:07:42.8947360Z     19    │ - ······<SettingsForm
Lint Code Base	Run Super-Linter	2026-09-20T16:07:42.8947628Z     20    │ - ········initialTolerance={user.environment.toleranceThreshold}
Lint Code Base	Run Super-Linter	2026-09-20T16:07:42.8947930Z     21    │ - ········canEdit={ROLES_THAT_CAN_MANAGE_SETTINGS.includes(user.role·as·any)}
Lint Code Base	Run Super-Linter	2026-09-20T16:07:42.8948045Z     22    │ - ······/>
Lint Code Base	Run Super-Linter	2026-09-20T16:07:42.8948154Z     23    │ - ····</div>
Lint Code Base	Run Super-Linter	2026-09-20T16:07:42.8948261Z     24    │ - ··);
Lint Code Base	Run Super-Linter	2026-09-20T16:07:42.8948373Z         8 │ + → return·(
Lint Code Base	Run Super-Linter	2026-09-20T16:07:42.8948593Z         9 │ + → → <div·className="p-8·space-y-8·max-w-4xl·mx-auto">
Lint Code Base	Run Super-Linter	2026-09-20T16:07:42.8948738Z        10 │ + → → → <div>
Lint Code Base	Run Super-Linter	2026-09-20T16:07:42.8949079Z        11 │ + → → → → <h1·className="text-2xl·font-display·font-bold·text-[var(--text-primary)]">
Lint Code Base	Run Super-Linter	2026-09-20T16:07:42.8949199Z        12 │ + → → → → → Settings
Lint Code Base	Run Super-Linter	2026-09-20T16:07:42.8949304Z        13 │ + → → → → </h1>
Lint Code Base	Run Super-Linter	2026-09-20T16:07:42.8949534Z        14 │ + → → → → <p·className="text-xs·text-[var(--text-secondary)]">
Lint Code Base	Run Super-Linter	2026-09-20T16:07:42.8949872Z        15 │ + → → → → → Manage·visual·language·preferences,·theme·engines,·and·reconciliation
Lint Code Base	Run Super-Linter	2026-09-20T16:07:42.8949982Z        16 │ + → → → → → rules.
Lint Code Base	Run Super-Linter	2026-09-20T16:07:42.8950093Z        17 │ + → → → → </p>
Lint Code Base	Run Super-Linter	2026-09-20T16:07:42.8950195Z        18 │ + → → → </div>
Lint Code Base	Run Super-Linter	2026-09-20T16:07:42.8950318Z        19 │ + → → → <SettingsForm
Lint Code Base	Run Super-Linter	2026-09-20T16:07:42.8950558Z        20 │ + → → → → initialTolerance={user.environment.toleranceThreshold}
Lint Code Base	Run Super-Linter	2026-09-20T16:07:42.8950845Z        21 │ + → → → → canEdit={ROLES_THAT_CAN_MANAGE_SETTINGS.includes(user.role·as·any)}
Lint Code Base	Run Super-Linter	2026-09-20T16:07:42.8951207Z        22 │ + → → → />
Lint Code Base	Run Super-Linter	2026-09-20T16:07:42.8951342Z        23 │ + → → </div>
Lint Code Base	Run Super-Linter	2026-09-20T16:07:42.8951473Z        24 │ + → );
Lint Code Base	Run Super-Linter	2026-09-20T16:07:42.8951584Z     25 25 │   }
Lint Code Base	Run Super-Linter	2026-09-20T16:07:42.8951712Z     26 26 │   
Lint Code Base	Run Super-Linter	2026-09-20T16:07:42.8951796Z   
Lint Code Base	Run Super-Linter	2026-09-20T16:07:42.8951802Z 
Lint Code Base	Run Super-Linter	2026-09-20T16:07:42.8952207Z app/(app)/team/page.tsx format ━━━━━━━━━━━━━━━━━━━━━━━━━━━━━━━━━━━━━━━━━━━━━━━━━━━━━━━━━━━━━━━━━━━━━
Lint Code Base	Run Super-Linter	2026-09-20T16:07:42.8952214Z 
Lint Code Base	Run Super-Linter	2026-09-20T16:07:42.8952409Z   × Formatter would have printed the following content:
Lint Code Base	Run Super-Linter	2026-09-20T16:07:42.8952478Z   
Lint Code Base	Run Super-Linter	2026-09-20T16:07:42.8952578Z      6  6 │   
Lint Code Base	Run Super-Linter	2026-09-20T16:07:42.8952750Z      7  7 │   export default async function TeamPage() {
Lint Code Base	Run Super-Linter	2026-09-20T16:07:42.8952928Z      8    │ - ··const·user·=·await·requireUser();
Lint Code Base	Run Super-Linter	2026-09-20T16:07:42.8953085Z         8 │ + → const·user·=·await·requireUser();
Lint Code Base	Run Super-Linter	2026-09-20T16:07:42.8953187Z      9  9 │   
Lint Code Base	Run Super-Linter	2026-09-20T16:07:42.8953394Z     10    │ - ··const·members·=·await·prisma.user.findMany({
Lint Code Base	Run Super-Linter	2026-09-20T16:07:42.8953757Z     11    │ - ····where:·{·environmentId:·user.environmentId·},
Lint Code Base	Run Super-Linter	2026-09-20T16:07:42.8954016Z     12    │ - ····include:·{·_count:·{·select:·{·documents:·true·}·}·},
Lint Code Base	Run Super-Linter	2026-09-20T16:07:42.8954457Z     13    │ - ····orderBy:·{·createdAt:·"asc"·},
Lint Code Base	Run Super-Linter	2026-09-20T16:07:42.8954580Z     14    │ - ··});
Lint Code Base	Run Super-Linter	2026-09-20T16:07:42.8954781Z        10 │ + → const·members·=·await·prisma.user.findMany({
Lint Code Base	Run Super-Linter	2026-09-20T16:07:42.8954982Z        11 │ + → → where:·{·environmentId:·user.environmentId·},
Lint Code Base	Run Super-Linter	2026-09-20T16:07:42.8955201Z        12 │ + → → include:·{·_count:·{·select:·{·documents:·true·}·}·},
Lint Code Base	Run Super-Linter	2026-09-20T16:07:42.8955354Z        13 │ + → → orderBy:·{·createdAt:·"asc"·},
Lint Code Base	Run Super-Linter	2026-09-20T16:07:42.8955454Z        14 │ + → });
Lint Code Base	Run Super-Linter	2026-09-20T16:07:42.8955548Z     15 15 │   
Lint Code Base	Run Super-Linter	2026-09-20T16:07:42.8955876Z     16    │ - ··const·canManage·=·ROLES_THAT_CAN_MANAGE_USERS.includes(user.role·as·any);
Lint Code Base	Run Super-Linter	2026-09-20T16:07:42.8956177Z        16 │ + → const·canManage·=·ROLES_THAT_CAN_MANAGE_USERS.includes(user.role·as·any);
Lint Code Base	Run Super-Linter	2026-09-20T16:07:42.8956301Z     17 17 │   
Lint Code Base	Run Super-Linter	2026-09-20T16:07:42.8956434Z     18    │ - ··return·(
Lint Code Base	Run Super-Linter	2026-09-20T16:07:42.8956667Z     19    │ - ····<div·className="p-8·space-y-6·max-w-7xl·mx-auto">
Lint Code Base	Run Super-Linter	2026-09-20T16:07:42.8956989Z     20    │ - ······<div·className="flex·flex-wrap·items-center·justify-between·gap-4">
Lint Code Base	Run Super-Linter	2026-09-20T16:07:42.8957105Z     21    │ - ········<div>
Lint Code Base	Run Super-Linter	2026-09-20T16:07:42.8957475Z     22    │ - ··········<h1·className="text-2xl·font-display·font-bold·text-[var(--text-primary)]">
Lint Code Base	Run Super-Linter	2026-09-20T16:07:42.8957619Z     23    │ - ············Team·Members
Lint Code Base	Run Super-Linter	2026-09-20T16:07:42.8957746Z     24    │ - ··········</h1>
Lint Code Base	Run Super-Linter	2026-09-20T16:07:42.8957999Z     25    │ - ··········<p·className="text-xs·text-[var(--text-secondary)]">
Lint Code Base	Run Super-Linter	2026-09-20T16:07:42.8958354Z     26    │ - ············Everyone·in·this·environment,·their·role,·and·documents·uploaded.
Lint Code Base	Run Super-Linter	2026-09-20T16:07:42.8958485Z     27    │ - ··········</p>
Lint Code Base	Run Super-Linter	2026-09-20T16:07:42.8958599Z     28    │ - ········</div>
Lint Code Base	Run Super-Linter	2026-09-20T16:07:42.8958773Z     29    │ - ········{canManage·&&·<AddUserForm·/>}
Lint Code Base	Run Super-Linter	2026-09-20T16:07:42.8958909Z     30    │ - ······</div>
Lint Code Base	Run Super-Linter	2026-09-20T16:07:42.8959171Z        18 │ + → return·(
Lint Code Base	Run Super-Linter	2026-09-20T16:07:42.8959385Z        19 │ + → → <div·className="p-8·space-y-6·max-w-7xl·mx-auto">
Lint Code Base	Run Super-Linter	2026-09-20T16:07:42.8959685Z        20 │ + → → → <div·className="flex·flex-wrap·items-center·justify-between·gap-4">
Lint Code Base	Run Super-Linter	2026-09-20T16:07:42.8959798Z        21 │ + → → → → <div>
Lint Code Base	Run Super-Linter	2026-09-20T16:07:42.8960136Z        22 │ + → → → → → <h1·className="text-2xl·font-display·font-bold·text-[var(--text-primary)]">
Lint Code Base	Run Super-Linter	2026-09-20T16:07:42.8960268Z        23 │ + → → → → → → Team·Members
Lint Code Base	Run Super-Linter	2026-09-20T16:07:42.8960376Z        24 │ + → → → → → </h1>
Lint Code Base	Run Super-Linter	2026-09-20T16:07:42.8960613Z        25 │ + → → → → → <p·className="text-xs·text-[var(--text-secondary)]">
Lint Code Base	Run Super-Linter	2026-09-20T16:07:42.8960927Z        26 │ + → → → → → → Everyone·in·this·environment,·their·role,·and·documents·uploaded.
Lint Code Base	Run Super-Linter	2026-09-20T16:07:42.8961041Z        27 │ + → → → → → </p>
Lint Code Base	Run Super-Linter	2026-09-20T16:07:42.8961150Z        28 │ + → → → → </div>
Lint Code Base	Run Super-Linter	2026-09-20T16:07:42.8961444Z        29 │ + → → → → {canManage·&&·<AddUserForm·/>}
Lint Code Base	Run Super-Linter	2026-09-20T16:07:42.8961571Z        30 │ + → → → </div>
Lint Code Base	Run Super-Linter	2026-09-20T16:07:42.8961663Z     31 31 │   
Lint Code Base	Run Super-Linter	2026-09-20T16:07:42.8962149Z     32    │ - ······<div·className="rounded-xl·border·border-[var(--border-color)]·bg-[var(--bg-surface)]·overflow-hidden">
Lint Code Base	Run Super-Linter	2026-09-20T16:07:42.8962443Z     33    │ - ········<table·className="w-full·text-left·border-collapse·text-xs">
Lint Code Base	Run Super-Linter	2026-09-20T16:07:42.8962570Z     34    │ - ··········<thead>
Lint Code Base	Run Super-Linter	2026-09-20T16:07:42.8963106Z     35    │ - ············<tr·className="border-b·border-[var(--border-color)]·bg-[var(--bg-surface-alt)]·text-[var(--text-muted)]·font-mono">
Lint Code Base	Run Super-Linter	2026-09-20T16:07:42.8963344Z     36    │ - ··············<th·className="p-3·font-medium">MEMBER</th>
Lint Code Base	Run Super-Linter	2026-09-20T16:07:42.8963572Z     37    │ - ··············<th·className="p-3·font-medium">ROLE</th>
Lint Code Base	Run Super-Linter	2026-09-20T16:07:42.8963911Z     38    │ - ··············<th·className="p-3·font-medium·text-right">DOCUMENTS·UPLOADED</th>
Lint Code Base	Run Super-Linter	2026-09-20T16:07:42.8964042Z     39    │ - ············</tr>
Lint Code Base	Run Super-Linter	2026-09-20T16:07:42.8964433Z     40    │ - ··········</thead>
Lint Code Base	Run Super-Linter	2026-09-20T16:07:42.8964733Z     41    │ - ··········<tbody·className="divide-y·divide-[var(--border-color)]">
Lint Code Base	Run Super-Linter	2026-09-20T16:07:42.8964911Z     42    │ - ············{members.map((member)·=>·(
Lint Code Base	Run Super-Linter	2026-09-20T16:07:42.8965039Z     43    │ - ··············<tr
Lint Code Base	Run Super-Linter	2026-09-20T16:07:42.8965199Z     44    │ - ················key={member.id}
Lint Code Base	Run Super-Linter	2026-09-20T16:07:42.8965519Z     45    │ - ················className="hover:bg-[var(--bg-surface-alt)]·transition-colors"
Lint Code Base	Run Super-Linter	2026-09-20T16:07:42.8965652Z     46    │ - ··············>
Lint Code Base	Run Super-Linter	2026-09-20T16:07:42.8965830Z     47    │ - ················<td·className="p-3">
Lint Code Base	Run Super-Linter	2026-09-20T16:07:42.8966158Z     48    │ - ··················<div·className="font-semibold·text-[var(--text-primary)]">
Lint Code Base	Run Super-Linter	2026-09-20T16:07:42.8966321Z     49    │ - ····················{member.name}
Lint Code Base	Run Super-Linter	2026-09-20T16:07:42.8966459Z     50    │ - ··················</div>
Lint Code Base	Run Super-Linter	2026-09-20T16:07:42.8966809Z     51    │ - ··················<div·className="text-[10px]·font-mono·text-[var(--text-muted)]">
Lint Code Base	Run Super-Linter	2026-09-20T16:07:42.8966997Z     52    │ - ····················{member.email}
Lint Code Base	Run Super-Linter	2026-09-20T16:07:42.8967139Z     53    │ - ··················</div>
Lint Code Base	Run Super-Linter	2026-09-20T16:07:42.8967270Z     54    │ - ················</td>
Lint Code Base	Run Super-Linter	2026-09-20T16:07:42.8967542Z     55    │ - ················<td·className="p-3·text-[var(--text-secondary)]">
Lint Code Base	Run Super-Linter	2026-09-20T16:07:42.8968016Z     56    │ - ··················<span·className="inline-flex·items-center·gap-1·text-[11px]·text-[var(--success)]">
Lint Code Base	Run Super-Linter	2026-09-20T16:07:42.8968310Z     57    │ - ····················<UserCheck·className="w-3.5·h-3.5"·/>·{member.role}
Lint Code Base	Run Super-Linter	2026-09-20T16:07:42.8968456Z     58    │ - ··················</span>
Lint Code Base	Run Super-Linter	2026-09-20T16:07:42.8968587Z     59    │ - ················</td>
Lint Code Base	Run Super-Linter	2026-09-20T16:07:42.8969029Z     60    │ - ················<td·className="p-3·text-right·font-mono·font-semibold·text-[var(--text-primary)]">
Lint Code Base	Run Super-Linter	2026-09-20T16:07:42.8969226Z     61    │ - ··················{member._count.documents}
Lint Code Base	Run Super-Linter	2026-09-20T16:07:42.8969356Z     62    │ - ················</td>
Lint Code Base	Run Super-Linter	2026-09-20T16:07:42.8969644Z     63    │ - ··············</tr>
Lint Code Base	Run Super-Linter	2026-09-20T16:07:42.8969893Z     64    │ - ············))}
Lint Code Base	Run Super-Linter	2026-09-20T16:07:42.8970022Z     65    │ - ··········</tbody>
Lint Code Base	Run Super-Linter	2026-09-20T16:07:42.8970141Z     66    │ - ········</table>
Lint Code Base	Run Super-Linter	2026-09-20T16:07:42.8970259Z     67    │ - ······</div>
Lint Code Base	Run Super-Linter	2026-09-20T16:07:42.8970367Z     68    │ - ····</div>
Lint Code Base	Run Super-Linter	2026-09-20T16:07:42.8970474Z     69    │ - ··);
Lint Code Base	Run Super-Linter	2026-09-20T16:07:42.8970945Z        32 │ + → → → <div·className="rounded-xl·border·border-[var(--border-color)]·bg-[var(--bg-surface)]·overflow-hidden">
Lint Code Base	Run Super-Linter	2026-09-20T16:07:42.8971225Z        33 │ + → → → → <table·className="w-full·text-left·border-collapse·text-xs">
Lint Code Base	Run Super-Linter	2026-09-20T16:07:42.8971343Z        34 │ + → → → → → <thead>
Lint Code Base	Run Super-Linter	2026-09-20T16:07:42.8971843Z        35 │ + → → → → → → <tr·className="border-b·border-[var(--border-color)]·bg-[var(--bg-surface-alt)]·text-[var(--text-muted)]·font-mono">
Lint Code Base	Run Super-Linter	2026-09-20T16:07:42.8972061Z        36 │ + → → → → → → → <th·className="p-3·font-medium">MEMBER</th>
Lint Code Base	Run Super-Linter	2026-09-20T16:07:42.8972283Z        37 │ + → → → → → → → <th·className="p-3·font-medium">ROLE</th>
Lint Code Base	Run Super-Linter	2026-09-20T16:07:42.8972604Z        38 │ + → → → → → → → <th·className="p-3·font-medium·text-right">DOCUMENTS·UPLOADED</th>
Lint Code Base	Run Super-Linter	2026-09-20T16:07:42.8972718Z        39 │ + → → → → → → </tr>
Lint Code Base	Run Super-Linter	2026-09-20T16:07:42.8972830Z        40 │ + → → → → → </thead>
Lint Code Base	Run Super-Linter	2026-09-20T16:07:42.8973082Z        41 │ + → → → → → <tbody·className="divide-y·divide-[var(--border-color)]">
Lint Code Base	Run Super-Linter	2026-09-20T16:07:42.8973238Z        42 │ + → → → → → → {members.map((member)·=>·(
Lint Code Base	Run Super-Linter	2026-09-20T16:07:42.8973352Z        43 │ + → → → → → → → <tr
Lint Code Base	Run Super-Linter	2026-09-20T16:07:42.8973488Z        44 │ + → → → → → → → → key={member.id}
Lint Code Base	Run Super-Linter	2026-09-20T16:07:42.8973767Z        45 │ + → → → → → → → → className="hover:bg-[var(--bg-surface-alt)]·transition-colors"
Lint Code Base	Run Super-Linter	2026-09-20T16:07:42.8973880Z        46 │ + → → → → → → → >
Lint Code Base	Run Super-Linter	2026-09-20T16:07:42.8974029Z        47 │ + → → → → → → → → <td·className="p-3">
Lint Code Base	Run Super-Linter	2026-09-20T16:07:42.8974690Z        48 │ + → → → → → → → → → <div·className="font-semibold·text-[var(--text-primary)]">
Lint Code Base	Run Super-Linter	2026-09-20T16:07:42.8974885Z        49 │ + → → → → → → → → → → {member.name}
Lint Code Base	Run Super-Linter	2026-09-20T16:07:42.8975011Z        50 │ + → → → → → → → → → </div>
Lint Code Base	Run Super-Linter	2026-09-20T16:07:42.8975343Z        51 │ + → → → → → → → → → <div·className="text-[10px]·font-mono·text-[var(--text-muted)]">
Lint Code Base	Run Super-Linter	2026-09-20T16:07:42.8975512Z        52 │ + → → → → → → → → → → {member.email}
Lint Code Base	Run Super-Linter	2026-09-20T16:07:42.8975644Z        53 │ + → → → → → → → → → </div>
Lint Code Base	Run Super-Linter	2026-09-20T16:07:42.8975774Z        54 │ + → → → → → → → → </td>
Lint Code Base	Run Super-Linter	2026-09-20T16:07:42.8976098Z        55 │ + → → → → → → → → <td·className="p-3·text-[var(--text-secondary)]">
Lint Code Base	Run Super-Linter	2026-09-20T16:07:42.8976583Z        56 │ + → → → → → → → → → <span·className="inline-flex·items-center·gap-1·text-[11px]·text-[var(--success)]">
Lint Code Base	Run Super-Linter	2026-09-20T16:07:42.8976845Z        57 │ + → → → → → → → → → → <UserCheck·className="w-3.5·h-3.5"·/>·{member.role}
Lint Code Base	Run Super-Linter	2026-09-20T16:07:42.8976974Z        58 │ + → → → → → → → → → </span>
Lint Code Base	Run Super-Linter	2026-09-20T16:07:42.8977088Z        59 │ + → → → → → → → → </td>
Lint Code Base	Run Super-Linter	2026-09-20T16:07:42.8977518Z        60 │ + → → → → → → → → <td·className="p-3·text-right·font-mono·font-semibold·text-[var(--text-primary)]">
Lint Code Base	Run Super-Linter	2026-09-20T16:07:42.8977869Z        61 │ + → → → → → → → → → {member._count.documents}
Lint Code Base	Run Super-Linter	2026-09-20T16:07:42.8977990Z        62 │ + → → → → → → → → </td>
Lint Code Base	Run Super-Linter	2026-09-20T16:07:42.8978101Z        63 │ + → → → → → → → </tr>
Lint Code Base	Run Super-Linter	2026-09-20T16:07:42.8978216Z        64 │ + → → → → → → ))}
Lint Code Base	Run Super-Linter	2026-09-20T16:07:42.8978331Z        65 │ + → → → → → </tbody>
Lint Code Base	Run Super-Linter	2026-09-20T16:07:42.8978437Z        66 │ + → → → → </table>
Lint Code Base	Run Super-Linter	2026-09-20T16:07:42.8978546Z        67 │ + → → → </div>
Lint Code Base	Run Super-Linter	2026-09-20T16:07:42.8978647Z        68 │ + → → </div>
Lint Code Base	Run Super-Linter	2026-09-20T16:07:42.8978748Z        69 │ + → );
Lint Code Base	Run Super-Linter	2026-09-20T16:07:42.8978842Z     70 70 │   }
Lint Code Base	Run Super-Linter	2026-09-20T16:07:42.8978941Z     71 71 │   
Lint Code Base	Run Super-Linter	2026-09-20T16:07:42.8979012Z   
Lint Code Base	Run Super-Linter	2026-09-20T16:07:42.8979023Z 
Lint Code Base	Run Super-Linter	2026-09-20T16:07:42.8979419Z app/(app)/vendors/page.tsx format ━━━━━━━━━━━━━━━━━━━━━━━━━━━━━━━━━━━━━━━━━━━━━━━━━━━━━━━━━━━━━━━━━━
Lint Code Base	Run Super-Linter	2026-09-20T16:07:42.8979426Z 
Lint Code Base	Run Super-Linter	2026-09-20T16:07:42.8979745Z   × Formatter would have printed the following content:
Lint Code Base	Run Super-Linter	2026-09-20T16:07:42.8979830Z   
Lint Code Base	Run Super-Linter	2026-09-20T16:07:42.8979932Z       4   4 │   
Lint Code Base	Run Super-Linter	2026-09-20T16:07:42.8980119Z       5   5 │   export default async function VendorsPage() {
Lint Code Base	Run Super-Linter	2026-09-20T16:07:42.8980298Z       6     │ - ··const·user·=·await·requireUser();
Lint Code Base	Run Super-Linter	2026-09-20T16:07:42.8980461Z           6 │ + → const·user·=·await·requireUser();
Lint Code Base	Run Super-Linter	2026-09-20T16:07:42.8980555Z       7   7 │   
Lint Code Base	Run Super-Linter	2026-09-20T16:07:42.8980824Z       8     │ - ··const·businesses·=·await·prisma.business.findMany({
Lint Code Base	Run Super-Linter	2026-09-20T16:07:42.8981074Z       9     │ - ····where:·{·environmentId:·user.environmentId·},
Lint Code Base	Run Super-Linter	2026-09-20T16:07:42.8981234Z      10     │ - ····include:·{
Lint Code Base	Run Super-Linter	2026-09-20T16:07:42.8981440Z      11     │ - ······documents:·{
Lint Code Base	Run Super-Linter	2026-09-20T16:07:42.8981639Z      12     │ - ········where:·{·type:·"INVOICE"·},
Lint Code Base	Run Super-Linter	2026-09-20T16:07:42.8981858Z      13     │ - ········select:·{·totalAmount:·true,·status:·true·},
Lint Code Base	Run Super-Linter	2026-09-20T16:07:42.8981975Z      14     │ - ······},
Lint Code Base	Run Super-Linter	2026-09-20T16:07:42.8982088Z      15     │ - ····},
Lint Code Base	Run Super-Linter	2026-09-20T16:07:42.8982257Z      16     │ - ····orderBy:·{·name:·"asc"·},
Lint Code Base	Run Super-Linter	2026-09-20T16:07:42.8982389Z      17     │ - ··});
Lint Code Base	Run Super-Linter	2026-09-20T16:07:42.8982617Z           8 │ + → const·businesses·=·await·prisma.business.findMany({
Lint Code Base	Run Super-Linter	2026-09-20T16:07:42.8982822Z           9 │ + → → where:·{·environmentId:·user.environmentId·},
Lint Code Base	Run Super-Linter	2026-09-20T16:07:42.8982954Z          10 │ + → → include:·{
Lint Code Base	Run Super-Linter	2026-09-20T16:07:42.8983077Z          11 │ + → → → documents:·{
Lint Code Base	Run Super-Linter	2026-09-20T16:07:42.8983232Z          12 │ + → → → → where:·{·type:·"INVOICE"·},
Lint Code Base	Run Super-Linter	2026-09-20T16:07:42.8983433Z          13 │ + → → → → select:·{·totalAmount:·true,·status:·true·},
Lint Code Base	Run Super-Linter	2026-09-20T16:07:42.8983542Z          14 │ + → → → },
Lint Code Base	Run Super-Linter	2026-09-20T16:07:42.8983640Z          15 │ + → → },
Lint Code Base	Run Super-Linter	2026-09-20T16:07:42.8983796Z          16 │ + → → orderBy:·{·name:·"asc"·},
Lint Code Base	Run Super-Linter	2026-09-20T16:07:42.8983895Z          17 │ + → });
Lint Code Base	Run Super-Linter	2026-09-20T16:07:42.8983995Z      18  18 │   
Lint Code Base	Run Super-Linter	2026-09-20T16:07:42.8984356Z      19     │ - ··return·(
Lint Code Base	Run Super-Linter	2026-09-20T16:07:42.8984667Z      20     │ - ····<div·className="p-8·space-y-6·max-w-7xl·mx-auto">
Lint Code Base	Run Super-Linter	2026-09-20T16:07:42.8984980Z      21     │ - ······<div>
Lint Code Base	Run Super-Linter	2026-09-20T16:07:42.8985370Z      22     │ - ········<h1·className="text-2xl·font-display·font-bold·text-[var(--text-primary)]">
Lint Code Base	Run Super-Linter	2026-09-20T16:07:42.8985504Z      23     │ - ··········Vendors
Lint Code Base	Run Super-Linter	2026-09-20T16:07:42.8985624Z      24     │ - ········</h1>
Lint Code Base	Run Super-Linter	2026-09-20T16:07:42.8985885Z      25     │ - ········<p·className="text-xs·text-[var(--text-secondary)]">
Lint Code Base	Run Super-Linter	2026-09-20T16:07:42.8986218Z      26     │ - ··········Businesses·tracked·in·this·environment,·discrepancy·risk,·and
Lint Code Base	Run Super-Linter	2026-09-20T16:07:42.8986397Z      27     │ - ··········historical·billing·volume.
Lint Code Base	Run Super-Linter	2026-09-20T16:07:42.8986629Z      28     │ - ········</p>
Lint Code Base	Run Super-Linter	2026-09-20T16:07:42.8986854Z      29     │ - ······</div>
Lint Code Base	Run Super-Linter	2026-09-20T16:07:42.8987066Z          19 │ + → return·(
Lint Code Base	Run Super-Linter	2026-09-20T16:07:42.8987461Z          20 │ + → → <div·className="p-8·space-y-6·max-w-7xl·mx-auto">
Lint Code Base	Run Super-Linter	2026-09-20T16:07:42.8987687Z          21 │ + → → → <div>
Lint Code Base	Run Super-Linter	2026-09-20T16:07:42.8988315Z          22 │ + → → → → <h1·className="text-2xl·font-display·font-bold·text-[var(--text-primary)]">
Lint Code Base	Run Super-Linter	2026-09-20T16:07:42.8988847Z          23 │ + → → → → → Vendors
Lint Code Base	Run Super-Linter	2026-09-20T16:07:42.8989112Z          24 │ + → → → → </h1>
Lint Code Base	Run Super-Linter	2026-09-20T16:07:42.8989753Z          25 │ + → → → → <p·className="text-xs·text-[var(--text-secondary)]">
Lint Code Base	Run Super-Linter	2026-09-20T16:07:42.8990326Z          26 │ + → → → → → Businesses·tracked·in·this·environment,·discrepancy·risk,·and
Lint Code Base	Run Super-Linter	2026-09-20T16:07:42.8990629Z          27 │ + → → → → → historical·billing·volume.
Lint Code Base	Run Super-Linter	2026-09-20T16:07:42.8990831Z          28 │ + → → → → </p>
Lint Code Base	Run Super-Linter	2026-09-20T16:07:42.8991016Z          29 │ + → → → </div>
Lint Code Base	Run Super-Linter	2026-09-20T16:07:42.8991192Z      30  30 │   
Lint Code Base	Run Super-Linter	2026-09-20T16:07:42.8991662Z      31     │ - ······<div·className="grid·grid-cols-1·md:grid-cols-3·gap-4">
Lint Code Base	Run Super-Linter	2026-09-20T16:07:42.8991968Z      32     │ - ········{businesses.length·===·0·&&·(
Lint Code Base	Run Super-Linter	2026-09-20T16:07:42.8993179Z      33     │ - ··········<p·className="text-xs·text-[var(--text-muted)]·col-span-full·p-6·text-center·rounded-xl·border·border-dashed·border-[var(--border-color)]">
Lint Code Base	Run Super-Linter	2026-09-20T16:07:42.8993530Z      34     │ - ············No·businesses·tracked·yet.
Lint Code Base	Run Super-Linter	2026-09-20T16:07:42.8993669Z      35     │ - ··········</p>
Lint Code Base	Run Super-Linter	2026-09-20T16:07:42.8993790Z      36     │ - ········)}
Lint Code Base	Run Super-Linter	2026-09-20T16:07:42.8993964Z      37     │ - ········{businesses.map((vendor)·=>·{
Lint Code Base	Run Super-Linter	2026-09-20T16:07:42.8994614Z      38     │ - ··········const·invoiceCount·=·vendor.documents.length;
Lint Code Base	Run Super-Linter	2026-09-20T16:07:42.8994895Z      39     │ - ··········const·totalVolume·=·vendor.documents.reduce(
Lint Code Base	Run Super-Linter	2026-09-20T16:07:42.8995097Z      40     │ - ············(acc,·d)·=>·acc·+·d.totalAmount,
Lint Code Base	Run Super-Linter	2026-09-20T16:07:42.8995222Z      41     │ - ············0,
Lint Code Base	Run Super-Linter	2026-09-20T16:07:42.8995447Z      42     │ - ··········);
Lint Code Base	Run Super-Linter	2026-09-20T16:07:42.8995768Z      43     │ - ··········const·discrepancies·=·vendor.documents.filter(
Lint Code Base	Run Super-Linter	2026-09-20T16:07:42.8996138Z      44     │ - ············(d)·=>·d.status·!==·"Matched"·&&·d.status·!==·"Processing",
Lint Code Base	Run Super-Linter	2026-09-20T16:07:42.8996303Z      45     │ - ··········).length;
Lint Code Base	Run Super-Linter	2026-09-20T16:07:42.8996800Z          31 │ + → → → <div·className="grid·grid-cols-1·md:grid-cols-3·gap-4">
Lint Code Base	Run Super-Linter	2026-09-20T16:07:42.8997062Z          32 │ + → → → → {businesses.length·===·0·&&·(
Lint Code Base	Run Super-Linter	2026-09-20T16:07:42.8997765Z          33 │ + → → → → → <p·className="text-xs·text-[var(--text-muted)]·col-span-full·p-6·text-center·rounded-xl·border·border-dashed·border-[var(--border-color)]">
Lint Code Base	Run Super-Linter	2026-09-20T16:07:42.8998005Z          34 │ + → → → → → → No·businesses·tracked·yet.
Lint Code Base	Run Super-Linter	2026-09-20T16:07:42.8998136Z          35 │ + → → → → → </p>
Lint Code Base	Run Super-Linter	2026-09-20T16:07:42.8998389Z          36 │ + → → → → )}
Lint Code Base	Run Super-Linter	2026-09-20T16:07:42.8998580Z          37 │ + → → → → {businesses.map((vendor)·=>·{
Lint Code Base	Run Super-Linter	2026-09-20T16:07:42.8998907Z          38 │ + → → → → → const·invoiceCount·=·vendor.documents.length;
Lint Code Base	Run Super-Linter	2026-09-20T16:07:42.8999190Z          39 │ + → → → → → const·totalVolume·=·vendor.documents.reduce(
Lint Code Base	Run Super-Linter	2026-09-20T16:07:42.8999382Z          40 │ + → → → → → → (acc,·d)·=>·acc·+·d.totalAmount,
Lint Code Base	Run Super-Linter	2026-09-20T16:07:42.8999626Z          41 │ + → → → → → → 0,
Lint Code Base	Run Super-Linter	2026-09-20T16:07:42.8999790Z          42 │ + → → → → → );
Lint Code Base	Run Super-Linter	2026-09-20T16:07:42.9000271Z          43 │ + → → → → → const·discrepancies·=·vendor.documents.filter(
Lint Code Base	Run Super-Linter	2026-09-20T16:07:42.9000613Z          44 │ + → → → → → → (d)·=>·d.status·!==·"Matched"·&&·d.status·!==·"Processing",
Lint Code Base	Run Super-Linter	2026-09-20T16:07:42.9000745Z          45 │ + → → → → → ).length;
Lint Code Base	Run Super-Linter	2026-09-20T16:07:42.9001013Z      46  46 │   
Lint Code Base	Run Super-Linter	2026-09-20T16:07:42.9001184Z      47     │ - ··········return·(
Lint Code Base	Run Super-Linter	2026-09-20T16:07:42.9001382Z      48     │ - ············<div
Lint Code Base	Run Super-Linter	2026-09-20T16:07:42.9001567Z      49     │ - ··············key={vendor.id}
Lint Code Base	Run Super-Linter	2026-09-20T16:07:42.9002357Z      50     │ - ··············className="p-5·rounded-xl·border·border-[var(--border-color)]·bg-[var(--bg-surface)]·space-y-4·hover:border-[var(--color-primary)]·transition-colors"
Lint Code Base	Run Super-Linter	2026-09-20T16:07:42.9002618Z      51     │ - ············>
Lint Code Base	Run Super-Linter	2026-09-20T16:07:42.9002975Z      52     │ - ··············<div·className="flex·justify-between·items-start">
Lint Code Base	Run Super-Linter	2026-09-20T16:07:42.9003180Z      53     │ - ················<div>
Lint Code Base	Run Super-Linter	2026-09-20T16:07:42.9003735Z      54     │ - ··················<h2·className="font-semibold·text-sm·text-[var(--text-primary)]">
Lint Code Base	Run Super-Linter	2026-09-20T16:07:42.9019045Z      55     │ - ····················{vendor.name}
Lint Code Base	Run Super-Linter	2026-09-20T16:07:42.9019378Z      56     │ - ··················</h2>
Lint Code Base	Run Super-Linter	2026-09-20T16:07:42.9019793Z      57     │ - ··················<span·className="text-[10px]·font-mono·text-[var(--text-muted)]">
Lint Code Base	Run Super-Linter	2026-09-20T16:07:42.9019993Z      58     │ - ····················{vendor.vendorCode}
Lint Code Base	Run Super-Linter	2026-09-20T16:07:42.9020150Z      59     │ - ··················</span>
Lint Code Base	Run Super-Linter	2026-09-20T16:07:42.9020285Z      60     │ - ················</div>
Lint Code Base	Run Super-Linter	2026-09-20T16:07:42.9020485Z      61     │ - ················{discrepancies·>·0·?·(
Lint Code Base	Run Super-Linter	2026-09-20T16:07:42.9021294Z      62     │ - ··················<span·className="inline-flex·items-center·gap-1·px-2·py-0.5·rounded·text-[10px]·font-mono·font-bold·bg-[var(--danger-soft)]·text-[var(--danger)]">
Lint Code Base	Run Super-Linter	2026-09-20T16:07:42.9021597Z      63     │ - ····················<AlertTriangle·className="w-3·h-3"·/>·Flagged
Lint Code Base	Run Super-Linter	2026-09-20T16:07:42.9021782Z      64     │ - ··················</span>
Lint Code Base	Run Super-Linter	2026-09-20T16:07:42.9021938Z      65     │ - ················)·:·(
Lint Code Base	Run Super-Linter	2026-09-20T16:07:42.9022727Z      66     │ - ··················<span·className="inline-flex·items-center·gap-1·px-2·py-0.5·rounded·text-[10px]·font-mono·font-bold·bg-[var(--success-soft)]·text-[var(--success)]">
Lint Code Base	Run Super-Linter	2026-09-20T16:07:42.9023002Z      67     │ - ····················<ShieldCheck·className="w-3·h-3"·/>·Verified
Lint Code Base	Run Super-Linter	2026-09-20T16:07:42.9023149Z      68     │ - ··················</span>
Lint Code Base	Run Super-Linter	2026-09-20T16:07:42.9023282Z      69     │ - ················)}
Lint Code Base	Run Super-Linter	2026-09-20T16:07:42.9023413Z      70     │ - ··············</div>
Lint Code Base	Run Super-Linter	2026-09-20T16:07:42.9023538Z          47 │ + → → → → → return·(
Lint Code Base	Run Super-Linter	2026-09-20T16:07:42.9023652Z          48 │ + → → → → → → <div
Lint Code Base	Run Super-Linter	2026-09-20T16:07:42.9023798Z          49 │ + → → → → → → → key={vendor.id}
Lint Code Base	Run Super-Linter	2026-09-20T16:07:42.9024808Z          50 │ + → → → → → → → className="p-5·rounded-xl·border·border-[var(--border-color)]·bg-[var(--bg-surface)]·space-y-4·hover:border-[var(--color-primary)]·transition-colors"
Lint Code Base	Run Super-Linter	2026-09-20T16:07:42.9025191Z          51 │ + → → → → → → >
Lint Code Base	Run Super-Linter	2026-09-20T16:07:42.9025457Z          52 │ + → → → → → → → <div·className="flex·justify-between·items-start">
Lint Code Base	Run Super-Linter	2026-09-20T16:07:42.9025581Z          53 │ + → → → → → → → → <div>
Lint Code Base	Run Super-Linter	2026-09-20T16:07:42.9025914Z          54 │ + → → → → → → → → → <h2·className="font-semibold·text-sm·text-[var(--text-primary)]">
Lint Code Base	Run Super-Linter	2026-09-20T16:07:42.9026060Z          55 │ + → → → → → → → → → → {vendor.name}
Lint Code Base	Run Super-Linter	2026-09-20T16:07:42.9026191Z          56 │ + → → → → → → → → → </h2>
Lint Code Base	Run Super-Linter	2026-09-20T16:07:42.9026503Z          57 │ + → → → → → → → → → <span·className="text-[10px]·font-mono·text-[var(--text-muted)]">
Lint Code Base	Run Super-Linter	2026-09-20T16:07:42.9026709Z          58 │ + → → → → → → → → → → {vendor.vendorCode}
Lint Code Base	Run Super-Linter	2026-09-20T16:07:42.9026852Z          59 │ + → → → → → → → → → </span>
Lint Code Base	Run Super-Linter	2026-09-20T16:07:42.9027009Z          60 │ + → → → → → → → → </div>
Lint Code Base	Run Super-Linter	2026-09-20T16:07:42.9027233Z          61 │ + → → → → → → → → {discrepancies·>·0·?·(
Lint Code Base	Run Super-Linter	2026-09-20T16:07:42.9028158Z          62 │ + → → → → → → → → → <span·className="inline-flex·items-center·gap-1·px-2·py-0.5·rounded·text-[10px]·font-mono·font-bold·bg-[var(--danger-soft)]·text-[var(--danger)]">
Lint Code Base	Run Super-Linter	2026-09-20T16:07:42.9028423Z          63 │ + → → → → → → → → → → <AlertTriangle·className="w-3·h-3"·/>·Flagged
Lint Code Base	Run Super-Linter	2026-09-20T16:07:42.9028551Z          64 │ + → → → → → → → → → </span>
Lint Code Base	Run Super-Linter	2026-09-20T16:07:42.9028668Z          65 │ + → → → → → → → → )·:·(
Lint Code Base	Run Super-Linter	2026-09-20T16:07:42.9029379Z          66 │ + → → → → → → → → → <span·className="inline-flex·items-center·gap-1·px-2·py-0.5·rounded·text-[10px]·font-mono·font-bold·bg-[var(--success-soft)]·text-[var(--success)]">
Lint Code Base	Run Super-Linter	2026-09-20T16:07:42.9029610Z          67 │ + → → → → → → → → → → <ShieldCheck·className="w-3·h-3"·/>·Verified
Lint Code Base	Run Super-Linter	2026-09-20T16:07:42.9029736Z          68 │ + → → → → → → → → → </span>
Lint Code Base	Run Super-Linter	2026-09-20T16:07:42.9029848Z          69 │ + → → → → → → → → )}
Lint Code Base	Run Super-Linter	2026-09-20T16:07:42.9029969Z          70 │ + → → → → → → → </div>
Lint Code Base	Run Super-Linter	2026-09-20T16:07:42.9030073Z      71  71 │   
Lint Code Base	Run Super-Linter	2026-09-20T16:07:42.9030663Z      72     │ - ··············<div·className="grid·grid-cols-2·gap-2·text-xs·font-mono·pt-2·border-t·border-[var(--border-color)]">
Lint Code Base	Run Super-Linter	2026-09-20T16:07:42.9030818Z      73     │ - ················<div>
Lint Code Base	Run Super-Linter	2026-09-20T16:07:42.9031167Z      74     │ - ··················<div·className="text-[10px]·text-[var(--text-muted)]·uppercase">
Lint Code Base	Run Super-Linter	2026-09-20T16:07:42.9031328Z      75     │ - ····················Invoices
Lint Code Base	Run Super-Linter	2026-09-20T16:07:42.9031464Z      76     │ - ··················</div>
Lint Code Base	Run Super-Linter	2026-09-20T16:07:42.9031730Z      77     │ - ··················<div·className="text-[var(--text-primary)]">
Lint Code Base	Run Super-Linter	2026-09-20T16:07:42.9031934Z      78     │ - ····················{invoiceCount}·processed
Lint Code Base	Run Super-Linter	2026-09-20T16:07:42.9032068Z      79     │ - ··················</div>
Lint Code Base	Run Super-Linter	2026-09-20T16:07:42.9032207Z      80     │ - ················</div>
Lint Code Base	Run Super-Linter	2026-09-20T16:07:42.9032337Z      81     │ - ················<div>
Lint Code Base	Run Super-Linter	2026-09-20T16:07:42.9032677Z      82     │ - ··················<div·className="text-[10px]·text-[var(--text-muted)]·uppercase">
Lint Code Base	Run Super-Linter	2026-09-20T16:07:42.9032861Z      83     │ - ····················Total·Volume
Lint Code Base	Run Super-Linter	2026-09-20T16:07:42.9033157Z      84     │ - ··················</div>
Lint Code Base	Run Super-Linter	2026-09-20T16:07:42.9033485Z      85     │ - ··················<div·className="font-semibold·text-[var(--text-primary)]">
Lint Code Base	Run Super-Linter	2026-09-20T16:07:42.9033620Z      86     │ - ····················$
Lint Code Base	Run Super-Linter	2026-09-20T16:07:42.9033870Z      87     │ - ····················{totalVolume.toLocaleString("en-US",·{
Lint Code Base	Run Super-Linter	2026-09-20T16:07:42.9034327Z      88     │ - ······················minimumFractionDigits:·2,
Lint Code Base	Run Super-Linter	2026-09-20T16:07:42.9034620Z      89     │ - ····················})}
Lint Code Base	Run Super-Linter	2026-09-20T16:07:42.9034829Z      90     │ - ··················</div>
Lint Code Base	Run Super-Linter	2026-09-20T16:07:42.9034971Z      91     │ - ················</div>
Lint Code Base	Run Super-Linter	2026-09-20T16:07:42.9035108Z      92     │ - ··············</div>
Lint Code Base	Run Super-Linter	2026-09-20T16:07:42.9035197Z   35 more lines truncated
Lint Code Base	Run Super-Linter	2026-09-20T16:07:42.9035278Z   
Lint Code Base	Run Super-Linter	2026-09-20T16:07:42.9035284Z 
Lint Code Base	Run Super-Linter	2026-09-20T16:07:42.9035681Z app/api/auth/login/route.ts format ━━━━━━━━━━━━━━━━━━━━━━━━━━━━━━━━━━━━━━━━━━━━━━━━━━━━━━━━━━━━━━━━━
Lint Code Base	Run Super-Linter	2026-09-20T16:07:42.9035877Z 
Lint Code Base	Run Super-Linter	2026-09-20T16:07:42.9036074Z   × Formatter would have printed the following content:
Lint Code Base	Run Super-Linter	2026-09-20T16:07:42.9036155Z   
Lint Code Base	Run Super-Linter	2026-09-20T16:07:42.9036253Z      5  5 │   
Lint Code Base	Run Super-Linter	2026-09-20T16:07:42.9036385Z      6  6 │   const schema = z.object({
Lint Code Base	Run Super-Linter	2026-09-20T16:07:42.9036522Z      7    │ - ··email:·z.string().email(),
Lint Code Base	Run Super-Linter	2026-09-20T16:07:42.9036679Z      8    │ - ··password:·z.string().min(1),
Lint Code Base	Run Super-Linter	2026-09-20T16:07:42.9036809Z         7 │ + → email:·z.string().email(),
Lint Code Base	Run Super-Linter	2026-09-20T16:07:42.9036954Z         8 │ + → password:·z.string().min(1),
Lint Code Base	Run Super-Linter	2026-09-20T16:07:42.9037050Z      9  9 │   });
Lint Code Base	Run Super-Linter	2026-09-20T16:07:42.9037151Z     10 10 │   
Lint Code Base	Run Super-Linter	2026-09-20T16:07:42.9037254Z     ····· │ 
Lint Code Base	Run Super-Linter	2026-09-20T16:07:42.9037347Z     14 14 │   
Lint Code Base	Run Super-Linter	2026-09-20T16:07:42.9037544Z     15 15 │   export async function POST(req: NextRequest) {
Lint Code Base	Run Super-Linter	2026-09-20T16:07:42.9037755Z     16    │ - ··const·body·=·await·req.json().catch(()·=>·null);
Lint Code Base	Run Super-Linter	2026-09-20T16:07:42.9037939Z     17    │ - ··const·parsed·=·schema.safeParse(body);
Lint Code Base	Run Super-Linter	2026-09-20T16:07:42.9038094Z     18    │ - ··if·(!parsed.success)·{
Lint Code Base	Run Super-Linter	2026-09-20T16:07:42.9038431Z     19    │ - ····return·NextResponse.json({·error:·"Invalid·input"·},·{·status:·400·});
Lint Code Base	Run Super-Linter	2026-09-20T16:07:42.9038541Z     20    │ - ··}
Lint Code Base	Run Super-Linter	2026-09-20T16:07:42.9038728Z     21    │ - ··const·{·email,·password·}·=·parsed.data;
Lint Code Base	Run Super-Linter	2026-09-20T16:07:42.9038937Z     22    │ - ··const·normalizedEmail·=·email.toLowerCase();
Lint Code Base	Run Super-Linter	2026-09-20T16:07:42.9039137Z        16 │ + → const·body·=·await·req.json().catch(()·=>·null);
Lint Code Base	Run Super-Linter	2026-09-20T16:07:42.9039312Z        17 │ + → const·parsed·=·schema.safeParse(body);
Lint Code Base	Run Super-Linter	2026-09-20T16:07:42.9039441Z        18 │ + → if·(!parsed.success)·{
Lint Code Base	Run Super-Linter	2026-09-20T16:07:42.9039746Z        19 │ + → → return·NextResponse.json({·error:·"Invalid·input"·},·{·status:·400·});
Lint Code Base	Run Super-Linter	2026-09-20T16:07:42.9039849Z        20 │ + → }
Lint Code Base	Run Super-Linter	2026-09-20T16:07:42.9040027Z        21 │ + → const·{·email,·password·}·=·parsed.data;
Lint Code Base	Run Super-Linter	2026-09-20T16:07:42.9040225Z        22 │ + → const·normalizedEmail·=·email.toLowerCase();
Lint Code Base	Run Super-Linter	2026-09-20T16:07:42.9040345Z     23 23 │   
Lint Code Base	Run Super-Linter	2026-09-20T16:07:42.9040488Z     24    │ - ··//·Rate·limiting·check
Lint Code Base	Run Super-Linter	2026-09-20T16:07:42.9040762Z     25    │ - ··const·ip·=·req.headers.get("x-forwarded-for")·||·"unknown";
Lint Code Base	Run Super-Linter	2026-09-20T16:07:42.9040979Z     26    │ - ··const·rateLimitKey·=·`${ip}:${normalizedEmail}`;
Lint Code Base	Run Super-Linter	2026-09-20T16:07:42.9041212Z     27    │ - ··const·attemptInfo·=·loginAttempts.get(rateLimitKey);
Lint Code Base	Run Super-Linter	2026-09-20T16:07:42.9041347Z        24 │ + → //·Rate·limiting·check
Lint Code Base	Run Super-Linter	2026-09-20T16:07:42.9041598Z        25 │ + → const·ip·=·req.headers.get("x-forwarded-for")·||·"unknown";
Lint Code Base	Run Super-Linter	2026-09-20T16:07:42.9041795Z        26 │ + → const·rateLimitKey·=·`${ip}:${normalizedEmail}`;
Lint Code Base	Run Super-Linter	2026-09-20T16:07:42.9042016Z        27 │ + → const·attemptInfo·=·loginAttempts.get(rateLimitKey);
Lint Code Base	Run Super-Linter	2026-09-20T16:07:42.9042110Z     28 28 │   
Lint Code Base	Run Super-Linter	2026-09-20T16:07:42.9042244Z     29    │ - ··if·(attemptInfo)·{
Lint Code Base	Run Super-Linter	2026-09-20T16:07:42.9042519Z     30    │ - ····if·(Date.now()·-·attemptInfo.timestamp·<·LOCKOUT_DURATION)·{
Lint Code Base	Run Super-Linter	2026-09-20T16:07:42.9042727Z     31    │ - ······if·(attemptInfo.count·>=·MAX_ATTEMPTS)·{
Lint Code Base	Run Super-Linter	2026-09-20T16:07:42.9043062Z     32    │ - ········return·NextResponse.json(
Lint Code Base	Run Super-Linter	2026-09-20T16:07:42.9043374Z     33    │ - ··········{·error:·"Too·many·login·attempts.·Please·try·again·later."·},
Lint Code Base	Run Super-Linter	2026-09-20T16:07:42.9043520Z     34    │ - ··········{·status:·429·},
Lint Code Base	Run Super-Linter	2026-09-20T16:07:42.9043635Z     35    │ - ········);
Lint Code Base	Run Super-Linter	2026-09-20T16:07:42.9043751Z     36    │ - ······}
Lint Code Base	Run Super-Linter	2026-09-20T16:07:42.9043866Z     37    │ - ····}·else·{
Lint Code Base	Run Super-Linter	2026-09-20T16:07:42.9044246Z     38    │ - ······//·Reset·if·lockout·duration·has·passed
Lint Code Base	Run Super-Linter	2026-09-20T16:07:42.9044534Z     39    │ - ······loginAttempts.delete(rateLimitKey);
Lint Code Base	Run Super-Linter	2026-09-20T16:07:42.9044645Z     40    │ - ····}
Lint Code Base	Run Super-Linter	2026-09-20T16:07:42.9044749Z     41    │ - ··}
Lint Code Base	Run Super-Linter	2026-09-20T16:07:42.9044875Z        29 │ + → if·(attemptInfo)·{
Lint Code Base	Run Super-Linter	2026-09-20T16:07:42.9045140Z        30 │ + → → if·(Date.now()·-·attemptInfo.timestamp·<·LOCKOUT_DURATION)·{
Lint Code Base	Run Super-Linter	2026-09-20T16:07:42.9045331Z        31 │ + → → → if·(attemptInfo.count·>=·MAX_ATTEMPTS)·{
Lint Code Base	Run Super-Linter	2026-09-20T16:07:42.9045488Z        32 │ + → → → → return·NextResponse.json(
Lint Code Base	Run Super-Linter	2026-09-20T16:07:42.9045959Z        33 │ + → → → → → {·error:·"Too·many·login·attempts.·Please·try·again·later."·},
Lint Code Base	Run Super-Linter	2026-09-20T16:07:42.9046088Z        34 │ + → → → → → {·status:·429·},
Lint Code Base	Run Super-Linter	2026-09-20T16:07:42.9046197Z        35 │ + → → → → );
Lint Code Base	Run Super-Linter	2026-09-20T16:07:42.9046294Z        36 │ + → → → }
Lint Code Base	Run Super-Linter	2026-09-20T16:07:42.9046408Z        37 │ + → → }·else·{
Lint Code Base	Run Super-Linter	2026-09-20T16:07:42.9046598Z        38 │ + → → → //·Reset·if·lockout·duration·has·passed
Lint Code Base	Run Super-Linter	2026-09-20T16:07:42.9046767Z        39 │ + → → → loginAttempts.delete(rateLimitKey);
Lint Code Base	Run Super-Linter	2026-09-20T16:07:42.9046867Z        40 │ + → → }
Lint Code Base	Run Super-Linter	2026-09-20T16:07:42.9046961Z        41 │ + → }
Lint Code Base	Run Super-Linter	2026-09-20T16:07:42.9047060Z     42 42 │   
Lint Code Base	Run Super-Linter	2026-09-20T16:07:42.9047260Z     43    │ - ··const·user·=·await·prisma.user.findUnique({
Lint Code Base	Run Super-Linter	2026-09-20T16:07:42.9047444Z     44    │ - ····where:·{·email:·normalizedEmail·},
Lint Code Base	Run Super-Linter	2026-09-20T16:07:42.9047546Z     45    │ - ··});
Lint Code Base	Run Super-Linter	2026-09-20T16:07:42.9047733Z        43 │ + → const·user·=·await·prisma.user.findUnique({
Lint Code Base	Run Super-Linter	2026-09-20T16:07:42.9047914Z        44 │ + → → where:·{·email:·normalizedEmail·},
Lint Code Base	Run Super-Linter	2026-09-20T16:07:42.9048032Z        45 │ + → });
Lint Code Base	Run Super-Linter	2026-09-20T16:07:42.9048123Z     46 46 │   
Lint Code Base	Run Super-Linter	2026-09-20T16:07:42.9048433Z     47    │ - ··if·(!user·||·!(await·comparePassword(password,·user.passwordHash)))·{
Lint Code Base	Run Super-Linter	2026-09-20T16:07:42.9048583Z     48    │ - ····//·Record·failed·attempt
Lint Code Base	Run Super-Linter	2026-09-20T16:07:42.9048880Z     49    │ - ····const·currentCount·=·loginAttempts.get(rateLimitKey)?.count·||·0;
Lint Code Base	Run Super-Linter	2026-09-20T16:07:42.9049056Z     50    │ - ····loginAttempts.set(rateLimitKey,·{
Lint Code Base	Run Super-Linter	2026-09-20T16:07:42.9049206Z     51    │ - ······count:·currentCount·+·1,
Lint Code Base	Run Super-Linter	2026-09-20T16:07:42.9049350Z     52    │ - ······timestamp:·Date.now(),
Lint Code Base	Run Super-Linter	2026-09-20T16:07:42.9049457Z     53    │ - ····});
Lint Code Base	Run Super-Linter	2026-09-20T16:07:42.9049747Z        47 │ + → if·(!user·||·!(await·comparePassword(password,·user.passwordHash)))·{
Lint Code Base	Run Super-Linter	2026-09-20T16:07:42.9049888Z        48 │ + → → //·Record·failed·attempt
Lint Code Base	Run Super-Linter	2026-09-20T16:07:42.9050171Z        49 │ + → → const·currentCount·=·loginAttempts.get(rateLimitKey)?.count·||·0;
Lint Code Base	Run Super-Linter	2026-09-20T16:07:42.9050359Z        50 │ + → → loginAttempts.set(rateLimitKey,·{
Lint Code Base	Run Super-Linter	2026-09-20T16:07:42.9050554Z        51 │ + → → → count:·currentCount·+·1,
Lint Code Base	Run Super-Linter	2026-09-20T16:07:42.9050710Z        52 │ + → → → timestamp:·Date.now(),
Lint Code Base	Run Super-Linter	2026-09-20T16:07:42.9050839Z        53 │ + → → });
Lint Code Base	Run Super-Linter	2026-09-20T16:07:42.9050968Z     54 54 │   
Lint Code Base	Run Super-Linter	2026-09-20T16:07:42.9051152Z     55    │ - ····return·NextResponse.json(
Lint Code Base	Run Super-Linter	2026-09-20T16:07:42.9051376Z     56    │ - ······{·error:·"Invalid·email·or·password"·},
Lint Code Base	Run Super-Linter	2026-09-20T16:07:42.9051515Z     57    │ - ······{·status:·401·},
Lint Code Base	Run Super-Linter	2026-09-20T16:07:42.9051621Z     58    │ - ····);
Lint Code Base	Run Super-Linter	2026-09-20T16:07:42.9051726Z     59    │ - ··}
Lint Code Base	Run Super-Linter	2026-09-20T16:07:42.9051863Z        55 │ + → → return·NextResponse.json(
Lint Code Base	Run Super-Linter	2026-09-20T16:07:42.9052049Z        56 │ + → → → {·error:·"Invalid·email·or·password"·},
Lint Code Base	Run Super-Linter	2026-09-20T16:07:42.9052178Z        57 │ + → → → {·status:·401·},
Lint Code Base	Run Super-Linter	2026-09-20T16:07:42.9052273Z        58 │ + → → );
Lint Code Base	Run Super-Linter	2026-09-20T16:07:42.9052374Z        59 │ + → }
Lint Code Base	Run Super-Linter	2026-09-20T16:07:42.9052468Z     60 60 │   
Lint Code Base	Run Super-Linter	2026-09-20T16:07:42.9052827Z     61    │ - ··//·Clear·failed·attempts·on·successful·login
Lint Code Base	Run Super-Linter	2026-09-20T16:07:42.9053133Z     62    │ - ··loginAttempts.delete(rateLimitKey);
Lint Code Base	Run Super-Linter	2026-09-20T16:07:42.9053336Z        61 │ + → //·Clear·failed·attempts·on·successful·login
Lint Code Base	Run Super-Linter	2026-09-20T16:07:42.9053491Z        62 │ + → loginAttempts.delete(rateLimitKey);
Lint Code Base	Run Super-Linter	2026-09-20T16:07:42.9053597Z     63 63 │   
Lint Code Base	Run Super-Linter	2026-09-20T16:07:42.9053767Z     64    │ - ··const·token·=·await·signSession({
Lint Code Base	Run Super-Linter	2026-09-20T16:07:42.9053898Z     65    │ - ····userId:·user.id,
Lint Code Base	Run Super-Linter	2026-09-20T16:07:42.9054213Z     66    │ - ····environmentId:·user.environmentId,
Lint Code Base	Run Super-Linter	2026-09-20T16:07:42.9054347Z     67    │ - ····role:·user.role,
Lint Code Base	Run Super-Linter	2026-09-20T16:07:42.9054455Z     68    │ - ··});
Lint Code Base	Run Super-Linter	2026-09-20T16:07:42.9054613Z        64 │ + → const·token·=·await·signSession({
Lint Code Base	Run Super-Linter	2026-09-20T16:07:42.9054735Z        65 │ + → → userId:·user.id,
Lint Code Base	Run Super-Linter	2026-09-20T16:07:42.9054897Z        66 │ + → → environmentId:·user.environmentId,
Lint Code Base	Run Super-Linter	2026-09-20T16:07:42.9055014Z        67 │ + → → role:·user.role,
Lint Code Base	Run Super-Linter	2026-09-20T16:07:42.9055138Z        68 │ + → });
Lint Code Base	Run Super-Linter	2026-09-20T16:07:42.9055247Z     69 69 │   
Lint Code Base	Run Super-Linter	2026-09-20T16:07:42.9055449Z     70    │ - ··const·res·=·NextResponse.json({·ok:·true·});
Lint Code Base	Run Super-Linter	2026-09-20T16:07:42.9055625Z     71    │ - ··res.cookies.set(SESSION_COOKIE,·token,·{
Lint Code Base	Run Super-Linter	2026-09-20T16:07:42.9055759Z     72    │ - ····httpOnly:·true,
Lint Code Base	Run Super-Linter	2026-09-20T16:07:42.9055904Z     73    │ - ····sameSite:·"lax",
Lint Code Base	Run Super-Linter	2026-09-20T16:07:42.9056141Z     74    │ - ····secure:·process.env.NODE_ENV·===·"production",
Lint Code Base	Run Super-Linter	2026-09-20T16:07:42.9056283Z     75    │ - ····path:·"/",
Lint Code Base	Run Super-Linter	2026-09-20T16:07:42.9056461Z     76    │ - ····maxAge:·60·*·60·*·24·*·7,
Lint Code Base	Run Super-Linter	2026-09-20T16:07:42.9056599Z     77    │ - ··});
Lint Code Base	Run Super-Linter	2026-09-20T16:07:42.9056747Z     78    │ - ··return·res;
Lint Code Base	Run Super-Linter	2026-09-20T16:07:42.9056940Z        70 │ + → const·res·=·NextResponse.json({·ok:·true·});
Lint Code Base	Run Super-Linter	2026-09-20T16:07:42.9057108Z        71 │ + → res.cookies.set(SESSION_COOKIE,·token,·{
Lint Code Base	Run Super-Linter	2026-09-20T16:07:42.9057233Z        72 │ + → → httpOnly:·true,
Lint Code Base	Run Super-Linter	2026-09-20T16:07:42.9057354Z        73 │ + → → sameSite:·"lax",
Lint Code Base	Run Super-Linter	2026-09-20T16:07:42.9057566Z        74 │ + → → secure:·process.env.NODE_ENV·===·"production",
Lint Code Base	Run Super-Linter	2026-09-20T16:07:42.9057700Z        75 │ + → → path:·"/",
Lint Code Base	Run Super-Linter	2026-09-20T16:07:42.9057833Z        76 │ + → → maxAge:·60·*·60·*·24·*·7,
Lint Code Base	Run Super-Linter	2026-09-20T16:07:42.9057933Z        77 │ + → });
Lint Code Base	Run Super-Linter	2026-09-20T16:07:42.9058043Z        78 │ + → return·res;
Lint Code Base	Run Super-Linter	2026-09-20T16:07:42.9058143Z     79 79 │   }
Lint Code Base	Run Super-Linter	2026-09-20T16:07:42.9058237Z     80 80 │   
Lint Code Base	Run Super-Linter	2026-09-20T16:07:42.9058311Z   
Lint Code Base	Run Super-Linter	2026-09-20T16:07:42.9058316Z 
Lint Code Base	Run Super-Linter	2026-09-20T16:07:42.9058738Z app/api/auth/logout/route.ts format ━━━━━━━━━━━━━━━━━━━━━━━━━━━━━━━━━━━━━━━━━━━━━━━━━━━━━━━━━━━━━━━━
Lint Code Base	Run Super-Linter	2026-09-20T16:07:42.9058745Z 
Lint Code Base	Run Super-Linter	2026-09-20T16:07:42.9058921Z   × Formatter would have printed the following content:
Lint Code Base	Run Super-Linter	2026-09-20T16:07:42.9058999Z   
Lint Code Base	Run Super-Linter	2026-09-20T16:07:42.9059093Z     3 3 │   
Lint Code Base	Run Super-Linter	2026-09-20T16:07:42.9059235Z     4 4 │   export async function POST() {
Lint Code Base	Run Super-Linter	2026-09-20T16:07:42.9059433Z     5   │ - ··const·res·=·NextResponse.json({·ok:·true·});
Lint Code Base	Run Super-Linter	2026-09-20T16:07:42.9059689Z     6   │ - ··res.cookies.set(SESSION_COOKIE,·"",·{·path:·"/",·maxAge:·0·});
Lint Code Base	Run Super-Linter	2026-09-20T16:07:42.9059990Z     7   │ - ··return·res;
Lint Code Base	Run Super-Linter	2026-09-20T16:07:42.9060177Z       5 │ + → const·res·=·NextResponse.json({·ok:·true·});
Lint Code Base	Run Super-Linter	2026-09-20T16:07:42.9060422Z       6 │ + → res.cookies.set(SESSION_COOKIE,·"",·{·path:·"/",·maxAge:·0·});
Lint Code Base	Run Super-Linter	2026-09-20T16:07:42.9060532Z       7 │ + → return·res;
Lint Code Base	Run Super-Linter	2026-09-20T16:07:42.9060629Z     8 8 │   }
Lint Code Base	Run Super-Linter	2026-09-20T16:07:42.9060719Z     9 9 │   
Lint Code Base	Run Super-Linter	2026-09-20T16:07:42.9060792Z   
Lint Code Base	Run Super-Linter	2026-09-20T16:07:42.9060797Z 
Lint Code Base	Run Super-Linter	2026-09-20T16:07:42.9061204Z package.json format ━━━━━━━━━━━━━━━━━━━━━━━━━━━━━━━━━━━━━━━━━━━━━━━━━━━━━━━━━━━━━━━━━━━━━━━━━━━━━━━━
Lint Code Base	Run Super-Linter	2026-09-20T16:07:42.9061209Z 
Lint Code Base	Run Super-Linter	2026-09-20T16:07:42.9061386Z   × Formatter would have printed the following content:
Lint Code Base	Run Super-Linter	2026-09-20T16:07:42.9061462Z   
Lint Code Base	Run Super-Linter	2026-09-20T16:07:42.9061555Z      1  1 │   {
Lint Code Base	Run Super-Linter	2026-09-20T16:07:42.9061720Z      2    │ - ··"name":·"ghost-invoice-hunter",
Lint Code Base	Run Super-Linter	2026-09-20T16:07:42.9061847Z      3    │ - ··"version":·"0.1.0",
Lint Code Base	Run Super-Linter	2026-09-20T16:07:42.9061975Z      4    │ - ··"private":·true,
Lint Code Base	Run Super-Linter	2026-09-20T16:07:42.9062228Z      5    │ - ··"scripts":·{
Lint Code Base	Run Super-Linter	2026-09-20T16:07:42.9062372Z      6    │ - ····"dev":·"next·dev",
Lint Code Base	Run Super-Linter	2026-09-20T16:07:42.9062514Z      7    │ - ····"build":·"next·build",
Lint Code Base	Run Super-Linter	2026-09-20T16:07:42.9062646Z      8    │ - ····"start":·"next·start",
Lint Code Base	Run Super-Linter	2026-09-20T16:07:42.9062821Z      9    │ - ····"postinstall":·"prisma·generate",
Lint Code Base	Run Super-Linter	2026-09-20T16:07:42.9062978Z     10    │ - ····"db:push":·"prisma·db·push",
Lint Code Base	Run Super-Linter	2026-09-20T16:07:42.9063138Z     11    │ - ····"db:seed":·"tsx·prisma/seed.ts"
Lint Code Base	Run Super-Linter	2026-09-20T16:07:42.9063286Z     12    │ - ··},
Lint Code Base	Run Super-Linter	2026-09-20T16:07:42.9063414Z     13    │ - ··"dependencies":·{
Lint Code Base	Run Super-Linter	2026-09-20T16:07:42.9063614Z     14    │ - ····"@prisma/client":·"^5.20.0",
Lint Code Base	Run Super-Linter	2026-09-20T16:07:42.9063779Z     15    │ - ····"bcryptjs":·"^2.4.3",
Lint Code Base	Run Super-Linter	2026-09-20T16:07:42.9063940Z     16    │ - ····"jose":·"^5.9.6",
Lint Code Base	Run Super-Linter	2026-09-20T16:07:42.9064244Z     17    │ - ····"lucide-react":·"^0.446.0",
Lint Code Base	Run Super-Linter	2026-09-20T16:07:42.9064380Z     18    │ - ····"next":·"^16.3.4",
Lint Code Base	Run Super-Linter	2026-09-20T16:07:42.9064522Z     19    │ - ····"next-themes":·"^0.3.0",
Lint Code Base	Run Super-Linter	2026-09-20T16:07:42.9064669Z     20    │ - ····"react":·"^19.0.0",
Lint Code Base	Run Super-Linter	2026-09-20T16:07:42.9064821Z     21    │ - ····"react-dom":·"^19.0.0",
Lint Code Base	Run Super-Linter	2026-09-20T16:07:42.9064944Z     22    │ - ····"xlsx":·"^0.18.5",
Lint Code Base	Run Super-Linter	2026-09-20T16:07:42.9065072Z     23    │ - ····"zod":·"^3.23.8"
Lint Code Base	Run Super-Linter	2026-09-20T16:07:42.9065171Z     24    │ - ··},
Lint Code Base	Run Super-Linter	2026-09-20T16:07:42.9065302Z     25    │ - ··"devDependencies":·{
Lint Code Base	Run Super-Linter	2026-09-20T16:07:42.9065462Z     26    │ - ····"@tailwindcss/postcss":·"^4.0.0",
Lint Code Base	Run Super-Linter	2026-09-20T16:07:42.9065612Z     27    │ - ····"@types/bcryptjs":·"^2.4.6",
Lint Code Base	Run Super-Linter	2026-09-20T16:07:42.9065758Z     28    │ - ····"@types/node":·"^20.16.10",
Lint Code Base	Run Super-Linter	2026-09-20T16:07:42.9065893Z     29    │ - ····"@types/react":·"^19.0.0",
Lint Code Base	Run Super-Linter	2026-09-20T16:07:42.9066047Z     30    │ - ····"@types/react-dom":·"^19.0.0",
Lint Code Base	Run Super-Linter	2026-09-20T16:07:42.9066176Z     31    │ - ····"prisma":·"^5.20.0",
Lint Code Base	Run Super-Linter	2026-09-20T16:07:42.9066315Z     32    │ - ····"tailwindcss":·"^4.0.0",
Lint Code Base	Run Super-Linter	2026-09-20T16:07:42.9066436Z     33    │ - ····"tsx":·"^4.19.1",
Lint Code Base	Run Super-Linter	2026-09-20T16:07:42.9066575Z     34    │ - ····"typescript":·"^5.6.2"
Lint Code Base	Run Super-Linter	2026-09-20T16:07:42.9066697Z     35    │ - ··}
Lint Code Base	Run Super-Linter	2026-09-20T16:07:42.9066859Z         2 │ + → "name":·"ghost-invoice-hunter",
Lint Code Base	Run Super-Linter	2026-09-20T16:07:42.9066988Z         3 │ + → "version":·"0.1.0",
Lint Code Base	Run Super-Linter	2026-09-20T16:07:42.9067107Z         4 │ + → "private":·true,
Lint Code Base	Run Super-Linter	2026-09-20T16:07:42.9067227Z         5 │ + → "scripts":·{
Lint Code Base	Run Super-Linter	2026-09-20T16:07:42.9067347Z         6 │ + → → "dev":·"next·dev",
Lint Code Base	Run Super-Linter	2026-09-20T16:07:42.9067483Z         7 │ + → → "build":·"next·build",
Lint Code Base	Run Super-Linter	2026-09-20T16:07:42.9067607Z         8 │ + → → "start":·"next·start",
Lint Code Base	Run Super-Linter	2026-09-20T16:07:42.9067767Z         9 │ + → → "postinstall":·"prisma·generate",
Lint Code Base	Run Super-Linter	2026-09-20T16:07:42.9067922Z        10 │ + → → "db:push":·"prisma·db·push",
Lint Code Base	Run Super-Linter	2026-09-20T16:07:42.9068070Z        11 │ + → → "db:seed":·"tsx·prisma/seed.ts"
Lint Code Base	Run Super-Linter	2026-09-20T16:07:42.9068170Z        12 │ + → },
Lint Code Base	Run Super-Linter	2026-09-20T16:07:42.9068290Z        13 │ + → "dependencies":·{
Lint Code Base	Run Super-Linter	2026-09-20T16:07:42.9068436Z        14 │ + → → "@prisma/client":·"^5.20.0",
Lint Code Base	Run Super-Linter	2026-09-20T16:07:42.9068560Z        15 │ + → → "bcryptjs":·"^2.4.3",
Lint Code Base	Run Super-Linter	2026-09-20T16:07:42.9068701Z        16 │ + → → "jose":·"^5.9.6",
Lint Code Base	Run Super-Linter	2026-09-20T16:07:42.9068984Z        17 │ + → → "lucide-react":·"^0.446.0",
Lint Code Base	Run Super-Linter	2026-09-20T16:07:42.9069101Z        18 │ + → → "next":·"^16.3.4",
Lint Code Base	Run Super-Linter	2026-09-20T16:07:42.9069231Z        19 │ + → → "next-themes":·"^0.3.0",
Lint Code Base	Run Super-Linter	2026-09-20T16:07:42.9069349Z        20 │ + → → "react":·"^19.0.0",
Lint Code Base	Run Super-Linter	2026-09-20T16:07:42.9069478Z        21 │ + → → "react-dom":·"^19.0.0",
Lint Code Base	Run Super-Linter	2026-09-20T16:07:42.9069593Z        22 │ + → → "xlsx":·"^0.18.5",
Lint Code Base	Run Super-Linter	2026-09-20T16:07:42.9069712Z        23 │ + → → "zod":·"^3.23.8"
Lint Code Base	Run Super-Linter	2026-09-20T16:07:42.9069805Z        24 │ + → },
Lint Code Base	Run Super-Linter	2026-09-20T16:07:42.9069930Z        25 │ + → "devDependencies":·{
Lint Code Base	Run Super-Linter	2026-09-20T16:07:42.9070084Z        26 │ + → → "@tailwindcss/postcss":·"^4.0.0",
Lint Code Base	Run Super-Linter	2026-09-20T16:07:42.9070223Z        27 │ + → → "@types/bcryptjs":·"^2.4.6",
Lint Code Base	Run Super-Linter	2026-09-20T16:07:42.9070359Z        28 │ + → → "@types/node":·"^20.16.10",
Lint Code Base	Run Super-Linter	2026-09-20T16:07:42.9070487Z        29 │ + → → "@types/react":·"^19.0.0",
Lint Code Base	Run Super-Linter	2026-09-20T16:07:42.9070632Z        30 │ + → → "@types/react-dom":·"^19.0.0",
Lint Code Base	Run Super-Linter	2026-09-20T16:07:42.9070881Z        31 │ + → → "prisma":·"^5.20.0",
Lint Code Base	Run Super-Linter	2026-09-20T16:07:42.9071024Z        32 │ + → → "tailwindcss":·"^4.0.0",
Lint Code Base	Run Super-Linter	2026-09-20T16:07:42.9071143Z        33 │ + → → "tsx":·"^4.19.1",
Lint Code Base	Run Super-Linter	2026-09-20T16:07:42.9071266Z        34 │ + → → "typescript":·"^5.6.2"
Lint Code Base	Run Super-Linter	2026-09-20T16:07:42.9071366Z        35 │ + → }
Lint Code Base	Run Super-Linter	2026-09-20T16:07:42.9071459Z     36 36 │   }
Lint Code Base	Run Super-Linter	2026-09-20T16:07:42.9071558Z     37 37 │   
Lint Code Base	Run Super-Linter	2026-09-20T16:07:42.9071624Z   
Lint Code Base	Run Super-Linter	2026-09-20T16:07:42.9071629Z 
Lint Code Base	Run Super-Linter	2026-09-20T16:07:42.9072033Z prisma/seed.ts format ━━━━━━━━━━━━━━━━━━━━━━━━━━━━━━━━━━━━━━━━━━━━━━━━━━━━━━━━━━━━━━━━━━━━━━━━━━━━━━
Lint Code Base	Run Super-Linter	2026-09-20T16:07:42.9072040Z 
Lint Code Base	Run Super-Linter	2026-09-20T16:07:42.9072221Z   × Formatter would have printed the following content:
Lint Code Base	Run Super-Linter	2026-09-20T16:07:42.9072288Z   
Lint Code Base	Run Super-Linter	2026-09-20T16:07:42.9072387Z       9   9 │   
Lint Code Base	Run Super-Linter	2026-09-20T16:07:42.9072512Z      10  10 │   async function main() {
Lint Code Base	Run Super-Linter	2026-09-20T16:07:42.9072795Z      11     │ - ··const·passwordHash·=·await·bcrypt.hash("password123",·10);
Lint Code Base	Run Super-Linter	2026-09-20T16:07:42.9073069Z          11 │ + → const·passwordHash·=·await·bcrypt.hash("password123",·10);
Lint Code Base	Run Super-Linter	2026-09-20T16:07:42.9073182Z      12  12 │   
Lint Code Base	Run Super-Linter	2026-09-20T16:07:42.9073433Z      13     │ - ··const·environment·=·await·prisma.environment.create({
Lint Code Base	Run Super-Linter	2026-09-20T16:07:42.9073550Z      14     │ - ····data:·{
Lint Code Base	Run Super-Linter	2026-09-20T16:07:42.9073741Z      15     │ - ······name:·"Acme·Financial·Operations",
Lint Code Base	Run Super-Linter	2026-09-20T16:07:42.9073894Z      16     │ - ······toleranceThreshold:·5.0,
Lint Code Base	Run Super-Linter	2026-09-20T16:07:42.9074016Z      17     │ - ······users:·{
Lint Code Base	Run Super-Linter	2026-09-20T16:07:42.9074286Z      18     │ - ········create:·[
Lint Code Base	Run Super-Linter	2026-09-20T16:07:42.9074559Z      19     │ - ··········{
Lint Code Base	Run Super-Linter	2026-09-20T16:07:42.9074753Z      20     │ - ············name:·"Sarah·K.",
Lint Code Base	Run Super-Linter	2026-09-20T16:07:42.9074932Z      21     │ - ············email:·"sarah@acme.test",
Lint Code Base	Run Super-Linter	2026-09-20T16:07:42.9075077Z      22     │ - ············passwordHash,
Lint Code Base	Run Super-Linter	2026-09-20T16:07:42.9075217Z      23     │ - ············role:·"MASTER",
Lint Code Base	Run Super-Linter	2026-09-20T16:07:42.9075341Z      24     │ - ··········},
Lint Code Base	Run Super-Linter	2026-09-20T16:07:42.9075456Z      25     │ - ··········{
Lint Code Base	Run Super-Linter	2026-09-20T16:07:42.9075631Z      26     │ - ············name:·"Jane·A.",
Lint Code Base	Run Super-Linter	2026-09-20T16:07:42.9075956Z      27     │ - ············email:·"jane@acme.test",
Lint Code Base	Run Super-Linter	2026-09-20T16:07:42.9076097Z      28     │ - ············passwordHash,
Lint Code Base	Run Super-Linter	2026-09-20T16:07:42.9076237Z      29     │ - ············role:·"ADMIN",
Lint Code Base	Run Super-Linter	2026-09-20T16:07:42.9076355Z      30     │ - ··········},
Lint Code Base	Run Super-Linter	2026-09-20T16:07:42.9076475Z      31     │ - ··········{
Lint Code Base	Run Super-Linter	2026-09-20T16:07:42.9076614Z      32     │ - ············name:·"Bob·V.",
Lint Code Base	Run Super-Linter	2026-09-20T16:07:42.9076774Z      33     │ - ············email:·"bob@acme.test",
Lint Code Base	Run Super-Linter	2026-09-20T16:07:42.9076912Z      34     │ - ············passwordHash,
Lint Code Base	Run Super-Linter	2026-09-20T16:07:42.9077054Z      35     │ - ············role:·"VIEWER",
Lint Code Base	Run Super-Linter	2026-09-20T16:07:42.9077175Z      36     │ - ··········},
Lint Code Base	Run Super-Linter	2026-09-20T16:07:42.9077292Z      37     │ - ········],
Lint Code Base	Run Super-Linter	2026-09-20T16:07:42.9077409Z      38     │ - ······},
Lint Code Base	Run Super-Linter	2026-09-20T16:07:42.9077514Z      39     │ - ····},
Lint Code Base	Run Super-Linter	2026-09-20T16:07:42.9077663Z      40     │ - ····include:·{·users:·true·},
Lint Code Base	Run Super-Linter	2026-09-20T16:07:42.9077895Z      41     │ - ··});
Lint Code Base	Run Super-Linter	2026-09-20T16:07:42.9078224Z      42     │ - ··const·master·=·environment.users.find((u)·=>·u.role·===·"MASTER")!;
Lint Code Base	Run Super-Linter	2026-09-20T16:07:42.9078462Z          13 │ + → const·environment·=·await·prisma.environment.create({
Lint Code Base	Run Super-Linter	2026-09-20T16:07:42.9078576Z          14 │ + → → data:·{
Lint Code Base	Run Super-Linter	2026-09-20T16:07:42.9078758Z          15 │ + → → → name:·"Acme·Financial·Operations",
Lint Code Base	Run Super-Linter	2026-09-20T16:07:42.9078900Z          16 │ + → → → toleranceThreshold:·5.0,
Lint Code Base	Run Super-Linter	2026-09-20T16:07:42.9079018Z          17 │ + → → → users:·{
Lint Code Base	Run Super-Linter	2026-09-20T16:07:42.9079134Z          18 │ + → → → → create:·[
Lint Code Base	Run Super-Linter	2026-09-20T16:07:42.9079244Z          19 │ + → → → → → {
Lint Code Base	Run Super-Linter	2026-09-20T16:07:42.9079376Z          20 │ + → → → → → → name:·"Sarah·K.",
Lint Code Base	Run Super-Linter	2026-09-20T16:07:42.9079534Z          21 │ + → → → → → → email:·"sarah@acme.test",
Lint Code Base	Run Super-Linter	2026-09-20T16:07:42.9079665Z          22 │ + → → → → → → passwordHash,
Lint Code Base	Run Super-Linter	2026-09-20T16:07:42.9079792Z          23 │ + → → → → → → role:·"MASTER",
Lint Code Base	Run Super-Linter	2026-09-20T16:07:42.9079905Z          24 │ + → → → → → },
Lint Code Base	Run Super-Linter	2026-09-20T16:07:42.9080031Z          25 │ + → → → → → {
Lint Code Base	Run Super-Linter	2026-09-20T16:07:42.9080179Z          26 │ + → → → → → → name:·"Jane·A.",
Lint Code Base	Run Super-Linter	2026-09-20T16:07:42.9080328Z          27 │ + → → → → → → email:·"jane@acme.test",
Lint Code Base	Run Super-Linter	2026-09-20T16:07:42.9080455Z          28 │ + → → → → → → passwordHash,
Lint Code Base	Run Super-Linter	2026-09-20T16:07:42.9080583Z          29 │ + → → → → → → role:·"ADMIN",
Lint Code Base	Run Super-Linter	2026-09-20T16:07:42.9080687Z          30 │ + → → → → → },
Lint Code Base	Run Super-Linter	2026-09-20T16:07:42.9080793Z          31 │ + → → → → → {
Lint Code Base	Run Super-Linter	2026-09-20T16:07:42.9080917Z          32 │ + → → → → → → name:·"Bob·V.",
Lint Code Base	Run Super-Linter	2026-09-20T16:07:42.9081066Z          33 │ + → → → → → → email:·"bob@acme.test",
Lint Code Base	Run Super-Linter	2026-09-20T16:07:42.9081186Z          34 │ + → → → → → → passwordHash,
Lint Code Base	Run Super-Linter	2026-09-20T16:07:42.9081354Z          35 │ + → → → → → → role:·"VIEWER",
Lint Code Base	Run Super-Linter	2026-09-20T16:07:42.9081460Z          36 │ + → → → → → },
Lint Code Base	Run Super-Linter	2026-09-20T16:07:42.9081568Z          37 │ + → → → → ],
Lint Code Base	Run Super-Linter	2026-09-20T16:07:42.9081672Z          38 │ + → → → },
Lint Code Base	Run Super-Linter	2026-09-20T16:07:42.9081769Z          39 │ + → → },
Lint Code Base	Run Super-Linter	2026-09-20T16:07:42.9081930Z          40 │ + → → include:·{·users:·true·},
Lint Code Base	Run Super-Linter	2026-09-20T16:07:42.9082039Z          41 │ + → });
Lint Code Base	Run Super-Linter	2026-09-20T16:07:42.9082338Z          42 │ + → const·master·=·environment.users.find((u)·=>·u.role·===·"MASTER")!;
Lint Code Base	Run Super-Linter	2026-09-20T16:07:42.9082433Z      43  43 │   
Lint Code Base	Run Super-Linter	2026-09-20T16:07:42.9082627Z      44     │ - ··const·david·=·await·prisma.user.create({
Lint Code Base	Run Super-Linter	2026-09-20T16:07:42.9082745Z      45     │ - ····data:·{
Lint Code Base	Run Super-Linter	2026-09-20T16:07:42.9082877Z      46     │ - ······name:·"David·M.",
Lint Code Base	Run Super-Linter	2026-09-20T16:07:42.9083029Z      47     │ - ······email:·"david@acme.test",
Lint Code Base	Run Super-Linter	2026-09-20T16:07:42.9083158Z      48     │ - ······passwordHash,
Lint Code Base	Run Super-Linter	2026-09-20T16:07:42.9083295Z      49     │ - ······role:·"UPLOADER",
Lint Code Base	Run Super-Linter	2026-09-20T16:07:42.9083459Z      50     │ - ······environmentId:·environment.id,
Lint Code Base	Run Super-Linter	2026-09-20T16:07:42.9083569Z      51     │ - ····},
Lint Code Base	Run Super-Linter	2026-09-20T16:07:42.9083671Z      52     │ - ··});
Lint Code Base	Run Super-Linter	2026-09-20T16:07:42.9083855Z          44 │ + → const·david·=·await·prisma.user.create({
Lint Code Base	Run Super-Linter	2026-09-20T16:07:42.9083967Z          45 │ + → → data:·{
Lint Code Base	Run Super-Linter	2026-09-20T16:07:42.9084485Z          46 │ + → → → name:·"David·M.",
Lint Code Base	Run Super-Linter	2026-09-20T16:07:42.9084784Z          47 │ + → → → email:·"david@acme.test",
Lint Code Base	Run Super-Linter	2026-09-20T16:07:42.9084906Z          48 │ + → → → passwordHash,
Lint Code Base	Run Super-Linter	2026-09-20T16:07:42.9085033Z          49 │ + → → → role:·"UPLOADER",
Lint Code Base	Run Super-Linter	2026-09-20T16:07:42.9085191Z          50 │ + → → → environmentId:·environment.id,
Lint Code Base	Run Super-Linter	2026-09-20T16:07:42.9085295Z          51 │ + → → },
Lint Code Base	Run Super-Linter	2026-09-20T16:07:42.9085397Z          52 │ + → });
Lint Code Base	Run Super-Linter	2026-09-20T16:07:42.9085490Z      53  53 │   
Lint Code Base	Run Super-Linter	2026-09-20T16:07:42.9085746Z      54     │ - ··const·acmeLogistics·=·await·prisma.business.create({
Lint Code Base	Run Super-Linter	2026-09-20T16:07:42.9085860Z      55     │ - ····data:·{
Lint Code Base	Run Super-Linter	2026-09-20T16:07:42.9086014Z      56     │ - ······name:·"Acme·Logistics",
Lint Code Base	Run Super-Linter	2026-09-20T16:07:42.9086157Z      57     │ - ······vendorCode:·"VEN-1001",
Lint Code Base	Run Super-Linter	2026-09-20T16:07:42.9086330Z      58     │ - ······environmentId:·environment.id,
Lint Code Base	Run Super-Linter	2026-09-20T16:07:42.9086435Z      59     │ - ····},
Lint Code Base	Run Super-Linter	2026-09-20T16:07:42.9086543Z      60     │ - ··});
Lint Code Base	Run Super-Linter	2026-09-20T16:07:42.9086800Z      61     │ - ··const·globalTech·=·await·prisma.business.create({
Lint Code Base	Run Super-Linter	2026-09-20T16:07:42.9086984Z      62     │ - ····data:·{
Lint Code Base	Run Super-Linter	2026-09-20T16:07:42.9087169Z      63     │ - ······name:·"Global·Tech·Inc",
Lint Code Base	Run Super-Linter	2026-09-20T16:07:42.9087348Z      64     │ - ······vendorCode:·"VEN-1002",
Lint Code Base	Run Super-Linter	2026-09-20T16:07:42.9087570Z      65     │ - ······environmentId:·environment.id,
Lint Code Base	Run Super-Linter	2026-09-20T16:07:42.9087684Z      66     │ - ····},
Lint Code Base	Run Super-Linter	2026-09-20T16:07:42.9087787Z      67     │ - ··});
Lint Code Base	Run Super-Linter	2026-09-20T16:07:42.9088015Z      68     │ - ··const·vertexCloud·=·await·prisma.business.create({
Lint Code Base	Run Super-Linter	2026-09-20T16:07:42.9088131Z      69     │ - ····data:·{
Lint Code Base	Run Super-Linter	2026-09-20T16:07:42.9088291Z      70     │ - ······name:·"Vertex·Cloud·Services",
Lint Code Base	Run Super-Linter	2026-09-20T16:07:42.9088439Z      71     │ - ······vendorCode:·"VEN-1003",
Lint Code Base	Run Super-Linter	2026-09-20T16:07:42.9088596Z      72     │ - ······environmentId:·environment.id,
Lint Code Base	Run Super-Linter	2026-09-20T16:07:42.9088711Z      73     │ - ····},
Lint Code Base	Run Super-Linter	2026-09-20T16:07:42.9088812Z      74     │ - ··});
Lint Code Base	Run Super-Linter	2026-09-20T16:07:42.9089045Z          54 │ + → const·acmeLogistics·=·await·prisma.business.create({
Lint Code Base	Run Super-Linter	2026-09-20T16:07:42.9089182Z          55 │ + → → data:·{
Lint Code Base	Run Super-Linter	2026-09-20T16:07:42.9089325Z          56 │ + → → → name:·"Acme·Logistics",
Lint Code Base	Run Super-Linter	2026-09-20T16:07:42.9089463Z          57 │ + → → → vendorCode:·"VEN-1001",
Lint Code Base	Run Super-Linter	2026-09-20T16:07:42.9089614Z          58 │ + → → → environmentId:·environment.id,
Lint Code Base	Run Super-Linter	2026-09-20T16:07:42.9089722Z          59 │ + → → },
Lint Code Base	Run Super-Linter	2026-09-20T16:07:42.9089820Z          60 │ + → });
Lint Code Base	Run Super-Linter	2026-09-20T16:07:42.9090035Z          61 │ + → const·globalTech·=·await·prisma.business.create({
Lint Code Base	Run Super-Linter	2026-09-20T16:07:42.9090141Z          62 │ + → → data:·{
Lint Code Base	Run Super-Linter	2026-09-20T16:07:42.9090290Z          63 │ + → → → name:·"Global·Tech·Inc",
Lint Code Base	Run Super-Linter	2026-09-20T16:07:42.9090429Z          64 │ + → → → vendorCode:·"VEN-1002",
Lint Code Base	Run Super-Linter	2026-09-20T16:07:42.9090579Z          65 │ + → → → environmentId:·environment.id,
Lint Code Base	Run Super-Linter	2026-09-20T16:07:42.9090684Z          66 │ + → → },
Lint Code Base	Run Super-Linter	2026-09-20T16:07:42.9090779Z          67 │ + → });
Lint Code Base	Run Super-Linter	2026-09-20T16:07:42.9090996Z          68 │ + → const·vertexCloud·=·await·prisma.business.create({
Lint Code Base	Run Super-Linter	2026-09-20T16:07:42.9091118Z          69 │ + → → data:·{
Lint Code Base	Run Super-Linter	2026-09-20T16:07:42.9091398Z          70 │ + → → → name:·"Vertex·Cloud·Services",
Lint Code Base	Run Super-Linter	2026-09-20T16:07:42.9091536Z          71 │ + → → → vendorCode:·"VEN-1003",
Lint Code Base	Run Super-Linter	2026-09-20T16:07:42.9091684Z          72 │ + → → → environmentId:·environment.id,
Lint Code Base	Run Super-Linter	2026-09-20T16:07:42.9091788Z          73 │ + → → },
Lint Code Base	Run Super-Linter	2026-09-20T16:07:42.9091911Z          74 │ + → });
Lint Code Base	Run Super-Linter	2026-09-20T16:07:42.9092019Z      75  75 │   
Lint Code Base	Run Super-Linter	2026-09-20T16:07:42.9092388Z      76     │ - ··//·---·Acme·Logistics:·PO·->·Invoice·with·a·price·discrepancy·---
Lint Code Base	Run Super-Linter	2026-09-20T16:07:42.9092600Z      77     │ - ··await·prisma.document.create({
Lint Code Base	Run Super-Linter	2026-09-20T16:07:42.9092714Z      78     │ - ····data:·{
Lint Code Base	Run Super-Linter	2026-09-20T16:07:42.9092861Z      79     │ - ······type:·"PURCHASE_ORDER",
Lint Code Base	Run Super-Linter	2026-09-20T16:07:42.9093008Z      80     │ - ······reference:·"PO-8825",
Lint Code Base	Run Super-Linter	2026-09-20T16:07:42.9093157Z      81     │ - ······fileName:·"po-8825.xlsx",
Lint Code Base	Run Super-Linter	2026-09-20T16:07:42.9093298Z      82     │ - ······totalAmount:·12000,
Lint Code Base	Run Super-Linter	2026-09-20T16:07:42.9093428Z      83     │ - ······status:·"Matched",
Lint Code Base	Run Super-Linter	2026-09-20T16:07:42.9093780Z      84     │ - ······environmentId:·environment.id,
Lint Code Base	Run Super-Linter	2026-09-20T16:07:42.9093954Z      85     │ - ······businessId:·acmeLogistics.id,
Lint Code Base	Run Super-Linter	2026-09-20T16:07:42.9094248Z      86     │ - ······uploadedById:·master.id,
Lint Code Base	Run Super-Linter	2026-09-20T16:07:42.9094410Z      87     │ - ······lineItems:·{
Lint Code Base	Run Super-Linter	2026-09-20T16:07:42.9094534Z      88     │ - ········create:·[
Lint Code Base	Run Super-Linter	2026-09-20T16:07:42.9094657Z      89     │ - ··········{
Lint Code Base	Run Super-Linter	2026-09-20T16:07:42.9094878Z      90     │ - ············description:·"Freight·services·—·Q3",
Lint Code Base	Run Super-Linter	2026-09-20T16:07:42.9095021Z      91     │ - ············quantity:·1,
Lint Code Base	Run Super-Linter	2026-09-20T16:07:42.9095167Z      92     │ - ············unitPrice:·12000,
Lint Code Base	Run Super-Linter	2026-09-20T16:07:42.9095311Z      93     │ - ············amount:·12000,
Lint Code Base	Run Super-Linter	2026-09-20T16:07:42.9095438Z      94     │ - ··········},
Lint Code Base	Run Super-Linter	2026-09-20T16:07:42.9095552Z      95     │ - ········],
Lint Code Base	Run Super-Linter	2026-09-20T16:07:42.9095667Z      96     │ - ······},
Lint Code Base	Run Super-Linter	2026-09-20T16:07:42.9095771Z      97     │ - ····},
Lint Code Base	Run Super-Linter	2026-09-20T16:07:42.9095859Z   327 more lines truncated
Lint Code Base	Run Super-Linter	2026-09-20T16:07:42.9095950Z   
Lint Code Base	Run Super-Linter	2026-09-20T16:07:42.9095966Z 
Lint Code Base	Run Super-Linter	2026-09-20T16:07:42.9096380Z scripts/.github-monitor-state.json format ━━━━━━━━━━━━━━━━━━━━━━━━━━━━━━━━━━━━━━━━━━━━━━━━━━━━━━━━━━
Lint Code Base	Run Super-Linter	2026-09-20T16:07:42.9096387Z 
Lint Code Base	Run Super-Linter	2026-09-20T16:07:42.9096572Z   × Formatter would have printed the following content:
Lint Code Base	Run Super-Linter	2026-09-20T16:07:42.9096640Z   
Lint Code Base	Run Super-Linter	2026-09-20T16:07:42.9096740Z     1 1 │   {
Lint Code Base	Run Super-Linter	2026-09-20T16:07:42.9096863Z     2   │ - ··"reportedRuns":·[
Lint Code Base	Run Super-Linter	2026-09-20T16:07:42.9097128Z     3   │ - ····35498737211,·35498735267,·35498735264,·35465944811,·35465944799,
Lint Code Base	Run Super-Linter	2026-09-20T16:07:42.9097368Z     4   │ - ····35502575215,·35502575211,·35502575187,·35502573322,·35502573318,
Lint Code Base	Run Super-Linter	2026-09-20T16:07:42.9097529Z     5   │ - ····35503403728,·35503403733,·35503400943
Lint Code Base	Run Super-Linter	2026-09-20T16:07:42.9097637Z     6   │ - ··],
Lint Code Base	Run Super-Linter	2026-09-20T16:07:42.9097768Z     7   │ - ··"reportedComments":·[]
Lint Code Base	Run Super-Linter	2026-09-20T16:07:42.9097893Z       2 │ + → "reportedRuns":·[
Lint Code Base	Run Super-Linter	2026-09-20T16:07:42.9098124Z       3 │ + → → 35498737211,·35498735267,·35498735264,·35465944811,·35465944799,
Lint Code Base	Run Super-Linter	2026-09-20T16:07:42.9098377Z       4 │ + → → 35502575215,·35502575211,·35502575187,·35502573322,·35502573318,
Lint Code Base	Run Super-Linter	2026-09-20T16:07:42.9098533Z       5 │ + → → 35503403728,·35503403733,·35503400943
Lint Code Base	Run Super-Linter	2026-09-20T16:07:42.9098632Z       6 │ + → ],
Lint Code Base	Run Super-Linter	2026-09-20T16:07:42.9098758Z       7 │ + → "reportedComments":·[]
Lint Code Base	Run Super-Linter	2026-09-20T16:07:42.9098856Z     8 8 │   }
Lint Code Base	Run Super-Linter	2026-09-20T16:07:42.9098955Z     9 9 │   
Lint Code Base	Run Super-Linter	2026-09-20T16:07:42.9099023Z   
Lint Code Base	Run Super-Linter	2026-09-20T16:07:42.9099028Z 
Lint Code Base	Run Super-Linter	2026-09-20T16:07:42.9099460Z scripts/github-monitor.js format ━━━━━━━━━━━━━━━━━━━━━━━━━━━━━━━━━━━━━━━━━━━━━━━━━━━━━━━━━━━━━━━━━━━
Lint Code Base	Run Super-Linter	2026-09-20T16:07:42.9099469Z 
Lint Code Base	Run Super-Linter	2026-09-20T16:07:42.9099683Z   × Formatter would have printed the following content:
Lint Code Base	Run Super-Linter	2026-09-20T16:07:42.9099774Z   
Lint Code Base	Run Super-Linter	2026-09-20T16:07:42.9099901Z       9   9 │   
Lint Code Base	Run Super-Linter	2026-09-20T16:07:42.9100054Z      10  10 │   let state = {
Lint Code Base	Run Super-Linter	2026-09-20T16:07:42.9100353Z      11     │ - ··reportedRuns:·{},·//·Map·of·runId·to·last·alerted·timestamp
Lint Code Base	Run Super-Linter	2026-09-20T16:07:42.9100649Z      12     │ - ··reportedComments:·{},·//·Map·of·commentId·to·last·alerted·timestamp
Lint Code Base	Run Super-Linter	2026-09-20T16:07:42.9101170Z          11 │ + → reportedRuns:·{},·//·Map·of·runId·to·last·alerted·timestamp
Lint Code Base	Run Super-Linter	2026-09-20T16:07:42.9101446Z          12 │ + → reportedComments:·{},·//·Map·of·commentId·to·last·alerted·timestamp
Lint Code Base	Run Super-Linter	2026-09-20T16:07:42.9101551Z      13  13 │   };
Lint Code Base	Run Super-Linter	2026-09-20T16:07:42.9101646Z      14  14 │   
Lint Code Base	Run Super-Linter	2026-09-20T16:07:42.9101777Z      15  15 │   // Load previous state
Lint Code Base	Run Super-Linter	2026-09-20T16:07:42.9101927Z      16  16 │   if (fs.existsSync(STATE_FILE)) {
Lint Code Base	Run Super-Linter	2026-09-20T16:07:42.9102038Z      17     │ - ··try·{
Lint Code Base	Run Super-Linter	2026-09-20T16:07:42.9102359Z      18     │ - ····const·loadedState·=·JSON.parse(fs.readFileSync(STATE_FILE,·"utf8"));
Lint Code Base	Run Super-Linter	2026-09-20T16:07:42.9102574Z      19     │ - ····if·(Array.isArray(loadedState.reportedRuns))·{
Lint Code Base	Run Super-Linter	2026-09-20T16:07:42.9102925Z      20     │ - ······loadedState.reportedRuns.forEach(id·=>·state.reportedRuns[id]·=·Date.now());
Lint Code Base	Run Super-Linter	2026-09-20T16:07:42.9103316Z      21     │ - ······loadedState.reportedComments.forEach(id·=>·state.reportedComments[id]·=·Date.now());
Lint Code Base	Run Super-Linter	2026-09-20T16:07:42.9103464Z      22     │ - ····}·else·{
Lint Code Base	Run Super-Linter	2026-09-20T16:07:42.9103629Z      23     │ - ······state·=·loadedState;
Lint Code Base	Run Super-Linter	2026-09-20T16:07:42.9103736Z      24     │ - ····}
Lint Code Base	Run Super-Linter	2026-09-20T16:07:42.9103863Z      25     │ - ··}·catch·(e)·{
Lint Code Base	Run Super-Linter	2026-09-20T16:07:42.9103980Z      26     │ - ····//·ignore
Lint Code Base	Run Super-Linter	2026-09-20T16:07:42.9104242Z      27     │ - ··}
Lint Code Base	Run Super-Linter	2026-09-20T16:07:42.9104449Z          17 │ + → try·{
Lint Code Base	Run Super-Linter	2026-09-20T16:07:42.9104813Z          18 │ + → → const·loadedState·=·JSON.parse(fs.readFileSync(STATE_FILE,·"utf8"));
Lint Code Base	Run Super-Linter	2026-09-20T16:07:42.9105025Z          19 │ + → → if·(Array.isArray(loadedState.reportedRuns))·{
Lint Code Base	Run Super-Linter	2026-09-20T16:07:42.9105197Z          20 │ + → → → loadedState.reportedRuns.forEach(
Lint Code Base	Run Super-Linter	2026-09-20T16:07:42.9105408Z          21 │ + → → → → (id)·=>·(state.reportedRuns[id]·=·Date.now()),
Lint Code Base	Run Super-Linter	2026-09-20T16:07:42.9105513Z          22 │ + → → → );
Lint Code Base	Run Super-Linter	2026-09-20T16:07:42.9105698Z          23 │ + → → → loadedState.reportedComments.forEach(
Lint Code Base	Run Super-Linter	2026-09-20T16:07:42.9105915Z          24 │ + → → → → (id)·=>·(state.reportedComments[id]·=·Date.now()),
Lint Code Base	Run Super-Linter	2026-09-20T16:07:42.9106066Z          25 │ + → → → );
Lint Code Base	Run Super-Linter	2026-09-20T16:07:42.9106183Z          26 │ + → → }·else·{
Lint Code Base	Run Super-Linter	2026-09-20T16:07:42.9106313Z          27 │ + → → → state·=·loadedState;
Lint Code Base	Run Super-Linter	2026-09-20T16:07:42.9106417Z          28 │ + → → }
Lint Code Base	Run Super-Linter	2026-09-20T16:07:42.9106531Z          29 │ + → }·catch·(e)·{
Lint Code Base	Run Super-Linter	2026-09-20T16:07:42.9106646Z          30 │ + → → //·ignore
Lint Code Base	Run Super-Linter	2026-09-20T16:07:42.9106742Z          31 │ + → }
Lint Code Base	Run Super-Linter	2026-09-20T16:07:42.9106844Z      28  32 │   }
Lint Code Base	Run Super-Linter	2026-09-20T16:07:42.9106938Z      29  33 │   
Lint Code Base	Run Super-Linter	2026-09-20T16:07:42.9107068Z      30  34 │   function saveState() {
Lint Code Base	Run Super-Linter	2026-09-20T16:07:42.9107339Z      31     │ - ··fs.writeFileSync(STATE_FILE,·JSON.stringify(state,·null,·2));
Lint Code Base	Run Super-Linter	2026-09-20T16:07:42.9107584Z          35 │ + → fs.writeFileSync(STATE_FILE,·JSON.stringify(state,·null,·2));
Lint Code Base	Run Super-Linter	2026-09-20T16:07:42.9107683Z      32  36 │   }
Lint Code Base	Run Super-Linter	2026-09-20T16:07:42.9107774Z      33  37 │   
Lint Code Base	Run Super-Linter	2026-09-20T16:07:42.9107907Z      34  38 │   function checkGitHub() {
Lint Code Base	Run Super-Linter	2026-09-20T16:07:42.9108014Z      35     │ - ··try·{
Lint Code Base	Run Super-Linter	2026-09-20T16:07:42.9108179Z      36     │ - ····const·now·=·Date.now();
Lint Code Base	Run Super-Linter	2026-09-20T16:07:42.9108488Z      37     │ - ····let·alertsThisTick·=·0;
Lint Code Base	Run Super-Linter	2026-09-20T16:07:42.9108592Z          39 │ + → try·{
Lint Code Base	Run Super-Linter	2026-09-20T16:07:42.9108728Z          40 │ + → → const·now·=·Date.now();
Lint Code Base	Run Super-Linter	2026-09-20T16:07:42.9108865Z          41 │ + → → let·alertsThisTick·=·0;
Lint Code Base	Run Super-Linter	2026-09-20T16:07:42.9108962Z      38  42 │   
Lint Code Base	Run Super-Linter	2026-09-20T16:07:42.9109149Z      39     │ - ····//·1.·Check·for·failed·workflow·runs
Lint Code Base	Run Super-Linter	2026-09-20T16:07:42.9109313Z      40     │ - ····const·runsOutput·=·execSync(
Lint Code Base	Run Super-Linter	2026-09-20T16:07:42.9109731Z      41     │ - ······"gh·run·list·--limit·15·--json·databaseId,status,conclusion,name,url,headBranch",
Lint Code Base	Run Super-Linter	2026-09-20T16:07:42.9109871Z      42     │ - ······{·encoding:·"utf8"·}
Lint Code Base	Run Super-Linter	2026-09-20T16:07:42.9109981Z      43     │ - ····);
Lint Code Base	Run Super-Linter	2026-09-20T16:07:42.9110160Z      44     │ - ····const·runs·=·JSON.parse(runsOutput);
Lint Code Base	Run Super-Linter	2026-09-20T16:07:42.9110340Z          43 │ + → → //·1.·Check·for·failed·workflow·runs
Lint Code Base	Run Super-Linter	2026-09-20T16:07:42.9110629Z          44 │ + → → const·runsOutput·=·execSync(
Lint Code Base	Run Super-Linter	2026-09-20T16:07:42.9111038Z          45 │ + → → → "gh·run·list·--limit·15·--json·databaseId,status,conclusion,name,url,headBranch",
Lint Code Base	Run Super-Linter	2026-09-20T16:07:42.9111179Z          46 │ + → → → {·encoding:·"utf8"·},
Lint Code Base	Run Super-Linter	2026-09-20T16:07:42.9111278Z          47 │ + → → );
Lint Code Base	Run Super-Linter	2026-09-20T16:07:42.9111451Z          48 │ + → → const·runs·=·JSON.parse(runsOutput);
Lint Code Base	Run Super-Linter	2026-09-20T16:07:42.9111546Z      45  49 │   
Lint Code Base	Run Super-Linter	2026-09-20T16:07:42.9111696Z      46     │ - ····const·latestRuns·=·{};
Lint Code Base	Run Super-Linter	2026-09-20T16:07:42.9111849Z      47     │ - ····for·(const·run·of·runs)·{
Lint Code Base	Run Super-Linter	2026-09-20T16:07:42.9112013Z      48     │ - ······if·(!latestRuns[run.name])·{
Lint Code Base	Run Super-Linter	2026-09-20T16:07:42.9112172Z      49     │ - ········latestRuns[run.name]·=·run;
Lint Code Base	Run Super-Linter	2026-09-20T16:07:42.9112287Z      50     │ - ······}
Lint Code Base	Run Super-Linter	2026-09-20T16:07:42.9112398Z      51     │ - ····}
Lint Code Base	Run Super-Linter	2026-09-20T16:07:42.9112533Z          50 │ + → → const·latestRuns·=·{};
Lint Code Base	Run Super-Linter	2026-09-20T16:07:42.9112679Z          51 │ + → → for·(const·run·of·runs)·{
Lint Code Base	Run Super-Linter	2026-09-20T16:07:42.9112849Z          52 │ + → → → if·(!latestRuns[run.name])·{
Lint Code Base	Run Super-Linter	2026-09-20T16:07:42.9113020Z          53 │ + → → → → latestRuns[run.name]·=·run;
Lint Code Base	Run Super-Linter	2026-09-20T16:07:42.9113120Z          54 │ + → → → }
Lint Code Base	Run Super-Linter	2026-09-20T16:07:42.9113224Z          55 │ + → → }
Lint Code Base	Run Super-Linter	2026-09-20T16:07:42.9113322Z      52  56 │   
Lint Code Base	Run Super-Linter	2026-09-20T16:07:42.9113521Z      53     │ - ····for·(const·workflowName·in·latestRuns)·{
Lint Code Base	Run Super-Linter	2026-09-20T16:07:42.9113767Z      54     │ - ······if·(alertsThisTick·>=·MAX_ALERTS_PER_TICK)·break;
Lint Code Base	Run Super-Linter	2026-09-20T16:07:42.9113951Z          57 │ + → → for·(const·workflowName·in·latestRuns)·{
Lint Code Base	Run Super-Linter	2026-09-20T16:07:42.9114464Z          58 │ + → → → if·(alertsThisTick·>=·MAX_ALERTS_PER_TICK)·break;
Lint Code Base	Run Super-Linter	2026-09-20T16:07:42.9114617Z      55  59 │   
Lint Code Base	Run Super-Linter	2026-09-20T16:07:42.9114820Z      56     │ - ······const·run·=·latestRuns[workflowName];
Lint Code Base	Run Super-Linter	2026-09-20T16:07:42.9115128Z      57     │ - ······if·(run.status·===·"completed"·&&·run.conclusion·===·"failure")·{
Lint Code Base	Run Super-Linter	2026-09-20T16:07:42.9115422Z      58     │ - ········const·lastAlerted·=·state.reportedRuns[run.databaseId]·||·0;
Lint Code Base	Run Super-Linter	2026-09-20T16:07:42.9115568Z      59     │ - ········
Lint Code Base	Run Super-Linter	2026-09-20T16:07:42.9115816Z      60     │ - ········if·(now·-·lastAlerted·>·REALERT_INTERVAL_MS)·{
Lint Code Base	Run Super-Linter	2026-09-20T16:07:42.9115956Z      61     │ - ··········console.log(
Lint Code Base	Run Super-Linter	2026-09-20T16:07:42.9116076Z      62     │ - ············`
Lint Code Base	Run Super-Linter	2026-09-20T16:07:42.9116259Z 🚨·HIGH·PRIORITY·ALERT:·Workflow·Failed!·🚨
Lint Code Base	Run Super-Linter	2026-09-20T16:07:42.9116374Z Workflow:·${run.name}
Lint Code Base	Run Super-Linter	2026-09-20T16:07:42.9116494Z Branch:·${run.headBranch}
Lint Code Base	Run Super-Linter	2026-09-20T16:07:42.9116599Z URL:·${run.url}
Lint Code Base	Run Super-Linter	2026-09-20T16:07:42.9116936Z Agent:·Please·fetch·the·logs·for·this·run,·identify·the·issue,·and·apply·a·fix.`
Lint Code Base	Run Super-Linter	2026-09-20T16:07:42.9117067Z      63     │ - ··········);
Lint Code Base	Run Super-Linter	2026-09-20T16:07:42.9117286Z      64     │ - ··········state.reportedRuns[run.databaseId]·=·now;
Lint Code Base	Run Super-Linter	2026-09-20T16:07:42.9117432Z      65     │ - ··········saveState();
Lint Code Base	Run Super-Linter	2026-09-20T16:07:42.9117575Z      66     │ - ··········alertsThisTick++;
Lint Code Base	Run Super-Linter	2026-09-20T16:07:42.9117696Z      67     │ - ········}
Lint Code Base	Run Super-Linter	2026-09-20T16:07:42.9117814Z      68     │ - ······}
Lint Code Base	Run Super-Linter	2026-09-20T16:07:42.9117943Z      69     │ - ····}
Lint Code Base	Run Super-Linter	2026-09-20T16:07:42.9118289Z          60 │ + → → → const·run·=·latestRuns[workflowName];
Lint Code Base	Run Super-Linter	2026-09-20T16:07:42.9118572Z          61 │ + → → → if·(run.status·===·"completed"·&&·run.conclusion·===·"failure")·{
Lint Code Base	Run Super-Linter	2026-09-20T16:07:42.9118854Z          62 │ + → → → → const·lastAlerted·=·state.reportedRuns[run.databaseId]·||·0;
Lint Code Base	Run Super-Linter	2026-09-20T16:07:42.9118948Z          63 │ + 
Lint Code Base	Run Super-Linter	2026-09-20T16:07:42.9119169Z          64 │ + → → → → if·(now·-·lastAlerted·>·REALERT_INTERVAL_MS)·{
Lint Code Base	Run Super-Linter	2026-09-20T16:07:42.9119297Z          65 │ + → → → → → console.log(
Lint Code Base	Run Super-Linter	2026-09-20T16:07:42.9119410Z          66 │ + → → → → → → `
Lint Code Base	Run Super-Linter	2026-09-20T16:07:42.9119579Z 🚨·HIGH·PRIORITY·ALERT:·Workflow·Failed!·🚨
Lint Code Base	Run Super-Linter	2026-09-20T16:07:42.9119687Z Workflow:·${run.name}
Lint Code Base	Run Super-Linter	2026-09-20T16:07:42.9119810Z Branch:·${run.headBranch}
Lint Code Base	Run Super-Linter	2026-09-20T16:07:42.9119907Z URL:·${run.url}
Lint Code Base	Run Super-Linter	2026-09-20T16:07:42.9120254Z Agent:·Please·fetch·the·logs·for·this·run,·identify·the·issue,·and·apply·a·fix.`,
Lint Code Base	Run Super-Linter	2026-09-20T16:07:42.9120383Z          67 │ + → → → → → );
Lint Code Base	Run Super-Linter	2026-09-20T16:07:42.9120718Z          68 │ + → → → → → state.reportedRuns[run.databaseId]·=·now;
Lint Code Base	Run Super-Linter	2026-09-20T16:07:42.9120863Z          69 │ + → → → → → saveState();
Lint Code Base	Run Super-Linter	2026-09-20T16:07:42.9120994Z          70 │ + → → → → → alertsThisTick++;
Lint Code Base	Run Super-Linter	2026-09-20T16:07:42.9121103Z          71 │ + → → → → }
Lint Code Base	Run Super-Linter	2026-09-20T16:07:42.9121212Z          72 │ + → → → }
Lint Code Base	Run Super-Linter	2026-09-20T16:07:42.9121311Z          73 │ + → → }
Lint Code Base	Run Super-Linter	2026-09-20T16:07:42.9121411Z      70  74 │   
Lint Code Base	Run Super-Linter	2026-09-20T16:07:42.9121674Z      71     │ - ····//·2.·Check·for·recent·PR·comments·or·requested·changes
Lint Code Base	Run Super-Linter	2026-09-20T16:07:42.9121845Z      72     │ - ····const·prsOutput·=·execSync(
Lint Code Base	Run Super-Linter	2026-09-20T16:07:42.9122084Z      73     │ - ······"gh·pr·list·--state·open·--json·number,title,url",
Lint Code Base	Run Super-Linter	2026-09-20T16:07:42.9122232Z      74     │ - ······{·encoding:·"utf8"·}
Lint Code Base	Run Super-Linter	2026-09-20T16:07:42.9122338Z      75     │ - ····);
Lint Code Base	Run Super-Linter	2026-09-20T16:07:42.9122523Z      76     │ - ····const·prs·=·JSON.parse(prsOutput);
Lint Code Base	Run Super-Linter	2026-09-20T16:07:42.9122812Z          75 │ + → → //·2.·Check·for·recent·PR·comments·or·requested·changes
Lint Code Base	Run Super-Linter	2026-09-20T16:07:42.9123023Z          76 │ + → → const·prsOutput·=·execSync(
Lint Code Base	Run Super-Linter	2026-09-20T16:07:42.9123323Z          77 │ + → → → "gh·pr·list·--state·open·--json·number,title,url",
Lint Code Base	Run Super-Linter	2026-09-20T16:07:42.9123501Z          78 │ + → → → {·encoding:·"utf8"·},
Lint Code Base	Run Super-Linter	2026-09-20T16:07:42.9123607Z          79 │ + → → );
Lint Code Base	Run Super-Linter	2026-09-20T16:07:42.9123773Z          80 │ + → → const·prs·=·JSON.parse(prsOutput);
Lint Code Base	Run Super-Linter	2026-09-20T16:07:42.9123875Z      77  81 │   
Lint Code Base	Run Super-Linter	2026-09-20T16:07:42.9124027Z      78     │ - ····for·(const·pr·of·prs)·{
Lint Code Base	Run Super-Linter	2026-09-20T16:07:42.9124536Z      79     │ - ······if·(alertsThisTick·>=·MAX_ALERTS_PER_TICK)·break;
Lint Code Base	Run Super-Linter	2026-09-20T16:07:42.9124691Z          82 │ + → → for·(const·pr·of·prs)·{
Lint Code Base	Run Super-Linter	2026-09-20T16:07:42.9124924Z          83 │ + → → → if·(alertsThisTick·>=·MAX_ALERTS_PER_TICK)·break;
Lint Code Base	Run Super-Linter	2026-09-20T16:07:42.9125030Z      80  84 │   
Lint Code Base	Run Super-Linter	2026-09-20T16:07:42.9125221Z      81     │ - ······const·prDetailsOutput·=·execSync(
Lint Code Base	Run Super-Linter	2026-09-20T16:07:42.9125481Z      82     │ - ········`gh·pr·view·${pr.number}·--json·reviews,comments`,
Lint Code Base	Run Super-Linter	2026-09-20T16:07:42.9125818Z      83     │ - ········{·encoding:·"utf8"·}
Lint Code Base	Run Super-Linter	2026-09-20T16:07:42.9125932Z      84     │ - ······);
Lint Code Base	Run Super-Linter	2026-09-20T16:07:42.9126167Z      85     │ - ······const·prDetails·=·JSON.parse(prDetailsOutput);
Lint Code Base	Run Super-Linter	2026-09-20T16:07:42.9126345Z          85 │ + → → → const·prDetailsOutput·=·execSync(
Lint Code Base	Run Super-Linter	2026-09-20T16:07:42.9126581Z          86 │ + → → → → `gh·pr·view·${pr.number}·--json·reviews,comments`,
Lint Code Base	Run Super-Linter	2026-09-20T16:07:42.9126719Z          87 │ + → → → → {·encoding:·"utf8"·},
Lint Code Base	Run Super-Linter	2026-09-20T16:07:42.9126825Z          88 │ + → → → );
Lint Code Base	Run Super-Linter	2026-09-20T16:07:42.9127042Z          89 │ + → → → const·prDetails·=·JSON.parse(prDetailsOutput);
Lint Code Base	Run Super-Linter	2026-09-20T16:07:42.9127137Z      86  90 │   
Lint Code Base	Run Super-Linter	2026-09-20T16:07:42.9127285Z      87     │ - ······const·allFeedback·=·[
Lint Code Base	Run Super-Linter	2026-09-20T16:07:42.9127461Z      88     │ - ········...(prDetails.reviews·||·[]),
Lint Code Base	Run Super-Linter	2026-09-20T16:07:42.9127636Z      89     │ - ········...(prDetails.comments·||·[]),
Lint Code Base	Run Super-Linter	2026-09-20T16:07:42.9127744Z      90     │ - ······];
Lint Code Base	Run Super-Linter	2026-09-20T16:07:42.9128017Z          91 │ + → → → const·allFeedback·=·[
Lint Code Base	Run Super-Linter	2026-09-20T16:07:42.9128190Z          92 │ + → → → → ...(prDetails.reviews·||·[]),
Lint Code Base	Run Super-Linter	2026-09-20T16:07:42.9128355Z          93 │ + → → → → ...(prDetails.comments·||·[]),
Lint Code Base	Run Super-Linter	2026-09-20T16:07:42.9128460Z          94 │ + → → → ];
Lint Code Base	Run Super-Linter	2026-09-20T16:07:42.9128553Z      91  95 │   
Lint Code Base	Run Super-Linter	2026-09-20T16:07:42.9128749Z      92     │ - ······for·(const·feedback·of·allFeedback)·{
Lint Code Base	Run Super-Linter	2026-09-20T16:07:42.9128833Z   52 more lines truncated
Lint Code Base	Run Super-Linter	2026-09-20T16:07:42.9128907Z   
Lint Code Base	Run Super-Linter	2026-09-20T16:07:42.9128911Z 
Lint Code Base	Run Super-Linter	2026-09-20T16:07:42.9129312Z seed-docker.js format ━━━━━━━━━━━━━━━━━━━━━━━━━━━━━━━━━━━━━━━━━━━━━━━━━━━━━━━━━━━━━━━━━━━━━━━━━━━━━━
Lint Code Base	Run Super-Linter	2026-09-20T16:07:42.9129325Z 
Lint Code Base	Run Super-Linter	2026-09-20T16:07:42.9129498Z   × Formatter would have printed the following content:
Lint Code Base	Run Super-Linter	2026-09-20T16:07:42.9129572Z   
Lint Code Base	Run Super-Linter	2026-09-20T16:07:42.9129665Z       3   3 │   
Lint Code Base	Run Super-Linter	2026-09-20T16:07:42.9129795Z       4   4 │   async function main() {
Lint Code Base	Run Super-Linter	2026-09-20T16:07:42.9129993Z       5     │ - ··if·(process.env.NODE_ENV·===·"production")·{
Lint Code Base	Run Super-Linter	2026-09-20T16:07:42.9130272Z       6     │ - ····console.log("Skipping·seed·in·production·environment.");
Lint Code Base	Run Super-Linter	2026-09-20T16:07:42.9130400Z       7     │ - ····return;
Lint Code Base	Run Super-Linter	2026-09-20T16:07:42.9130505Z       8     │ - ··}
Lint Code Base	Run Super-Linter	2026-09-20T16:07:42.9130726Z           5 │ + → if·(process.env.NODE_ENV·===·"production")·{
Lint Code Base	Run Super-Linter	2026-09-20T16:07:42.9130970Z           6 │ + → → console.log("Skipping·seed·in·production·environment.");
Lint Code Base	Run Super-Linter	2026-09-20T16:07:42.9131081Z           7 │ + → → return;
Lint Code Base	Run Super-Linter	2026-09-20T16:07:42.9131175Z           8 │ + → }
Lint Code Base	Run Super-Linter	2026-09-20T16:07:42.9131273Z       9   9 │   
Lint Code Base	Run Super-Linter	2026-09-20T16:07:42.9131415Z      10     │ - ··const·passwordHash·=
Lint Code Base	Run Super-Linter	2026-09-20T16:07:42.9131754Z      11     │ - ····"$2a$10$M0kUXwWYF2jDo2ofzF9qXeKqYjpHw2A05uY.nJlWCDal9nh6YEu1O";
Lint Code Base	Run Super-Linter	2026-09-20T16:07:42.9131897Z          10 │ + → const·passwordHash·=
Lint Code Base	Run Super-Linter	2026-09-20T16:07:42.9132164Z          11 │ + → → "$2a$10$M0kUXwWYF2jDo2ofzF9qXeKqYjpHw2A05uY.nJlWCDal9nh6YEu1O";
Lint Code Base	Run Super-Linter	2026-09-20T16:07:42.9132261Z      12  12 │   
Lint Code Base	Run Super-Linter	2026-09-20T16:07:42.9132477Z      13     │ - ··const·existing·=·await·prisma.user.findUnique({
Lint Code Base	Run Super-Linter	2026-09-20T16:07:42.9132690Z      14     │ - ····where:·{·email:·"sarah@acme.test"·},
Lint Code Base	Run Super-Linter	2026-09-20T16:07:42.9132794Z      15     │ - ··});
Lint Code Base	Run Super-Linter	2026-09-20T16:07:42.9132925Z      16     │ - ··if·(existing)·{
Lint Code Base	Run Super-Linter	2026-09-20T16:07:42.9133216Z      17     │ - ····console.log("Database·already·seeded.·Skipping·seed·script.");
Lint Code Base	Run Super-Linter	2026-09-20T16:07:42.9133329Z      18     │ - ····return;
Lint Code Base	Run Super-Linter	2026-09-20T16:07:42.9133434Z      19     │ - ··}
Lint Code Base	Run Super-Linter	2026-09-20T16:07:42.9133662Z          13 │ + → const·existing·=·await·prisma.user.findUnique({
Lint Code Base	Run Super-Linter	2026-09-20T16:07:42.9133843Z          14 │ + → → where:·{·email:·"sarah@acme.test"·},
Lint Code Base	Run Super-Linter	2026-09-20T16:07:42.9133954Z          15 │ + → });
Lint Code Base	Run Super-Linter	2026-09-20T16:07:42.9134480Z          16 │ + → if·(existing)·{
Lint Code Base	Run Super-Linter	2026-09-20T16:07:42.9134991Z          17 │ + → → console.log("Database·already·seeded.·Skipping·seed·script.");
Lint Code Base	Run Super-Linter	2026-09-20T16:07:42.9135111Z          18 │ + → → return;
Lint Code Base	Run Super-Linter	2026-09-20T16:07:42.9135212Z          19 │ + → }
Lint Code Base	Run Super-Linter	2026-09-20T16:07:42.9135306Z      20  20 │   
Lint Code Base	Run Super-Linter	2026-09-20T16:07:42.9135597Z      21     │ - ··const·environment·=·await·prisma.environment.create({
Lint Code Base	Run Super-Linter	2026-09-20T16:07:42.9135918Z      22     │ - ····data:·{
Lint Code Base	Run Super-Linter	2026-09-20T16:07:42.9136112Z      23     │ - ······name:·"Acme·Financial·Operations",
Lint Code Base	Run Super-Linter	2026-09-20T16:07:42.9136270Z      24     │ - ······toleranceThreshold:·5.0,
Lint Code Base	Run Super-Linter	2026-09-20T16:07:42.9136397Z      25     │ - ······users:·{
Lint Code Base	Run Super-Linter	2026-09-20T16:07:42.9136548Z      26     │ - ········create:·[
Lint Code Base	Run Super-Linter	2026-09-20T16:07:42.9136663Z      27     │ - ··········{
Lint Code Base	Run Super-Linter	2026-09-20T16:07:42.9136819Z      28     │ - ············name:·"Sarah·K.",
Lint Code Base	Run Super-Linter	2026-09-20T16:07:42.9136991Z      29     │ - ············email:·"sarah@acme.test",
Lint Code Base	Run Super-Linter	2026-09-20T16:07:42.9137137Z      30     │ - ············passwordHash,
Lint Code Base	Run Super-Linter	2026-09-20T16:07:42.9137278Z      31     │ - ············role:·"MASTER",
Lint Code Base	Run Super-Linter	2026-09-20T16:07:42.9137405Z      32     │ - ··········},
Lint Code Base	Run Super-Linter	2026-09-20T16:07:42.9137526Z      33     │ - ··········{
Lint Code Base	Run Super-Linter	2026-09-20T16:07:42.9137673Z      34     │ - ············name:·"Jane·A.",
Lint Code Base	Run Super-Linter	2026-09-20T16:07:42.9137846Z      35     │ - ············email:·"jane@acme.test",
Lint Code Base	Run Super-Linter	2026-09-20T16:07:42.9138135Z      36     │ - ············passwordHash,
Lint Code Base	Run Super-Linter	2026-09-20T16:07:42.9138279Z      37     │ - ············role:·"ADMIN",
Lint Code Base	Run Super-Linter	2026-09-20T16:07:42.9138399Z      38     │ - ··········},
Lint Code Base	Run Super-Linter	2026-09-20T16:07:42.9138519Z      39     │ - ··········{
Lint Code Base	Run Super-Linter	2026-09-20T16:07:42.9138657Z      40     │ - ············name:·"Bob·V.",
Lint Code Base	Run Super-Linter	2026-09-20T16:07:42.9138824Z      41     │ - ············email:·"bob@acme.test",
Lint Code Base	Run Super-Linter	2026-09-20T16:07:42.9138964Z      42     │ - ············passwordHash,
Lint Code Base	Run Super-Linter	2026-09-20T16:07:42.9139101Z      43     │ - ············role:·"VIEWER",
Lint Code Base	Run Super-Linter	2026-09-20T16:07:42.9139220Z      44     │ - ··········},
Lint Code Base	Run Super-Linter	2026-09-20T16:07:42.9139335Z      45     │ - ········],
Lint Code Base	Run Super-Linter	2026-09-20T16:07:42.9139448Z      46     │ - ······},
Lint Code Base	Run Super-Linter	2026-09-20T16:07:42.9139552Z      47     │ - ····},
Lint Code Base	Run Super-Linter	2026-09-20T16:07:42.9139702Z      48     │ - ····include:·{·users:·true·},
Lint Code Base	Run Super-Linter	2026-09-20T16:07:42.9139813Z      49     │ - ··});
Lint Code Base	Run Super-Linter	2026-09-20T16:07:42.9140119Z      50     │ - ··const·master·=·environment.users.find((u)·=>·u.role·===·"MASTER");
Lint Code Base	Run Super-Linter	2026-09-20T16:07:42.9140381Z          21 │ + → const·environment·=·await·prisma.environment.create({
Lint Code Base	Run Super-Linter	2026-09-20T16:07:42.9140504Z          22 │ + → → data:·{
Lint Code Base	Run Super-Linter	2026-09-20T16:07:42.9140711Z          23 │ + → → → name:·"Acme·Financial·Operations",
Lint Code Base	Run Super-Linter	2026-09-20T16:07:42.9140856Z          24 │ + → → → toleranceThreshold:·5.0,
Lint Code Base	Run Super-Linter	2026-09-20T16:07:42.9140994Z          25 │ + → → → users:·{
Lint Code Base	Run Super-Linter	2026-09-20T16:07:42.9141115Z          26 │ + → → → → create:·[
Lint Code Base	Run Super-Linter	2026-09-20T16:07:42.9141216Z          27 │ + → → → → → {
Lint Code Base	Run Super-Linter	2026-09-20T16:07:42.9141353Z          28 │ + → → → → → → name:·"Sarah·K.",
Lint Code Base	Run Super-Linter	2026-09-20T16:07:42.9141505Z          29 │ + → → → → → → email:·"sarah@acme.test",
Lint Code Base	Run Super-Linter	2026-09-20T16:07:42.9141635Z          30 │ + → → → → → → passwordHash,
Lint Code Base	Run Super-Linter	2026-09-20T16:07:42.9141760Z          31 │ + → → → → → → role:·"MASTER",
Lint Code Base	Run Super-Linter	2026-09-20T16:07:42.9141872Z          32 │ + → → → → → },
Lint Code Base	Run Super-Linter	2026-09-20T16:07:42.9141974Z          33 │ + → → → → → {
Lint Code Base	Run Super-Linter	2026-09-20T16:07:42.9142110Z          34 │ + → → → → → → name:·"Jane·A.",
Lint Code Base	Run Super-Linter	2026-09-20T16:07:42.9142288Z          35 │ + → → → → → → email:·"jane@acme.test",
Lint Code Base	Run Super-Linter	2026-09-20T16:07:42.9142516Z          36 │ + → → → → → → passwordHash,
Lint Code Base	Run Super-Linter	2026-09-20T16:07:42.9142646Z          37 │ + → → → → → → role:·"ADMIN",
Lint Code Base	Run Super-Linter	2026-09-20T16:07:42.9142777Z          38 │ + → → → → → },
Lint Code Base	Run Super-Linter	2026-09-20T16:07:42.9142895Z          39 │ + → → → → → {
Lint Code Base	Run Super-Linter	2026-09-20T16:07:42.9143038Z          40 │ + → → → → → → name:·"Bob·V.",
Lint Code Base	Run Super-Linter	2026-09-20T16:07:42.9143220Z          41 │ + → → → → → → email:·"bob@acme.test",
Lint Code Base	Run Super-Linter	2026-09-20T16:07:42.9143390Z          42 │ + → → → → → → passwordHash,
Lint Code Base	Run Super-Linter	2026-09-20T16:07:42.9143529Z          43 │ + → → → → → → role:·"VIEWER",
Lint Code Base	Run Super-Linter	2026-09-20T16:07:42.9143674Z          44 │ + → → → → → },
Lint Code Base	Run Super-Linter	2026-09-20T16:07:42.9143792Z          45 │ + → → → → ],
Lint Code Base	Run Super-Linter	2026-09-20T16:07:42.9143898Z          46 │ + → → → },
Lint Code Base	Run Super-Linter	2026-09-20T16:07:42.9143995Z          47 │ + → → },
Lint Code Base	Run Super-Linter	2026-09-20T16:07:42.9146219Z          48 │ + → → include:·{·users:·true·},
Lint Code Base	Run Super-Linter	2026-09-20T16:07:42.9146338Z          49 │ + → });
Lint Code Base	Run Super-Linter	2026-09-20T16:07:42.9146638Z          50 │ + → const·master·=·environment.users.find((u)·=>·u.role·===·"MASTER");
Lint Code Base	Run Super-Linter	2026-09-20T16:07:42.9146908Z      51  51 │   
Lint Code Base	Run Super-Linter	2026-09-20T16:07:42.9147104Z      52     │ - ··const·david·=·await·prisma.user.create({
Lint Code Base	Run Super-Linter	2026-09-20T16:07:42.9147226Z      53     │ - ····data:·{
Lint Code Base	Run Super-Linter	2026-09-20T16:07:42.9147364Z      54     │ - ······name:·"David·M.",
Lint Code Base	Run Super-Linter	2026-09-20T16:07:42.9147519Z      55     │ - ······email:·"david@acme.test",
Lint Code Base	Run Super-Linter	2026-09-20T16:07:42.9147647Z      56     │ - ······passwordHash,
Lint Code Base	Run Super-Linter	2026-09-20T16:07:42.9147781Z      57     │ - ······role:·"UPLOADER",
Lint Code Base	Run Super-Linter	2026-09-20T16:07:42.9147953Z      58     │ - ······environmentId:·environment.id,
Lint Code Base	Run Super-Linter	2026-09-20T16:07:42.9148062Z      59     │ - ····},
Lint Code Base	Run Super-Linter	2026-09-20T16:07:42.9148170Z      60     │ - ··});
Lint Code Base	Run Super-Linter	2026-09-20T16:07:42.9148351Z          52 │ + → const·david·=·await·prisma.user.create({
Lint Code Base	Run Super-Linter	2026-09-20T16:07:42.9148462Z          53 │ + → → data:·{
Lint Code Base	Run Super-Linter	2026-09-20T16:07:42.9148586Z          54 │ + → → → name:·"David·M.",
Lint Code Base	Run Super-Linter	2026-09-20T16:07:42.9148732Z          55 │ + → → → email:·"david@acme.test",
Lint Code Base	Run Super-Linter	2026-09-20T16:07:42.9148875Z          56 │ + → → → passwordHash,
Lint Code Base	Run Super-Linter	2026-09-20T16:07:42.9149009Z          57 │ + → → → role:·"UPLOADER",
Lint Code Base	Run Super-Linter	2026-09-20T16:07:42.9149168Z          58 │ + → → → environmentId:·environment.id,
Lint Code Base	Run Super-Linter	2026-09-20T16:07:42.9149265Z          59 │ + → → },
Lint Code Base	Run Super-Linter	2026-09-20T16:07:42.9149367Z          60 │ + → });
Lint Code Base	Run Super-Linter	2026-09-20T16:07:42.9149460Z      61  61 │   
Lint Code Base	Run Super-Linter	2026-09-20T16:07:42.9149706Z      62     │ - ··const·acmeLogistics·=·await·prisma.business.create({
Lint Code Base	Run Super-Linter	2026-09-20T16:07:42.9149820Z      63     │ - ····data:·{
Lint Code Base	Run Super-Linter	2026-09-20T16:07:42.9149972Z      64     │ - ······name:·"Acme·Logistics",
Lint Code Base	Run Super-Linter	2026-09-20T16:07:42.9150123Z      65     │ - ······vendorCode:·"VEN-1001",
Lint Code Base	Run Super-Linter	2026-09-20T16:07:42.9150284Z      66     │ - ······environmentId:·environment.id,
Lint Code Base	Run Super-Linter	2026-09-20T16:07:42.9150398Z      67     │ - ····},
Lint Code Base	Run Super-Linter	2026-09-20T16:07:42.9150500Z      68     │ - ··});
Lint Code Base	Run Super-Linter	2026-09-20T16:07:42.9150724Z      69     │ - ··const·globalTech·=·await·prisma.business.create({
Lint Code Base	Run Super-Linter	2026-09-20T16:07:42.9150838Z      70     │ - ····data:·{
Lint Code Base	Run Super-Linter	2026-09-20T16:07:42.9151019Z      71     │ - ······name:·"Global·Tech·Inc",
Lint Code Base	Run Super-Linter	2026-09-20T16:07:42.9151178Z      72     │ - ······vendorCode:·"VEN-1002",
Lint Code Base	Run Super-Linter	2026-09-20T16:07:42.9151342Z      73     │ - ······environmentId:·environment.id,
Lint Code Base	Run Super-Linter	2026-09-20T16:07:42.9151455Z      74     │ - ····},
Lint Code Base	Run Super-Linter	2026-09-20T16:07:42.9151556Z      75     │ - ··});
Lint Code Base	Run Super-Linter	2026-09-20T16:07:42.9151785Z      76     │ - ··const·vertexCloud·=·await·prisma.business.create({
Lint Code Base	Run Super-Linter	2026-09-20T16:07:42.9151900Z      77     │ - ····data:·{
Lint Code Base	Run Super-Linter	2026-09-20T16:07:42.9152070Z      78     │ - ······name:·"Vertex·Cloud·Services",
Lint Code Base	Run Super-Linter	2026-09-20T16:07:42.9152217Z      79     │ - ······vendorCode:·"VEN-1003",
Lint Code Base	Run Super-Linter	2026-09-20T16:07:42.9152382Z      80     │ - ······environmentId:·environment.id,
Lint Code Base	Run Super-Linter	2026-09-20T16:07:42.9152493Z      81     │ - ····},
Lint Code Base	Run Super-Linter	2026-09-20T16:07:42.9152594Z      82     │ - ··});
Lint Code Base	Run Super-Linter	2026-09-20T16:07:42.9152823Z          62 │ + → const·acmeLogistics·=·await·prisma.business.create({
Lint Code Base	Run Super-Linter	2026-09-20T16:07:42.9152928Z          63 │ + → → data:·{
Lint Code Base	Run Super-Linter	2026-09-20T16:07:42.9153069Z          64 │ + → → → name:·"Acme·Logistics",
Lint Code Base	Run Super-Linter	2026-09-20T16:07:42.9153215Z          65 │ + → → → vendorCode:·"VEN-1001",
Lint Code Base	Run Super-Linter	2026-09-20T16:07:42.9153511Z          66 │ + → → → environmentId:·environment.id,
Lint Code Base	Run Super-Linter	2026-09-20T16:07:42.9153614Z          67 │ + → → },
Lint Code Base	Run Super-Linter	2026-09-20T16:07:42.9153709Z          68 │ + → });
Lint Code Base	Run Super-Linter	2026-09-20T16:07:42.9153922Z          69 │ + → const·globalTech·=·await·prisma.business.create({
Lint Code Base	Run Super-Linter	2026-09-20T16:07:42.9154026Z          70 │ + → → data:·{
Lint Code Base	Run Super-Linter	2026-09-20T16:07:42.9154302Z          71 │ + → → → name:·"Global·Tech·Inc",
Lint Code Base	Run Super-Linter	2026-09-20T16:07:42.9154527Z          72 │ + → → → vendorCode:·"VEN-1002",
Lint Code Base	Run Super-Linter	2026-09-20T16:07:42.9154789Z          73 │ + → → → environmentId:·environment.id,
Lint Code Base	Run Super-Linter	2026-09-20T16:07:42.9154899Z          74 │ + → → },
Lint Code Base	Run Super-Linter	2026-09-20T16:07:42.9154996Z          75 │ + → });
Lint Code Base	Run Super-Linter	2026-09-20T16:07:42.9155221Z          76 │ + → const·vertexCloud·=·await·prisma.business.create({
Lint Code Base	Run Super-Linter	2026-09-20T16:07:42.9155329Z          77 │ + → → data:·{
Lint Code Base	Run Super-Linter	2026-09-20T16:07:42.9155487Z          78 │ + → → → name:·"Vertex·Cloud·Services",
Lint Code Base	Run Super-Linter	2026-09-20T16:07:42.9155780Z          79 │ + → → → vendorCode:·"VEN-1003",
Lint Code Base	Run Super-Linter	2026-09-20T16:07:42.9155886Z   411 more lines truncated
Lint Code Base	Run Super-Linter	2026-09-20T16:07:42.9155960Z   
Lint Code Base	Run Super-Linter	2026-09-20T16:07:42.9155970Z 
Lint Code Base	Run Super-Linter	2026-09-20T16:07:42.9156376Z tsconfig.json format ━━━━━━━━━━━━━━━━━━━━━━━━━━━━━━━━━━━━━━━━━━━━━━━━━━━━━━━━━━━━━━━━━━━━━━━━━━━━━━━
Lint Code Base	Run Super-Linter	2026-09-20T16:07:42.9156382Z 
Lint Code Base	Run Super-Linter	2026-09-20T16:07:42.9156567Z   × Formatter would have printed the following content:
Lint Code Base	Run Super-Linter	2026-09-20T16:07:42.9156636Z   
Lint Code Base	Run Super-Linter	2026-09-20T16:07:42.9156739Z      1  1 │   {
Lint Code Base	Run Super-Linter	2026-09-20T16:07:42.9156875Z      2    │ - ··"compilerOptions":·{
Lint Code Base	Run Super-Linter	2026-09-20T16:07:42.9157013Z      3    │ - ····"target":·"ES2017",
Lint Code Base	Run Super-Linter	2026-09-20T16:07:42.9157195Z      4    │ - ····"lib":·["dom",·"dom.iterable",·"esnext"],
Lint Code Base	Run Super-Linter	2026-09-20T16:07:42.9157326Z      5    │ - ····"allowJs":·true,
Lint Code Base	Run Super-Linter	2026-09-20T16:07:42.9157462Z      6    │ - ····"skipLibCheck":·true,
Lint Code Base	Run Super-Linter	2026-09-20T16:07:42.9157585Z      7    │ - ····"strict":·true,
Lint Code Base	Run Super-Linter	2026-09-20T16:07:42.9157714Z      8    │ - ····"noEmit":·true,
Lint Code Base	Run Super-Linter	2026-09-20T16:07:42.9157852Z      9    │ - ····"esModuleInterop":·true,
Lint Code Base	Run Super-Linter	2026-09-20T16:07:42.9158007Z     10    │ - ····"module":·"esnext",
Lint Code Base	Run Super-Linter	2026-09-20T16:07:42.9158172Z     11    │ - ····"moduleResolution":·"bundler",
Lint Code Base	Run Super-Linter	2026-09-20T16:07:42.9158323Z     12    │ - ····"resolveJsonModule":·true,
Lint Code Base	Run Super-Linter	2026-09-20T16:07:42.9158466Z     13    │ - ····"isolatedModules":·true,
Lint Code Base	Run Super-Linter	2026-09-20T16:07:42.9158594Z     14    │ - ····"jsx":·"react-jsx",
Lint Code Base	Run Super-Linter	2026-09-20T16:07:42.9158731Z     15    │ - ····"incremental":·true,
Lint Code Base	Run Super-Linter	2026-09-20T16:07:42.9158851Z     16    │ - ····"plugins":·[
Lint Code Base	Run Super-Linter	2026-09-20T16:07:42.9158963Z     17    │ - ······{
Lint Code Base	Run Super-Linter	2026-09-20T16:07:42.9159089Z     18    │ - ········"name":·"next"
Lint Code Base	Run Super-Linter	2026-09-20T16:07:42.9159203Z     19    │ - ······}
Lint Code Base	Run Super-Linter	2026-09-20T16:07:42.9159313Z     20    │ - ····],
Lint Code Base	Run Super-Linter	2026-09-20T16:07:42.9159429Z     21    │ - ····"paths":·{
Lint Code Base	Run Super-Linter	2026-09-20T16:07:42.9159556Z     22    │ - ······"@/*":·["./*"]
Lint Code Base	Run Super-Linter	2026-09-20T16:07:42.9159659Z     23    │ - ····}
Lint Code Base	Run Super-Linter	2026-09-20T16:07:42.9159764Z     24    │ - ··},
Lint Code Base	Run Super-Linter	2026-09-20T16:07:42.9159876Z     25    │ - ··"include":·[
Lint Code Base	Run Super-Linter	2026-09-20T16:07:42.9160027Z     26    │ - ····"next-env.d.ts",
Lint Code Base	Run Super-Linter	2026-09-20T16:07:42.9160290Z     27    │ - ····"**/*.ts",
Lint Code Base	Run Super-Linter	2026-09-20T16:07:42.9160414Z     28    │ - ····"**/*.tsx",
Lint Code Base	Run Super-Linter	2026-09-20T16:07:42.9160550Z     29    │ - ····".next/types/**/*.ts",
Lint Code Base	Run Super-Linter	2026-09-20T16:07:42.9160688Z     30    │ - ····".next/dev/types/**/*.ts"
Lint Code Base	Run Super-Linter	2026-09-20T16:07:42.9160793Z     31    │ - ··],
Lint Code Base	Run Super-Linter	2026-09-20T16:07:42.9160926Z     32    │ - ··"exclude":·["node_modules"]
Lint Code Base	Run Super-Linter	2026-09-20T16:07:42.9161056Z         2 │ + → "compilerOptions":·{
Lint Code Base	Run Super-Linter	2026-09-20T16:07:42.9161177Z         3 │ + → → "target":·"ES2017",
Lint Code Base	Run Super-Linter	2026-09-20T16:07:42.9161355Z         4 │ + → → "lib":·["dom",·"dom.iterable",·"esnext"],
Lint Code Base	Run Super-Linter	2026-09-20T16:07:42.9161473Z         5 │ + → → "allowJs":·true,
Lint Code Base	Run Super-Linter	2026-09-20T16:07:42.9161605Z         6 │ + → → "skipLibCheck":·true,
Lint Code Base	Run Super-Linter	2026-09-20T16:07:42.9161727Z         7 │ + → → "strict":·true,
Lint Code Base	Run Super-Linter	2026-09-20T16:07:42.9161842Z         8 │ + → → "noEmit":·true,
Lint Code Base	Run Super-Linter	2026-09-20T16:07:42.9161982Z         9 │ + → → "esModuleInterop":·true,
Lint Code Base	Run Super-Linter	2026-09-20T16:07:42.9162101Z        10 │ + → → "module":·"esnext",
Lint Code Base	Run Super-Linter	2026-09-20T16:07:42.9162400Z        11 │ + → → "moduleResolution":·"bundler",
Lint Code Base	Run Super-Linter	2026-09-20T16:07:42.9162551Z        12 │ + → → "resolveJsonModule":·true,
Lint Code Base	Run Super-Linter	2026-09-20T16:07:42.9162688Z        13 │ + → → "isolatedModules":·true,
Lint Code Base	Run Super-Linter	2026-09-20T16:07:42.9162816Z        14 │ + → → "jsx":·"react-jsx",
Lint Code Base	Run Super-Linter	2026-09-20T16:07:42.9162940Z        15 │ + → → "incremental":·true,
Lint Code Base	Run Super-Linter	2026-09-20T16:07:42.9163062Z        16 │ + → → "plugins":·[
Lint Code Base	Run Super-Linter	2026-09-20T16:07:42.9163159Z        17 │ + → → → {
Lint Code Base	Run Super-Linter	2026-09-20T16:07:42.9163285Z        18 │ + → → → → "name":·"next"
Lint Code Base	Run Super-Linter	2026-09-20T16:07:42.9163381Z        19 │ + → → → }
Lint Code Base	Run Super-Linter	2026-09-20T16:07:42.9163488Z        20 │ + → → ],
Lint Code Base	Run Super-Linter	2026-09-20T16:07:42.9163599Z        21 │ + → → "paths":·{
Lint Code Base	Run Super-Linter	2026-09-20T16:07:42.9163718Z        22 │ + → → → "@/*":·["./*"]
Lint Code Base	Run Super-Linter	2026-09-20T16:07:42.9163822Z        23 │ + → → }
Lint Code Base	Run Super-Linter	2026-09-20T16:07:42.9163918Z        24 │ + → },
Lint Code Base	Run Super-Linter	2026-09-20T16:07:42.9164034Z        25 │ + → "include":·[
Lint Code Base	Run Super-Linter	2026-09-20T16:07:42.9164445Z        26 │ + → → "next-env.d.ts",
Lint Code Base	Run Super-Linter	2026-09-20T16:07:42.9164595Z        27 │ + → → "**/*.ts",
Lint Code Base	Run Super-Linter	2026-09-20T16:07:42.9164720Z        28 │ + → → "**/*.tsx",
Lint Code Base	Run Super-Linter	2026-09-20T16:07:42.9164855Z        29 │ + → → ".next/types/**/*.ts",
Lint Code Base	Run Super-Linter	2026-09-20T16:07:42.9164985Z        30 │ + → → ".next/dev/types/**/*.ts"
Lint Code Base	Run Super-Linter	2026-09-20T16:07:42.9165081Z        31 │ + → ],
Lint Code Base	Run Super-Linter	2026-09-20T16:07:42.9165217Z        32 │ + → "exclude":·["node_modules"]
Lint Code Base	Run Super-Linter	2026-09-20T16:07:42.9165311Z     33 33 │   }
Lint Code Base	Run Super-Linter	2026-09-20T16:07:42.9165409Z     34 34 │   
Lint Code Base	Run Super-Linter	2026-09-20T16:07:42.9165477Z   
Lint Code Base	Run Super-Linter	2026-09-20T16:07:42.9165482Z 
Lint Code Base	Run Super-Linter	2026-09-20T16:07:42.9165893Z format ━━━━━━━━━━━━━━━━━━━━━━━━━━━━━━━━━━━━━━━━━━━━━━━━━━━━━━━━━━━━━━━━━━━━━━━━━━━━━━━━━━━━━━━━━━━━━
Lint Code Base	Run Super-Linter	2026-09-20T16:07:42.9165900Z 
Lint Code Base	Run Super-Linter	2026-09-20T16:07:42.9166066Z   × Some errors were emitted while running checks.
Lint Code Base	Run Super-Linter	2026-09-20T16:07:42.9166135Z   
Lint Code Base	Run Super-Linter	2026-09-20T16:07:42.9166209Z ------
Lint Code Base	Run Super-Linter	2026-09-20T16:07:42.9166666Z ##[endgroup]
Lint Code Base	Run Super-Linter	2026-09-20T16:07:42.9167044Z ##[group]BIOME_LINT
Lint Code Base	Run Super-Linter	2026-09-20T16:07:42.9167210Z 2026-09-20 16:07:42 [ERROR]   Errors found in BIOME_LINT
Lint Code Base	Run Super-Linter	2026-09-20T16:07:42.9167420Z 2026-09-20 16:07:42 [ERROR]   Stdout contents for BIOME_LINT:
Lint Code Base	Run Super-Linter	2026-09-20T16:07:42.9167522Z ------
Lint Code Base	Run Super-Linter	2026-09-20T16:07:42.9167778Z The number of diagnostics exceeds the limit allowed. Use --max-diagnostics to increase it.
Lint Code Base	Run Super-Linter	2026-09-20T16:07:42.9167875Z Diagnostics not shown: 50.
Lint Code Base	Run Super-Linter	2026-09-20T16:07:42.9167983Z Checked 53 files in 367ms. No fixes applied.
Lint Code Base	Run Super-Linter	2026-09-20T16:07:42.9168063Z Found 29 errors.
Lint Code Base	Run Super-Linter	2026-09-20T16:07:42.9168137Z Found 38 warnings.
Lint Code Base	Run Super-Linter	2026-09-20T16:07:42.9168219Z Found 3 infos.
Lint Code Base	Run Super-Linter	2026-09-20T16:07:42.9168286Z ------
Lint Code Base	Run Super-Linter	2026-09-20T16:07:42.9168435Z 2026-09-20 16:07:42 [ERROR]   Stderr contents for BIOME_LINT:
Lint Code Base	Run Super-Linter	2026-09-20T16:07:42.9168513Z ------
Lint Code Base	Run Super-Linter	2026-09-20T16:07:42.9168914Z scripts/github-monitor.js:1:30 lint/style/useNodejsImportProtocol  FIXABLE  ━━━━━━━━━━━━━━━━━━━━━━━━
Lint Code Base	Run Super-Linter	2026-09-20T16:07:42.9168920Z 
Lint Code Base	Run Super-Linter	2026-09-20T16:07:42.9169130Z   i A Node.js builtin module should be imported with the node: protocol.
Lint Code Base	Run Super-Linter	2026-09-20T16:07:42.9169200Z   
Lint Code Base	Run Super-Linter	2026-09-20T16:07:42.9169376Z   > 1 │ const { execSync } = require("child_process");
Lint Code Base	Run Super-Linter	2026-09-20T16:07:42.9169520Z       │                              ^^^^^^^^^^^^^^^
Lint Code Base	Run Super-Linter	2026-09-20T16:07:42.9169800Z     2 │ const fs = require("fs");
Lint Code Base	Run Super-Linter	2026-09-20T16:07:42.9169939Z     3 │ const path = require("path");
Lint Code Base	Run Super-Linter	2026-09-20T16:07:42.9170008Z   
Lint Code Base	Run Super-Linter	2026-09-20T16:07:42.9170293Z   i Using the node: protocol is more explicit and signals that the imported module belongs to Node.js.
Lint Code Base	Run Super-Linter	2026-09-20T16:07:42.9170361Z   
Lint Code Base	Run Super-Linter	2026-09-20T16:07:42.9170464Z   i Unsafe fix: Add the node: protocol.
Lint Code Base	Run Super-Linter	2026-09-20T16:07:42.9170531Z   
Lint Code Base	Run Super-Linter	2026-09-20T16:07:42.9170749Z       1     │ - const·{·execSync·}·=·require("child_process");
Lint Code Base	Run Super-Linter	2026-09-20T16:07:42.9170969Z           1 │ + const·{·execSync·}·=·require("node:child_process");
Lint Code Base	Run Super-Linter	2026-09-20T16:07:42.9171099Z       2   2 │   const fs = require("fs");
Lint Code Base	Run Super-Linter	2026-09-20T16:07:42.9171242Z       3   3 │   const path = require("path");
Lint Code Base	Run Super-Linter	2026-09-20T16:07:42.9171312Z   
Lint Code Base	Run Super-Linter	2026-09-20T16:07:42.9171316Z 
Lint Code Base	Run Super-Linter	2026-09-20T16:07:42.9171702Z scripts/github-monitor.js:2:20 lint/style/useNodejsImportProtocol  FIXABLE  ━━━━━━━━━━━━━━━━━━━━━━━━
Lint Code Base	Run Super-Linter	2026-09-20T16:07:42.9171826Z 
Lint Code Base	Run Super-Linter	2026-09-20T16:07:42.9172058Z   i A Node.js builtin module should be imported with the node: protocol.
Lint Code Base	Run Super-Linter	2026-09-20T16:07:42.9172128Z   
Lint Code Base	Run Super-Linter	2026-09-20T16:07:42.9172357Z     1 │ const { execSync } = require("child_process");
Lint Code Base	Run Super-Linter	2026-09-20T16:07:42.9172505Z   > 2 │ const fs = require("fs");
Lint Code Base	Run Super-Linter	2026-09-20T16:07:42.9172651Z       │                    ^^^^
Lint Code Base	Run Super-Linter	2026-09-20T16:07:42.9172807Z     3 │ const path = require("path");
Lint Code Base	Run Super-Linter	2026-09-20T16:07:42.9172903Z     4 │ 
Lint Code Base	Run Super-Linter	2026-09-20T16:07:42.9172971Z   
Lint Code Base	Run Super-Linter	2026-09-20T16:07:42.9173254Z   i Using the node: protocol is more explicit and signals that the imported module belongs to Node.js.
Lint Code Base	Run Super-Linter	2026-09-20T16:07:42.9173328Z   
Lint Code Base	Run Super-Linter	2026-09-20T16:07:42.9173420Z   i Unsafe fix: Add the node: protocol.
Lint Code Base	Run Super-Linter	2026-09-20T16:07:42.9173493Z   
Lint Code Base	Run Super-Linter	2026-09-20T16:07:42.9173668Z       1   1 │   const { execSync } = require("child_process");
Lint Code Base	Run Super-Linter	2026-09-20T16:07:42.9173817Z       2     │ - const·fs·=·require("fs");
Lint Code Base	Run Super-Linter	2026-09-20T16:07:42.9173962Z           2 │ + const·fs·=·require("node:fs");
Lint Code Base	Run Super-Linter	2026-09-20T16:07:42.9174277Z       3   3 │   const path = require("path");
Lint Code Base	Run Super-Linter	2026-09-20T16:07:42.9174400Z       4   4 │   
Lint Code Base	Run Super-Linter	2026-09-20T16:07:42.9174488Z   
Lint Code Base	Run Super-Linter	2026-09-20T16:07:42.9174492Z 
Lint Code Base	Run Super-Linter	2026-09-20T16:07:42.9174871Z scripts/github-monitor.js:3:22 lint/style/useNodejsImportProtocol  FIXABLE  ━━━━━━━━━━━━━━━━━━━━━━━━
Lint Code Base	Run Super-Linter	2026-09-20T16:07:42.9174877Z 
Lint Code Base	Run Super-Linter	2026-09-20T16:07:42.9175054Z   i A Node.js builtin module should be imported with the node: protocol.
Lint Code Base	Run Super-Linter	2026-09-20T16:07:42.9175128Z   
Lint Code Base	Run Super-Linter	2026-09-20T16:07:42.9175290Z     1 │ const { execSync } = require("child_process");
Lint Code Base	Run Super-Linter	2026-09-20T16:07:42.9175415Z     2 │ const fs = require("fs");
Lint Code Base	Run Super-Linter	2026-09-20T16:07:42.9175544Z   > 3 │ const path = require("path");
Lint Code Base	Run Super-Linter	2026-09-20T16:07:42.9175656Z       │                      ^^^^^^
Lint Code Base	Run Super-Linter	2026-09-20T16:07:42.9175751Z     4 │ 
Lint Code Base	Run Super-Linter	2026-09-20T16:07:42.9176006Z     5 │ const STATE_FILE = path.join(__dirname, ".github-monitor-state.json");
Lint Code Base	Run Super-Linter	2026-09-20T16:07:42.9176081Z   
Lint Code Base	Run Super-Linter	2026-09-20T16:07:42.9176349Z   i Using the node: protocol is more explicit and signals that the imported module belongs to Node.js.
Lint Code Base	Run Super-Linter	2026-09-20T16:07:42.9176443Z   
Lint Code Base	Run Super-Linter	2026-09-20T16:07:42.9176535Z   i Unsafe fix: Add the node: protocol.
Lint Code Base	Run Super-Linter	2026-09-20T16:07:42.9176609Z   
Lint Code Base	Run Super-Linter	2026-09-20T16:07:42.9176791Z       1   1 │   const { execSync } = require("child_process");
Lint Code Base	Run Super-Linter	2026-09-20T16:07:42.9176916Z       2   2 │   const fs = require("fs");
Lint Code Base	Run Super-Linter	2026-09-20T16:07:42.9177073Z       3     │ - const·path·=·require("path");
Lint Code Base	Run Super-Linter	2026-09-20T16:07:42.9177226Z           3 │ + const·path·=·require("node:path");
Lint Code Base	Run Super-Linter	2026-09-20T16:07:42.9177325Z       4   4 │   
Lint Code Base	Run Super-Linter	2026-09-20T16:07:42.9177588Z       5   5 │   const STATE_FILE = path.join(__dirname, ".github-monitor-state.json");
Lint Code Base	Run Super-Linter	2026-09-20T16:07:42.9177662Z   
Lint Code Base	Run Super-Linter	2026-09-20T16:07:42.9177666Z 
Lint Code Base	Run Super-Linter	2026-09-20T16:07:42.9178042Z app/(app)/settings/page.tsx:21:71 lint/suspicious/noExplicitAny ━━━━━━━━━━━━━━━━━━━━━━━━━━━━━━━━━━━━
Lint Code Base	Run Super-Linter	2026-09-20T16:07:42.9178049Z 
Lint Code Base	Run Super-Linter	2026-09-20T16:07:42.9178155Z   ! Unexpected any. Specify a different type.
Lint Code Base	Run Super-Linter	2026-09-20T16:07:42.9178228Z   
Lint Code Base	Run Super-Linter	2026-09-20T16:07:42.9178340Z     19 │       <SettingsForm
Lint Code Base	Run Super-Linter	2026-09-20T16:07:42.9178585Z     20 │         initialTolerance={user.environment.toleranceThreshold}
Lint Code Base	Run Super-Linter	2026-09-20T16:07:42.9179248Z   > 21 │         canEdit={ROLES_THAT_CAN_MANAGE_SETTINGS.includes(user.role as any)}
Lint Code Base	Run Super-Linter	2026-09-20T16:07:42.9179572Z        │                                                                       ^^^
Lint Code Base	Run Super-Linter	2026-09-20T16:07:42.9179743Z     22 │       />
Lint Code Base	Run Super-Linter	2026-09-20T16:07:42.9179902Z     23 │     </div>
Lint Code Base	Run Super-Linter	2026-09-20T16:07:42.9180030Z   
Lint Code Base	Run Super-Linter	2026-09-20T16:07:42.9180335Z   i any disables many type checking rules. Its use should be avoided.
Lint Code Base	Run Super-Linter	2026-09-20T16:07:42.9180464Z   
Lint Code Base	Run Super-Linter	2026-09-20T16:07:42.9180473Z 
Lint Code Base	Run Super-Linter	2026-09-20T16:07:42.9181331Z app/(app)/team/page.tsx:16:71 lint/suspicious/noExplicitAny ━━━━━━━━━━━━━━━━━━━━━━━━━━━━━━━━━━━━━━━━
Lint Code Base	Run Super-Linter	2026-09-20T16:07:42.9181427Z 
Lint Code Base	Run Super-Linter	2026-09-20T16:07:42.9181687Z   ! Unexpected any. Specify a different type.
Lint Code Base	Run Super-Linter	2026-09-20T16:07:42.9181820Z   
Lint Code Base	Run Super-Linter	2026-09-20T16:07:42.9182009Z     14 │   });
Lint Code Base	Run Super-Linter	2026-09-20T16:07:42.9182166Z     15 │ 
Lint Code Base	Run Super-Linter	2026-09-20T16:07:42.9182638Z   > 16 │   const canManage = ROLES_THAT_CAN_MANAGE_USERS.includes(user.role as any);
Lint Code Base	Run Super-Linter	2026-09-20T16:07:42.9183221Z        │                                                                       ^^^
Lint Code Base	Run Super-Linter	2026-09-20T16:07:42.9183387Z     17 │ 
Lint Code Base	Run Super-Linter	2026-09-20T16:07:42.9183560Z     18 │   return (
Lint Code Base	Run Super-Linter	2026-09-20T16:07:42.9183684Z   
Lint Code Base	Run Super-Linter	2026-09-20T16:07:42.9183977Z   i any disables many type checking rules. Its use should be avoided.
Lint Code Base	Run Super-Linter	2026-09-20T16:07:42.9184319Z   
Lint Code Base	Run Super-Linter	2026-09-20T16:07:42.9184329Z 
Lint Code Base	Run Super-Linter	2026-09-20T16:07:42.9184971Z app/api/auth/login/route.ts:1:8 lint/style/useImportType  FIXABLE  ━━━━━━━━━━━━━━━━━━━━━━━━━━━━━━━━━
Lint Code Base	Run Super-Linter	2026-09-20T16:07:42.9184983Z 
Lint Code Base	Run Super-Linter	2026-09-20T16:07:42.9185171Z   ! Some named imports are only used as types.
Lint Code Base	Run Super-Linter	2026-09-20T16:07:42.9185297Z   
Lint Code Base	Run Super-Linter	2026-09-20T16:07:42.9185653Z   > 1 │ import { NextRequest, NextResponse } from "next/server";
Lint Code Base	Run Super-Linter	2026-09-20T16:07:42.9185929Z       │        ^^^^^^^^^^^^^^^^^^^^^^^^^^^^^^^^^^^^^^^^^^^^^^^^
Lint Code Base	Run Super-Linter	2026-09-20T16:07:42.9186136Z     2 │ import { z } from "zod";
Lint Code Base	Run Super-Linter	2026-09-20T16:07:42.9186394Z     3 │ import { prisma } from "@/lib/prisma";
Lint Code Base	Run Super-Linter	2026-09-20T16:07:42.9186540Z   
Lint Code Base	Run Super-Linter	2026-09-20T16:07:42.9186708Z   i This import is only used as a type.
Lint Code Base	Run Super-Linter	2026-09-20T16:07:42.9186824Z   
Lint Code Base	Run Super-Linter	2026-09-20T16:07:42.9187185Z   > 1 │ import { NextRequest, NextResponse } from "next/server";
Lint Code Base	Run Super-Linter	2026-09-20T16:07:42.9187378Z       │          ^^^^^^^^^^^
Lint Code Base	Run Super-Linter	2026-09-20T16:07:42.9187583Z     2 │ import { z } from "zod";
Lint Code Base	Run Super-Linter	2026-09-20T16:07:42.9187839Z     3 │ import { prisma } from "@/lib/prisma";
Lint Code Base	Run Super-Linter	2026-09-20T16:07:42.9187955Z   
Lint Code Base	Run Super-Linter	2026-09-20T16:07:42.9188596Z   i Importing the types with import type ensures that they are removed by the compilers and avoids loading unnecessary modules.
Lint Code Base	Run Super-Linter	2026-09-20T16:07:42.9188728Z   
Lint Code Base	Run Super-Linter	2026-09-20T16:07:42.9188836Z   i Safe fix: Add inline type keywords.
Lint Code Base	Run Super-Linter	2026-09-20T16:07:42.9188911Z   
Lint Code Base	Run Super-Linter	2026-09-20T16:07:42.9189200Z     1 │ import·{·type·NextRequest,·NextResponse·}·from·"next/server";
Lint Code Base	Run Super-Linter	2026-09-20T16:07:42.9189373Z       │          +++++                                               
Lint Code Base	Run Super-Linter	2026-09-20T16:07:42.9189378Z 
Lint Code Base	Run Super-Linter	2026-09-20T16:07:42.9189776Z app/api/auth/signup/route.ts:1:8 lint/style/useImportType  FIXABLE  ━━━━━━━━━━━━━━━━━━━━━━━━━━━━━━━━
Lint Code Base	Run Super-Linter	2026-09-20T16:07:42.9189945Z 
Lint Code Base	Run Super-Linter	2026-09-20T16:07:42.9190068Z   ! Some named imports are only used as types.
Lint Code Base	Run Super-Linter	2026-09-20T16:07:42.9190137Z   
Lint Code Base	Run Super-Linter	2026-09-20T16:07:42.9190356Z   > 1 │ import { NextRequest, NextResponse } from "next/server";
Lint Code Base	Run Super-Linter	2026-09-20T16:07:42.9190514Z       │        ^^^^^^^^^^^^^^^^^^^^^^^^^^^^^^^^^^^^^^^^^^^^^^^^
Lint Code Base	Run Super-Linter	2026-09-20T16:07:42.9190632Z     2 │ import { z } from "zod";
Lint Code Base	Run Super-Linter	2026-09-20T16:07:42.9190779Z     3 │ import { prisma } from "@/lib/prisma";
Lint Code Base	Run Super-Linter	2026-09-20T16:07:42.9190847Z   
Lint Code Base	Run Super-Linter	2026-09-20T16:07:42.9190948Z   i This import is only used as a type.
Lint Code Base	Run Super-Linter	2026-09-20T16:07:42.9191015Z   
Lint Code Base	Run Super-Linter	2026-09-20T16:07:42.9191214Z   > 1 │ import { NextRequest, NextResponse } from "next/server";
Lint Code Base	Run Super-Linter	2026-09-20T16:07:42.9191329Z       │          ^^^^^^^^^^^
Lint Code Base	Run Super-Linter	2026-09-20T16:07:42.9191445Z     2 │ import { z } from "zod";
Lint Code Base	Run Super-Linter	2026-09-20T16:07:42.9191586Z     3 │ import { prisma } from "@/lib/prisma";
Lint Code Base	Run Super-Linter	2026-09-20T16:07:42.9191777Z   
Lint Code Base	Run Super-Linter	2026-09-20T16:07:42.9192155Z   i Importing the types with import type ensures that they are removed by the compilers and avoids loading unnecessary modules.
Lint Code Base	Run Super-Linter	2026-09-20T16:07:42.9192234Z   
Lint Code Base	Run Super-Linter	2026-09-20T16:07:42.9192333Z   i Safe fix: Add inline type keywords.
Lint Code Base	Run Super-Linter	2026-09-20T16:07:42.9192401Z   
Lint Code Base	Run Super-Linter	2026-09-20T16:07:42.9192676Z     1 │ import·{·type·NextRequest,·NextResponse·}·from·"next/server";
Lint Code Base	Run Super-Linter	2026-09-20T16:07:42.9192840Z       │          +++++                                               
Lint Code Base	Run Super-Linter	2026-09-20T16:07:42.9192845Z 
Lint Code Base	Run Super-Linter	2026-09-20T16:07:42.9193215Z app/api/businesses/route.ts:1:8 lint/style/useImportType  FIXABLE  ━━━━━━━━━━━━━━━━━━━━━━━━━━━━━━━━━
Lint Code Base	Run Super-Linter	2026-09-20T16:07:42.9193220Z 
Lint Code Base	Run Super-Linter	2026-09-20T16:07:42.9193331Z   ! Some named imports are only used as types.
Lint Code Base	Run Super-Linter	2026-09-20T16:07:42.9193399Z   
Lint Code Base	Run Super-Linter	2026-09-20T16:07:42.9193598Z   > 1 │ import { NextRequest, NextResponse } from "next/server";
Lint Code Base	Run Super-Linter	2026-09-20T16:07:42.9193754Z       │        ^^^^^^^^^^^^^^^^^^^^^^^^^^^^^^^^^^^^^^^^^^^^^^^^
Lint Code Base	Run Super-Linter	2026-09-20T16:07:42.9193870Z     2 │ import { z } from "zod";
Lint Code Base	Run Super-Linter	2026-09-20T16:07:42.9194022Z     3 │ import { prisma } from "@/lib/prisma";
Lint Code Base	Run Super-Linter	2026-09-20T16:07:42.9194365Z   
Lint Code Base	Run Super-Linter	2026-09-20T16:07:42.9194506Z   i This import is only used as a type.
Lint Code Base	Run Super-Linter	2026-09-20T16:07:42.9194575Z   
Lint Code Base	Run Super-Linter	2026-09-20T16:07:42.9194797Z   > 1 │ import { NextRequest, NextResponse } from "next/server";
Lint Code Base	Run Super-Linter	2026-09-20T16:07:42.9194907Z       │          ^^^^^^^^^^^
Lint Code Base	Run Super-Linter	2026-09-20T16:07:42.9195022Z     2 │ import { z } from "zod";
Lint Code Base	Run Super-Linter	2026-09-20T16:07:42.9195164Z     3 │ import { prisma } from "@/lib/prisma";
Lint Code Base	Run Super-Linter	2026-09-20T16:07:42.9195230Z   
Lint Code Base	Run Super-Linter	2026-09-20T16:07:42.9195600Z   i Importing the types with import type ensures that they are removed by the compilers and avoids loading unnecessary modules.
Lint Code Base	Run Super-Linter	2026-09-20T16:07:42.9195669Z   
Lint Code Base	Run Super-Linter	2026-09-20T16:07:42.9195767Z   i Safe fix: Add inline type keywords.
Lint Code Base	Run Super-Linter	2026-09-20T16:07:42.9195833Z   
Lint Code Base	Run Super-Linter	2026-09-20T16:07:42.9196091Z     1 │ import·{·type·NextRequest,·NextResponse·}·from·"next/server";
Lint Code Base	Run Super-Linter	2026-09-20T16:07:42.9196254Z       │          +++++                                               
Lint Code Base	Run Super-Linter	2026-09-20T16:07:42.9196272Z 
Lint Code Base	Run Super-Linter	2026-09-20T16:07:42.9196669Z middleware.ts:1:8 lint/style/useImportType  FIXABLE  ━━━━━━━━━━━━━━━━━━━━━━━━━━━━━━━━━━━━━━━━━━━━━━━
Lint Code Base	Run Super-Linter	2026-09-20T16:07:42.9196675Z 
Lint Code Base	Run Super-Linter	2026-09-20T16:07:42.9196784Z   ! Some named imports are only used as types.
Lint Code Base	Run Super-Linter	2026-09-20T16:07:42.9196850Z   
Lint Code Base	Run Super-Linter	2026-09-20T16:07:42.9197051Z   > 1 │ import { NextRequest, NextResponse } from "next/server";
Lint Code Base	Run Super-Linter	2026-09-20T16:07:42.9197204Z       │        ^^^^^^^^^^^^^^^^^^^^^^^^^^^^^^^^^^^^^^^^^^^^^^^^
Lint Code Base	Run Super-Linter	2026-09-20T16:07:42.9197406Z     2 │ import { SESSION_COOKIE, verifySession } from "@/lib/auth";
Lint Code Base	Run Super-Linter	2026-09-20T16:07:42.9197501Z     3 │ 
Lint Code Base	Run Super-Linter	2026-09-20T16:07:42.9197568Z   
Lint Code Base	Run Super-Linter	2026-09-20T16:07:42.9197663Z   i This import is only used as a type.
Lint Code Base	Run Super-Linter	2026-09-20T16:07:42.9197730Z   
Lint Code Base	Run Super-Linter	2026-09-20T16:07:42.9197925Z   > 1 │ import { NextRequest, NextResponse } from "next/server";
Lint Code Base	Run Super-Linter	2026-09-20T16:07:42.9198027Z       │          ^^^^^^^^^^^
Lint Code Base	Run Super-Linter	2026-09-20T16:07:42.9198229Z     2 │ import { SESSION_COOKIE, verifySession } from "@/lib/auth";
Lint Code Base	Run Super-Linter	2026-09-20T16:07:42.9198332Z     3 │ 
Lint Code Base	Run Super-Linter	2026-09-20T16:07:42.9198542Z   
Lint Code Base	Run Super-Linter	2026-09-20T16:07:42.9198905Z   i Importing the types with import type ensures that they are removed by the compilers and avoids loading unnecessary modules.
Lint Code Base	Run Super-Linter	2026-09-20T16:07:42.9198973Z   
Lint Code Base	Run Super-Linter	2026-09-20T16:07:42.9199069Z   i Safe fix: Add inline type keywords.
Lint Code Base	Run Super-Linter	2026-09-20T16:07:42.9199135Z   
Lint Code Base	Run Super-Linter	2026-09-20T16:07:42.9199392Z     1 │ import·{·type·NextRequest,·NextResponse·}·from·"next/server";
Lint Code Base	Run Super-Linter	2026-09-20T16:07:42.9199554Z       │          +++++                                               
Lint Code Base	Run Super-Linter	2026-09-20T16:07:42.9199559Z 
Lint Code Base	Run Super-Linter	2026-09-20T16:07:42.9199937Z prisma/seed.ts:42:18 lint/style/noNonNullAssertion ━━━━━━━━━━━━━━━━━━━━━━━━━━━━━━━━━━━━━━━━━━━━━━━━━
Lint Code Base	Run Super-Linter	2026-09-20T16:07:42.9199942Z 
Lint Code Base	Run Super-Linter	2026-09-20T16:07:42.9200043Z   ! Forbidden non-null assertion.
Lint Code Base	Run Super-Linter	2026-09-20T16:07:42.9200110Z   
Lint Code Base	Run Super-Linter	2026-09-20T16:07:42.9200246Z     40 │     include: { users: true },
Lint Code Base	Run Super-Linter	2026-09-20T16:07:42.9200340Z     41 │   });
Lint Code Base	Run Super-Linter	2026-09-20T16:07:42.9200596Z   > 42 │   const master = environment.users.find((u) => u.role === "MASTER")!;
Lint Code Base	Run Super-Linter	2026-09-20T16:07:42.9200913Z        │                  ^^^^^^^^^^^^^^^^^^^^^^^^^^^^^^^^^^^^^^^^^^^^^^^^^^^
Lint Code Base	Run Super-Linter	2026-09-20T16:07:42.9201003Z     43 │ 
Lint Code Base	Run Super-Linter	2026-09-20T16:07:42.9201167Z     44 │   const david = await prisma.user.create({
Lint Code Base	Run Super-Linter	2026-09-20T16:07:42.9201236Z   
Lint Code Base	Run Super-Linter	2026-09-20T16:07:42.9201240Z 
Lint Code Base	Run Super-Linter	2026-09-20T16:07:42.9201617Z scripts/github-monitor.js:6:7 lint/correctness/noUnusedVariables  FIXABLE  ━━━━━━━━━━━━━━━━━━━━━━━━━
Lint Code Base	Run Super-Linter	2026-09-20T16:07:42.9201624Z 
Lint Code Base	Run Super-Linter	2026-09-20T16:07:42.9201738Z   ! This variable POLL_INTERVAL_MS is unused.
Lint Code Base	Run Super-Linter	2026-09-20T16:07:42.9201806Z   
Lint Code Base	Run Super-Linter	2026-09-20T16:07:42.9202062Z     5 │ const STATE_FILE = path.join(__dirname, ".github-monitor-state.json");
Lint Code Base	Run Super-Linter	2026-09-20T16:07:42.9202244Z   > 6 │ const POLL_INTERVAL_MS = 5 * 60 * 1000; // 5 minutes
Lint Code Base	Run Super-Linter	2026-09-20T16:07:42.9202359Z       │       ^^^^^^^^^^^^^^^^
Lint Code Base	Run Super-Linter	2026-09-20T16:07:42.9202546Z     7 │ const REALERT_INTERVAL_MS = 4 * 60 * 1000; // 4 minutes
Lint Code Base	Run Super-Linter	2026-09-20T16:07:42.9202831Z     8 │ const MAX_ALERTS_PER_TICK = 4; // Pagination to prevent overwhelming the agent
Lint Code Base	Run Super-Linter	2026-09-20T16:07:42.9202924Z   
Lint Code Base	Run Super-Linter	2026-09-20T16:07:42.9203198Z   i Unused variables are often the result of typos, incomplete refactors, or other sources of bugs.
Lint Code Base	Run Super-Linter	2026-09-20T16:07:42.9203273Z   
Lint Code Base	Run Super-Linter	2026-09-20T16:07:42.9203488Z   i Unsafe fix: If this is intentional, prepend POLL_INTERVAL_MS with an underscore.
Lint Code Base	Run Super-Linter	2026-09-20T16:07:42.9203561Z   
Lint Code Base	Run Super-Linter	2026-09-20T16:07:42.9203657Z       4   4 │   
Lint Code Base	Run Super-Linter	2026-09-20T16:07:42.9203930Z       5   5 │   const STATE_FILE = path.join(__dirname, ".github-monitor-state.json");
Lint Code Base	Run Super-Linter	2026-09-20T16:07:42.9204437Z       6     │ - const·POLL_INTERVAL_MS·=·5·*·60·*·1000;·//·5·minutes
Lint Code Base	Run Super-Linter	2026-09-20T16:07:42.9204684Z           6 │ + const·_POLL_INTERVAL_MS·=·5·*·60·*·1000;·//·5·minutes
Lint Code Base	Run Super-Linter	2026-09-20T16:07:42.9204896Z       7   7 │   const REALERT_INTERVAL_MS = 4 * 60 * 1000; // 4 minutes
Lint Code Base	Run Super-Linter	2026-09-20T16:07:42.9205190Z       8   8 │   const MAX_ALERTS_PER_TICK = 4; // Pagination to prevent overwhelming the agent
Lint Code Base	Run Super-Linter	2026-09-20T16:07:42.9205264Z   
Lint Code Base	Run Super-Linter	2026-09-20T16:07:42.9205269Z 
Lint Code Base	Run Super-Linter	2026-09-20T16:07:42.9205705Z scripts/github-monitor.js:25:12 lint/correctness/noUnusedVariables  FIXABLE  ━━━━━━━━━━━━━━━━━━━━━━━
Lint Code Base	Run Super-Linter	2026-09-20T16:07:42.9205740Z 
Lint Code Base	Run Super-Linter	2026-09-20T16:07:42.9205850Z   ! This variable e is unused.
Lint Code Base	Run Super-Linter	2026-09-20T16:07:42.9205956Z   
Lint Code Base	Run Super-Linter	2026-09-20T16:07:42.9206182Z     23 │       state = loadedState;
Lint Code Base	Run Super-Linter	2026-09-20T16:07:42.9206375Z     24 │     }
Lint Code Base	Run Super-Linter	2026-09-20T16:07:42.9206571Z   > 25 │   } catch (e) {
Lint Code Base	Run Super-Linter	2026-09-20T16:07:42.9206791Z        │            ^
Lint Code Base	Run Super-Linter	2026-09-20T16:07:42.9206982Z     26 │     // ignore
Lint Code Base	Run Super-Linter	2026-09-20T16:07:42.9207388Z     27 │   }
Lint Code Base	Run Super-Linter	2026-09-20T16:07:42.9207691Z   
Lint Code Base	Run Super-Linter	2026-09-20T16:07:42.9208387Z   i Unused variables are often the result of typos, incomplete refactors, or other sources of bugs.
Lint Code Base	Run Super-Linter	2026-09-20T16:07:42.9208936Z   
Lint Code Base	Run Super-Linter	2026-09-20T16:07:42.9209216Z   i Unsafe fix: If this is intentional, prepend e with an underscore.
Lint Code Base	Run Super-Linter	2026-09-20T16:07:42.9209554Z   
Lint Code Base	Run Super-Linter	2026-09-20T16:07:42.9209988Z      23  23 │         state = loadedState;
Lint Code Base	Run Super-Linter	2026-09-20T16:07:42.9210501Z      24  24 │       }
Lint Code Base	Run Super-Linter	2026-09-20T16:07:42.9210984Z      25     │ - ··}·catch·(e)·{
Lint Code Base	Run Super-Linter	2026-09-20T16:07:42.9211766Z          25 │ + ··}·catch·(_e)·{
Lint Code Base	Run Super-Linter	2026-09-20T16:07:42.9212377Z      26  26 │       // ignore
Lint Code Base	Run Super-Linter	2026-09-20T16:07:42.9212994Z      27  27 │     }
Lint Code Base	Run Super-Linter	2026-09-20T16:07:42.9213227Z   
Lint Code Base	Run Super-Linter	2026-09-20T16:07:42.9213320Z 
Lint Code Base	Run Super-Linter	2026-09-20T16:07:42.9213716Z scripts/github-monitor.js:115:12 lint/correctness/noUnusedVariables  FIXABLE  ━━━━━━━━━━━━━━━━━━━━━━
Lint Code Base	Run Super-Linter	2026-09-20T16:07:42.9214353Z 
Lint Code Base	Run Super-Linter	2026-09-20T16:07:42.9214462Z   ! This variable error is unused.
Lint Code Base	Run Super-Linter	2026-09-20T16:07:42.9214707Z   
Lint Code Base	Run Super-Linter	2026-09-20T16:07:42.9214910Z     113 │       }
Lint Code Base	Run Super-Linter	2026-09-20T16:07:42.9215207Z     114 │     }
Lint Code Base	Run Super-Linter	2026-09-20T16:07:42.9215549Z   > 115 │   } catch (error) {
Lint Code Base	Run Super-Linter	2026-09-20T16:07:42.9215812Z         │            ^^^^^
Lint Code Base	Run Super-Linter	2026-09-20T16:07:42.9216159Z     116 │     // Stay silent on errors so we don't spam the agent.
Lint Code Base	Run Super-Linter	2026-09-20T16:07:42.9216512Z     117 │   }
Lint Code Base	Run Super-Linter	2026-09-20T16:07:42.9216719Z   
Lint Code Base	Run Super-Linter	2026-09-20T16:07:42.9217394Z   i Unused variables are often the result of typos, incomplete refactors, or other sources of bugs.
Lint Code Base	Run Super-Linter	2026-09-20T16:07:42.9218490Z   
Lint Code Base	Run Super-Linter	2026-09-20T16:07:42.9218998Z   i Unsafe fix: If this is intentional, prepend error with an underscore.
Lint Code Base	Run Super-Linter	2026-09-20T16:07:42.9219602Z   
Lint Code Base	Run Super-Linter	2026-09-20T16:07:42.9219971Z     113 113 │         }
Lint Code Base	Run Super-Linter	2026-09-20T16:07:42.9220382Z     114 114 │       }
Lint Code Base	Run Super-Linter	2026-09-20T16:07:42.9220854Z     115     │ - ··}·catch·(error)·{
Lint Code Base	Run Super-Linter	2026-09-20T16:07:42.9221395Z         115 │ + ··}·catch·(_error)·{
Lint Code Base	Run Super-Linter	2026-09-20T16:07:42.9222127Z     116 116 │       // Stay silent on errors so we don't spam the agent.
Lint Code Base	Run Super-Linter	2026-09-20T16:07:42.9223034Z     117 117 │     }
Lint Code Base	Run Super-Linter	2026-09-20T16:07:42.9223328Z   
Lint Code Base	Run Super-Linter	2026-09-20T16:07:42.9223426Z 
Lint Code Base	Run Super-Linter	2026-09-20T16:07:42.9223828Z seed-docker.js:224:9 lint/correctness/noUnusedVariables  FIXABLE  ━━━━━━━━━━━━━━━━━━━━━━━━━━━━━━━━━━
Lint Code Base	Run Super-Linter	2026-09-20T16:07:42.9224529Z 
Lint Code Base	Run Super-Linter	2026-09-20T16:07:42.9224631Z   ! This variable inv3 is unused.
Lint Code Base	Run Super-Linter	2026-09-20T16:07:42.9224866Z   
Lint Code Base	Run Super-Linter	2026-09-20T16:07:42.9225067Z     222 │     },
Lint Code Base	Run Super-Linter	2026-09-20T16:07:42.9225272Z     223 │   });
Lint Code Base	Run Super-Linter	2026-09-20T16:07:42.9225570Z   > 224 │   const inv3 = await prisma.document.create({
Lint Code Base	Run Super-Linter	2026-09-20T16:07:42.9225931Z         │         ^^^^
Lint Code Base	Run Super-Linter	2026-09-20T16:07:42.9226150Z     225 │     data: {
Lint Code Base	Run Super-Linter	2026-09-20T16:07:42.9226383Z     226 │       type: "INVOICE",
Lint Code Base	Run Super-Linter	2026-09-20T16:07:42.9226604Z   
Lint Code Base	Run Super-Linter	2026-09-20T16:07:42.9226974Z   i Unused variables are often the result of typos, incomplete refactors, or other sources of bugs.
Lint Code Base	Run Super-Linter	2026-09-20T16:07:42.9227414Z   
Lint Code Base	Run Super-Linter	2026-09-20T16:07:42.9227683Z   i Unsafe fix: If this is intentional, prepend inv3 with an underscore.
Lint Code Base	Run Super-Linter	2026-09-20T16:07:42.9228025Z   
Lint Code Base	Run Super-Linter	2026-09-20T16:07:42.9228214Z     222 222 │       },
Lint Code Base	Run Super-Linter	2026-09-20T16:07:42.9228433Z     223 223 │     });
Lint Code Base	Run Super-Linter	2026-09-20T16:07:42.9228783Z     224     │ - ··const·inv3·=·await·prisma.document.create({
Lint Code Base	Run Super-Linter	2026-09-20T16:07:42.9229244Z         224 │ + ··const·_inv3·=·await·prisma.document.create({
Lint Code Base	Run Super-Linter	2026-09-20T16:07:42.9229590Z     225 225 │       data: {
Lint Code Base	Run Super-Linter	2026-09-20T16:07:42.9229854Z     226 226 │         type: "INVOICE",
Lint Code Base	Run Super-Linter	2026-09-20T16:07:42.9230093Z   
Lint Code Base	Run Super-Linter	2026-09-20T16:07:42.9230188Z 
Lint Code Base	Run Super-Linter	2026-09-20T16:07:42.9230563Z app/(app)/invoices/[id]/page.tsx:86:24 lint/suspicious/noArrayIndexKey ━━━━━━━━━━━━━━━━━━━━━━━━━━━━━
Lint Code Base	Run Super-Linter	2026-09-20T16:07:42.9230947Z 
Lint Code Base	Run Super-Linter	2026-09-20T16:07:42.9231170Z   × Avoid using the index of an array as key property in an element.
Lint Code Base	Run Super-Linter	2026-09-20T16:07:42.9231501Z   
Lint Code Base	Run Super-Linter	2026-09-20T16:07:42.9231908Z     84 │           <ul className="text-xs text-[var(--text-secondary)] list-disc pl-4 space-y-0.5">
Lint Code Base	Run Super-Linter	2026-09-20T16:07:42.9232392Z     85 │             {reasons.map((r, i) => (
Lint Code Base	Run Super-Linter	2026-09-20T16:07:42.9232717Z   > 86 │               <li key={i}>{r}</li>
Lint Code Base	Run Super-Linter	2026-09-20T16:07:42.9233009Z        │                        ^
Lint Code Base	Run Super-Linter	2026-09-20T16:07:42.9233268Z     87 │             ))}
Lint Code Base	Run Super-Linter	2026-09-20T16:07:42.9233502Z     88 │           </ul>
Lint Code Base	Run Super-Linter	2026-09-20T16:07:42.9233696Z   
Lint Code Base	Run Super-Linter	2026-09-20T16:07:42.9233896Z   i This is the source of the key value.
Lint Code Base	Run Super-Linter	2026-09-20T16:07:42.9234373Z   
Lint Code Base	Run Super-Linter	2026-09-20T16:07:42.9234581Z     83 │           </div>
Lint Code Base	Run Super-Linter	2026-09-20T16:07:42.9235017Z     84 │           <ul className="text-xs text-[var(--text-secondary)] list-disc pl-4 space-y-0.5">
Lint Code Base	Run Super-Linter	2026-09-20T16:07:42.9235500Z   > 85 │             {reasons.map((r, i) => (
Lint Code Base	Run Super-Linter	2026-09-20T16:07:42.9236006Z        │                              ^
Lint Code Base	Run Super-Linter	2026-09-20T16:07:42.9236295Z     86 │               <li key={i}>{r}</li>
Lint Code Base	Run Super-Linter	2026-09-20T16:07:42.9236570Z     87 │             ))}
Lint Code Base	Run Super-Linter	2026-09-20T16:07:42.9236769Z   
Lint Code Base	Run Super-Linter	2026-09-20T16:07:42.9237104Z   i The order of the items may change, and this also affects performances and component state.
Lint Code Base	Run Super-Linter	2026-09-20T16:07:42.9237520Z   
Lint Code Base	Run Super-Linter	2026-09-20T16:07:42.9237700Z   i Check the React documentation. 
Lint Code Base	Run Super-Linter	2026-09-20T16:07:42.9237932Z   
Lint Code Base	Run Super-Linter	2026-09-20T16:07:42.9238023Z 
Lint Code Base	Run Super-Linter	2026-09-20T16:07:42.9238398Z app/(app)/page.tsx:74:11 lint/a11y/useButtonType ━━━━━━━━━━━━━━━━━━━━━━━━━━━━━━━━━━━━━━━━━━━━━━━━━━━
Lint Code Base	Run Super-Linter	2026-09-20T16:07:42.9238779Z 
Lint Code Base	Run Super-Linter	2026-09-20T16:07:42.9238971Z   × Provide an explicit type prop for the button element.
Lint Code Base	Run Super-Linter	2026-09-20T16:07:42.9239268Z   
Lint Code Base	Run Super-Linter	2026-09-20T16:07:42.9239490Z     73 │         <div className="flex gap-3">
Lint Code Base	Run Super-Linter	2026-09-20T16:07:42.9240290Z   > 74 │           <button className="flex items-center gap-2 px-3 py-2 text-xs rounded-md border border-[var(--border-color)] bg-[var(--bg-surface)] text-[var(--text-primary)]">
Lint Code Base	Run Super-Linter	2026-09-20T16:07:42.9241404Z        │           ^^^^^^^^^^^^^^^^^^^^^^^^^^^^^^^^^^^^^^^^^^^^^^^^^^^^^^^^^^^^^^^^^^^^^^^^^^^^^^^^^^^^^^^^^^^^^^^^^^^^^^^^^^^^^^^^^^^^^^^^^^^^^^^^^^^^^^^^^^^^^^^^^^^^^^^^^^^^^^^
Lint Code Base	Run Super-Linter	2026-09-20T16:07:42.9241921Z     75 │             <Filter className="w-3.5 h-3.5" /> Filters
Lint Code Base	Run Super-Linter	2026-09-20T16:07:42.9242247Z     76 │           </button>
Lint Code Base	Run Super-Linter	2026-09-20T16:07:42.9242460Z   
Lint Code Base	Run Super-Linter	2026-09-20T16:07:42.9243314Z   i The default type of a button is submit, which causes the submission of a form when placed inside a `form` element. This is likely not the behaviour that you want inside a React application.
Lint Code Base	Run Super-Linter	2026-09-20T16:07:42.9244368Z   
Lint Code Base	Run Super-Linter	2026-09-20T16:07:42.9244617Z   i Allowed button types are: submit, button or reset
Lint Code Base	Run Super-Linter	2026-09-20T16:07:42.9245112Z   
Lint Code Base	Run Super-Linter	2026-09-20T16:07:42.9245271Z 
Lint Code Base	Run Super-Linter	2026-09-20T16:07:42.9245987Z app/(app)/page.tsx:111:18 lint/suspicious/noArrayIndexKey ━━━━━━━━━━━━━━━━━━━━━━━━━━━━━━━━━━━━━━━━━━
Lint Code Base	Run Super-Linter	2026-09-20T16:07:42.9246709Z 
Lint Code Base	Run Super-Linter	2026-09-20T16:07:42.9247281Z   × Avoid using the index of an array as key property in an element.
Lint Code Base	Run Super-Linter	2026-09-20T16:07:42.9247963Z   
Lint Code Base	Run Super-Linter	2026-09-20T16:07:42.9248208Z     109 │         ].map((metric, i) => (
Lint Code Base	Run Super-Linter	2026-09-20T16:07:42.9248491Z     110 │           <div
Lint Code Base	Run Super-Linter	2026-09-20T16:07:42.9248746Z   > 111 │             key={i}
Lint Code Base	Run Super-Linter	2026-09-20T16:07:42.9248999Z         │                  ^
Lint Code Base	Run Super-Linter	2026-09-20T16:07:42.9249654Z     112 │             className={`p-4 rounded-xl border bg-[var(--bg-surface)] ${
Lint Code Base	Run Super-Linter	2026-09-20T16:07:42.9250396Z     113 │               metric.highlight
Lint Code Base	Run Super-Linter	2026-09-20T16:07:42.9250967Z   
Lint Code Base	Run Super-Linter	2026-09-20T16:07:42.9251499Z   i This is the source of the key value.
Lint Code Base	Run Super-Linter	2026-09-20T16:07:42.9270756Z   
Lint Code Base	Run Super-Linter	2026-09-20T16:07:42.9271347Z     107 │             detail: "Needs a second look",
Lint Code Base	Run Super-Linter	2026-09-20T16:07:42.9271898Z     108 │           },
Lint Code Base	Run Super-Linter	2026-09-20T16:07:42.9272343Z   > 109 │         ].map((metric, i) => (
Lint Code Base	Run Super-Linter	2026-09-20T16:07:42.9272839Z         │                        ^
Lint Code Base	Run Super-Linter	2026-09-20T16:07:42.9273313Z     110 │           <div
Lint Code Base	Run Super-Linter	2026-09-20T16:07:42.9273982Z     111 │             key={i}
Lint Code Base	Run Super-Linter	2026-09-20T16:07:42.9274576Z   
Lint Code Base	Run Super-Linter	2026-09-20T16:07:42.9275168Z   i The order of the items may change, and this also affects performances and component state.
Lint Code Base	Run Super-Linter	2026-09-20T16:07:42.9275646Z   
Lint Code Base	Run Super-Linter	2026-09-20T16:07:42.9275839Z   i Check the React documentation. 
Lint Code Base	Run Super-Linter	2026-09-20T16:07:42.9276090Z   
Lint Code Base	Run Super-Linter	2026-09-20T16:07:42.9276179Z 
Lint Code Base	Run Super-Linter	2026-09-20T16:07:42.9276602Z app/(app)/reports/page.tsx:50:9 lint/a11y/useButtonType ━━━━━━━━━━━━━━━━━━━━━━━━━━━━━━━━━━━━━━━━━━━━
Lint Code Base	Run Super-Linter	2026-09-20T16:07:42.9276994Z 
Lint Code Base	Run Super-Linter	2026-09-20T16:07:42.9277198Z   × Provide an explicit type prop for the button element.
Lint Code Base	Run Super-Linter	2026-09-20T16:07:42.9277514Z   
Lint Code Base	Run Super-Linter	2026-09-20T16:07:42.9277717Z     48 │           </p>
Lint Code Base	Run Super-Linter	2026-09-20T16:07:42.9277949Z     49 │         </div>
Lint Code Base	Run Super-Linter	2026-09-20T16:07:42.9278818Z   > 50 │         <button className="px-3 py-1.5 text-xs rounded-md border border-[var(--border-color)] bg-[var(--bg-surface)] hover:bg-[var(--bg-surface-alt)] inline-flex items-center gap-1.5 font-medium">
Lint Code Base	Run Super-Linter	2026-09-20T16:07:42.9280092Z        │         ^^^^^^^^^^^^^^^^^^^^^^^^^^^^^^^^^^^^^^^^^^^^^^^^^^^^^^^^^^^^^^^^^^^^^^^^^^^^^^^^^^^^^^^^^^^^^^^^^^^^^^^^^^^^^^^^^^^^^^^^^^^^^^^^^^^^^^^^^^^^^^^^^^^^^^^^^^^^^^^^^^^^^^^^^^^^^^^^^^^^^^^^^^^^
Lint Code Base	Run Super-Linter	2026-09-20T16:07:42.9280709Z     51 │           <Download className="w-3.5 h-3.5" /> Export Audit Summary
Lint Code Base	Run Super-Linter	2026-09-20T16:07:42.9281091Z     52 │         </button>
Lint Code Base	Run Super-Linter	2026-09-20T16:07:42.9281299Z   
Lint Code Base	Run Super-Linter	2026-09-20T16:07:42.9282015Z   i The default type of a button is submit, which causes the submission of a form when placed inside a `form` element. This is likely not the behaviour that you want inside a React application.
Lint Code Base	Run Super-Linter	2026-09-20T16:07:42.9282746Z   
Lint Code Base	Run Super-Linter	2026-09-20T16:07:42.9282968Z   i Allowed button types are: submit, button or reset
Lint Code Base	Run Super-Linter	2026-09-20T16:07:42.9283258Z   
Lint Code Base	Run Super-Linter	2026-09-20T16:07:42.9283359Z 
Lint Code Base	Run Super-Linter	2026-09-20T16:07:42.9283761Z scripts/github-monitor.js:20:32 lint/suspicious/useIterableCallbackReturn ━━━━━━━━━━━━━━━━━━━━━━━━━━
Lint Code Base	Run Super-Linter	2026-09-20T16:07:42.9284430Z 
Lint Code Base	Run Super-Linter	2026-09-20T16:07:42.9284850Z   × This callback passed to forEach() iterable method should not return a value.
Lint Code Base	Run Super-Linter	2026-09-20T16:07:42.9285251Z   
Lint Code Base	Run Super-Linter	2026-09-20T16:07:42.9285613Z     18 │     const loadedState = JSON.parse(fs.readFileSync(STATE_FILE, "utf8"));
Lint Code Base	Run Super-Linter	2026-09-20T16:07:42.9286099Z     19 │     if (Array.isArray(loadedState.reportedRuns)) {
Lint Code Base	Run Super-Linter	2026-09-20T16:07:42.9286644Z   > 20 │       loadedState.reportedRuns.forEach(id => state.reportedRuns[id] = Date.now());
Lint Code Base	Run Super-Linter	2026-09-20T16:07:42.9287118Z        │                                ^^^^^^^
Lint Code Base	Run Super-Linter	2026-09-20T16:07:42.9287644Z     21 │       loadedState.reportedComments.forEach(id => state.reportedComments[id] = Date.now());
Lint Code Base	Run Super-Linter	2026-09-20T16:07:42.9288131Z     22 │     } else {
Lint Code Base	Run Super-Linter	2026-09-20T16:07:42.9288331Z   
Lint Code Base	Run Super-Linter	2026-09-20T16:07:42.9288572Z   i Either remove this return or remove the returned value.
Lint Code Base	Run Super-Linter	2026-09-20T16:07:42.9288882Z   
Lint Code Base	Run Super-Linter	2026-09-20T16:07:42.9289233Z     18 │     const loadedState = JSON.parse(fs.readFileSync(STATE_FILE, "utf8"));
Lint Code Base	Run Super-Linter	2026-09-20T16:07:42.9289715Z     19 │     if (Array.isArray(loadedState.reportedRuns)) {
Lint Code Base	Run Super-Linter	2026-09-20T16:07:42.9290252Z   > 20 │       loadedState.reportedRuns.forEach(id => state.reportedRuns[id] = Date.now());
Lint Code Base	Run Super-Linter	2026-09-20T16:07:42.9290795Z        │                                              ^^^^^^^^^^^^^^^^^^^^^^^^^^^^^^^^^^^
Lint Code Base	Run Super-Linter	2026-09-20T16:07:42.9291366Z     21 │       loadedState.reportedComments.forEach(id => state.reportedComments[id] = Date.now());
Lint Code Base	Run Super-Linter	2026-09-20T16:07:42.9292113Z     22 │     } else {
Lint Code Base	Run Super-Linter	2026-09-20T16:07:42.9292315Z   
Lint Code Base	Run Super-Linter	2026-09-20T16:07:42.9292406Z 
Lint Code Base	Run Super-Linter	2026-09-20T16:07:42.9292793Z scripts/github-monitor.js:21:36 lint/suspicious/useIterableCallbackReturn ━━━━━━━━━━━━━━━━━━━━━━━━━━
Lint Code Base	Run Super-Linter	2026-09-20T16:07:42.9293507Z 
Lint Code Base	Run Super-Linter	2026-09-20T16:07:42.9294019Z   × This callback passed to forEach() iterable method should not return a value.
Lint Code Base	Run Super-Linter	2026-09-20T16:07:42.9294907Z   
Lint Code Base	Run Super-Linter	2026-09-20T16:07:42.9295509Z     19 │     if (Array.isArray(loadedState.reportedRuns)) {
Lint Code Base	Run Super-Linter	2026-09-20T16:07:42.9296474Z     20 │       loadedState.reportedRuns.forEach(id => state.reportedRuns[id] = Date.now());
Lint Code Base	Run Super-Linter	2026-09-20T16:07:42.9297194Z   > 21 │       loadedState.reportedComments.forEach(id => state.reportedComments[id] = Date.now());
Lint Code Base	Run Super-Linter	2026-09-20T16:07:42.9298128Z        │                                    ^^^^^^^
Lint Code Base	Run Super-Linter	2026-09-20T16:07:42.9298430Z     22 │     } else {
Lint Code Base	Run Super-Linter	2026-09-20T16:07:42.9298820Z     23 │       state = loadedState;
Lint Code Base	Run Super-Linter	2026-09-20T16:07:42.9299231Z   
Lint Code Base	Run Super-Linter	2026-09-20T16:07:42.9299649Z   i Either remove this return or remove the returned value.
Lint Code Base	Run Super-Linter	2026-09-20T16:07:42.9300197Z   
Lint Code Base	Run Super-Linter	2026-09-20T16:07:42.9300749Z     19 │     if (Array.isArray(loadedState.reportedRuns)) {
Lint Code Base	Run Super-Linter	2026-09-20T16:07:42.9301788Z     20 │       loadedState.reportedRuns.forEach(id => state.reportedRuns[id] = Date.now());
Lint Code Base	Run Super-Linter	2026-09-20T16:07:42.9302478Z   > 21 │       loadedState.reportedComments.forEach(id => state.reportedComments[id] = Date.now());
Lint Code Base	Run Super-Linter	2026-09-20T16:07:42.9303254Z        │                                                  ^^^^^^^^^^^^^^^^^^^^^^^^^^^^^^^^^^^^^^^
Lint Code Base	Run Super-Linter	2026-09-20T16:07:42.9303614Z     22 │     } else {
Lint Code Base	Run Super-Linter	2026-09-20T16:07:42.9303863Z     23 │       state = loadedState;
Lint Code Base	Run Super-Linter	2026-09-20T16:07:42.9304806Z   
Lint Code Base	Run Super-Linter	2026-09-20T16:07:42.9304974Z 
Lint Code Base	Run Super-Linter	2026-09-20T16:07:42.9305755Z lint ━━━━━━━━━━━━━━━━━━━━━━━━━━━━━━━━━━━━━━━━━━━━━━━━━━━━━━━━━━━━━━━━━━━━━━━━━━━━━━━━━━━━━━━━━━━━━━━
Lint Code Base	Run Super-Linter	2026-09-20T16:07:42.9306472Z 
Lint Code Base	Run Super-Linter	2026-09-20T16:07:42.9306849Z   × Some warnings were emitted while running checks.
Lint Code Base	Run Super-Linter	2026-09-20T16:07:42.9307532Z   
Lint Code Base	Run Super-Linter	2026-09-20T16:07:42.9307755Z ------
Lint Code Base	Run Super-Linter	2026-09-20T16:07:42.9308252Z ##[endgroup]
Lint Code Base	Run Super-Linter	2026-09-20T16:07:42.9308675Z ##[group]CHECKOV
Lint Code Base	Run Super-Linter	2026-09-20T16:07:42.9308923Z 2026-09-20 16:07:42 [ERROR]   Errors found in CHECKOV
Lint Code Base	Run Super-Linter	2026-09-20T16:07:42.9316341Z 2026-09-20 16:07:42 [ERROR]   Stdout contents for CHECKOV:
Lint Code Base	Run Super-Linter	2026-09-20T16:07:42.9317081Z ------
Lint Code Base	Run Super-Linter	2026-09-20T16:07:42.9317420Z dockerfile scan results:
Lint Code Base	Run Super-Linter	2026-09-20T16:07:42.9317677Z 
Lint Code Base	Run Super-Linter	2026-09-20T16:07:42.9317942Z Passed checks: 249, Failed checks: 1, Skipped checks: 0
Lint Code Base	Run Super-Linter	2026-09-20T16:07:42.9318335Z 
Lint Code Base	Run Super-Linter	2026-09-20T16:07:42.9318790Z Check: CKV_DOCKER_2: "Ensure that HEALTHCHECK instructions have been added to container images"
Lint Code Base	Run Super-Linter	2026-09-20T16:07:42.9319630Z 	FAILED for resource: /Dockerfile.
Lint Code Base	Run Super-Linter	2026-09-20T16:07:42.9320078Z 	File: /Dockerfile:1-77
Lint Code Base	Run Super-Linter	2026-09-20T16:07:42.9321580Z 	Guide: https://docs.prismacloud.io/en/enterprise-edition/policy-reference/docker-policies/docker-policy-index/ensure-that-healthcheck-instructions-have-been-added-to-container-images
Lint Code Base	Run Super-Linter	2026-09-20T16:07:42.9322973Z 
Lint Code Base	Run Super-Linter	2026-09-20T16:07:42.9323430Z 		Code lines for this resource are too many. Please use IDE of your choice to review the file.
Lint Code Base	Run Super-Linter	2026-09-20T16:07:42.9324623Z github_actions scan results:
Lint Code Base	Run Super-Linter	2026-09-20T16:07:42.9325009Z 
Lint Code Base	Run Super-Linter	2026-09-20T16:07:42.9325190Z Passed checks: 82, Failed checks: 2, Skipped checks: 0
Lint Code Base	Run Super-Linter	2026-09-20T16:07:42.9325421Z 
Lint Code Base	Run Super-Linter	2026-09-20T16:07:42.9325625Z Check: CKV2_GHA_1: "Ensure top-level permissions are not set to write-all"
Lint Code Base	Run Super-Linter	2026-09-20T16:07:42.9326084Z 	FAILED for resource: on(Super-Linter Quality Assurance)
Lint Code Base	Run Super-Linter	2026-09-20T16:07:42.9326452Z 	File: /.github/workflows/super-linter.yml:13-14
Lint Code Base	Run Super-Linter	2026-09-20T16:07:42.9326864Z Check: CKV2_GHA_1: "Ensure top-level permissions are not set to write-all"
Lint Code Base	Run Super-Linter	2026-09-20T16:07:42.9327280Z 	FAILED for resource: on(OWASP Noir Security Scan)
Lint Code Base	Run Super-Linter	2026-09-20T16:07:42.9327601Z 	File: /.github/workflows/noir-scan.yml:0-1
Lint Code Base	Run Super-Linter	2026-09-20T16:07:42.9327877Z ------
Lint Code Base	Run Super-Linter	2026-09-20T16:07:42.9397789Z ##[endgroup]
Lint Code Base	Run Super-Linter	2026-09-20T16:07:43.0015714Z ##[group]CSS
Lint Code Base	Run Super-Linter	2026-09-20T16:07:43.0089421Z 2026-09-20 16:07:43 [ERROR]   Errors found in CSS
Lint Code Base	Run Super-Linter	2026-09-20T16:07:43.0134013Z 2026-09-20 16:07:43 [ERROR]   Stderr contents for CSS:
Lint Code Base	Run Super-Linter	2026-09-20T16:07:43.0134771Z ------
Lint Code Base	Run Super-Linter	2026-09-20T16:07:43.0134910Z 
Lint Code Base	Run Super-Linter	2026-09-20T16:07:43.0135004Z app/globals.css
Lint Code Base	Run Super-Linter	2026-09-20T16:07:43.0135877Z     ^[[2m1:9^[[22m   ^[[31m^[[31m✖^[[39m  Expected ""tailwindcss"" to be "url("tailwindcss")"  ^[[2mimport-notation^[[22m
Lint Code Base	Run Super-Linter	2026-09-20T16:07:43.0136697Z     ^[[2m7:19^[[22m  ^[[31m^[[31m✖^[[39m  Expected "#ffffff" to be "#fff"                      ^[[2mcolor-hex-length^[[22m
Lint Code Base	Run Super-Linter	2026-09-20T16:07:43.0137568Z    ^[[2m43:5^[[22m   ^[[31m^[[31m✖^[[39m  Expected no empty line before custom property        ^[[2mcustom-property-empty-line-before^[[22m
Lint Code Base	Run Super-Linter	2026-09-20T16:07:43.0138445Z    ^[[2m81:19^[[22m  ^[[31m^[[31m✖^[[39m  Expected "#ffffff" to be "#fff"                      ^[[2mcolor-hex-length^[[22m
Lint Code Base	Run Super-Linter	2026-09-20T16:07:43.0139621Z   ^[[2m102:1^[[22m   ^[[31m^[[31m✖^[[39m  Expected empty line before rule                      ^[[2mrule-empty-line-before^[[22m
Lint Code Base	Run Super-Linter	2026-09-20T16:07:43.0140180Z 
Lint Code Base	Run Super-Linter	2026-09-20T16:07:43.0140405Z ^[[31m✖^[[39m 5 problems (^[[31m5 errors^[[39m, ^[[33m0 warnings^[[39m)
Lint Code Base	Run Super-Linter	2026-09-20T16:07:43.0140819Z   5 errors potentially fixable with the "--fix" option.
Lint Code Base	Run Super-Linter	2026-09-20T16:07:43.0141133Z ------
Lint Code Base	Run Super-Linter	2026-09-20T16:07:43.0212725Z ##[endgroup]
Lint Code Base	Run Super-Linter	2026-09-20T16:07:43.0401102Z ##[group]CSS_PRETTIER
Lint Code Base	Run Super-Linter	2026-09-20T16:07:43.0478870Z 2026-09-20 16:07:43 [NOTICE]   Successfully linted CSS_PRETTIER
Lint Code Base	Run Super-Linter	2026-09-20T16:07:43.0514644Z 2026-09-20 16:07:43 [INFO]   Stdout contents for CSS_PRETTIER:
Lint Code Base	Run Super-Linter	2026-09-20T16:07:43.0515241Z ------
Lint Code Base	Run Super-Linter	2026-09-20T16:07:43.0515563Z Checking formatting...
Lint Code Base	Run Super-Linter	2026-09-20T16:07:43.0515978Z All matched files use Prettier code style!
Lint Code Base	Run Super-Linter	2026-09-20T16:07:43.0516436Z ------
Lint Code Base	Run Super-Linter	2026-09-20T16:07:43.0592965Z ##[endgroup]
Lint Code Base	Run Super-Linter	2026-09-20T16:07:43.0842344Z ##[group]DOCKERFILE_HADOLINT
Lint Code Base	Run Super-Linter	2026-09-20T16:07:43.0918422Z 2026-09-20 16:07:43 [ERROR]   Errors found in DOCKERFILE_HADOLINT
Lint Code Base	Run Super-Linter	2026-09-20T16:07:43.0961553Z 2026-09-20 16:07:43 [ERROR]   Stdout contents for DOCKERFILE_HADOLINT:
Lint Code Base	Run Super-Linter	2026-09-20T16:07:43.0961987Z ------
Lint Code Base	Run Super-Linter	2026-09-20T16:07:43.0962854Z /github/workspace/Dockerfile:3 DL3018 ^[[1m^[[93mwarning^[[0m: Pin versions in apk add. Instead of `apk add <package>` use `apk add <package>=<version>`
Lint Code Base	Run Super-Linter	2026-09-20T16:07:43.0963844Z /github/workspace/Dockerfile:24 DL3059 ^[[92minfo^[[0m: Multiple consecutive `RUN` instructions. Consider consolidation.
Lint Code Base	Run Super-Linter	2026-09-20T16:07:43.0965115Z /github/workspace/Dockerfile:35 DL3059 ^[[92minfo^[[0m: Multiple consecutive `RUN` instructions. Consider consolidation.
Lint Code Base	Run Super-Linter	2026-09-20T16:07:43.0966021Z /github/workspace/Dockerfile:38 DL3059 ^[[92minfo^[[0m: Multiple consecutive `RUN` instructions. Consider consolidation.
Lint Code Base	Run Super-Linter	2026-09-20T16:07:43.0966913Z /github/workspace/Dockerfile:39 DL3059 ^[[92minfo^[[0m: Multiple consecutive `RUN` instructions. Consider consolidation.
Lint Code Base	Run Super-Linter	2026-09-20T16:07:43.0967834Z /github/workspace/Dockerfile:42 DL3059 ^[[92minfo^[[0m: Multiple consecutive `RUN` instructions. Consider consolidation.
Lint Code Base	Run Super-Linter	2026-09-20T16:07:43.0968762Z /github/workspace/Dockerfile:43 DL3059 ^[[92minfo^[[0m: Multiple consecutive `RUN` instructions. Consider consolidation.
Lint Code Base	Run Super-Linter	2026-09-20T16:07:43.0969418Z ------
Lint Code Base	Run Super-Linter	2026-09-20T16:07:43.1041282Z ##[endgroup]
Lint Code Base	Run Super-Linter	2026-09-20T16:07:43.1506123Z ##[group]ENV
Lint Code Base	Run Super-Linter	2026-09-20T16:07:43.1583103Z 2026-09-20 16:07:43 [ERROR]   Errors found in ENV
Lint Code Base	Run Super-Linter	2026-09-20T16:07:43.1625979Z 2026-09-20 16:07:43 [ERROR]   Stdout contents for ENV:
Lint Code Base	Run Super-Linter	2026-09-20T16:07:43.1626442Z ------
Lint Code Base	Run Super-Linter	2026-09-20T16:07:43.1626657Z Checking .env
Lint Code Base	Run Super-Linter	2026-09-20T16:07:43.1626951Z .env:1 QuoteCharacter: The value has quote characters (', ")
Lint Code Base	Run Super-Linter	2026-09-20T16:07:43.1627381Z .env:2 QuoteCharacter: The value has quote characters (', ")
Lint Code Base	Run Super-Linter	2026-09-20T16:07:43.1627771Z .env:4 ExtraBlankLine: Extra blank line detected
Lint Code Base	Run Super-Linter	2026-09-20T16:07:43.1628023Z 
Lint Code Base	Run Super-Linter	2026-09-20T16:07:43.1628116Z Found 3 problems
Lint Code Base	Run Super-Linter	2026-09-20T16:07:43.1628328Z ------
Lint Code Base	Run Super-Linter	2026-09-20T16:07:43.1705416Z ##[endgroup]
Lint Code Base	Run Super-Linter	2026-09-20T16:07:43.1996680Z ##[group]GITLEAKS
Lint Code Base	Run Super-Linter	2026-09-20T16:07:43.2070377Z 2026-09-20 16:07:43 [ERROR]   Errors found in GITLEAKS
Lint Code Base	Run Super-Linter	2026-09-20T16:07:43.2112119Z 2026-09-20 16:07:43 [ERROR]   Stdout contents for GITLEAKS:
Lint Code Base	Run Super-Linter	2026-09-20T16:07:43.2112902Z ------
Lint Code Base	Run Super-Linter	2026-09-20T16:07:43.2113632Z Finding:     JWT_SECRET="^[[1;3;mREDACTED^[[0m"
Lint Code Base	Run Super-Linter	2026-09-20T16:07:43.2114447Z Secret:      ^[[1;3;mREDACTED^[[0m
Lint Code Base	Run Super-Linter	2026-09-20T16:07:43.2114931Z RuleID:      generic-api-key
Lint Code Base	Run Super-Linter	2026-09-20T16:07:43.2115352Z Entropy:     3.946764
Lint Code Base	Run Super-Linter	2026-09-20T16:07:43.2115796Z File:        /github/workspace/.env
Lint Code Base	Run Super-Linter	2026-09-20T16:07:43.2116263Z Line:        2
Lint Code Base	Run Super-Linter	2026-09-20T16:07:43.2116667Z Fingerprint: /github/workspace/.env:generic-api-key:2
Lint Code Base	Run Super-Linter	2026-09-20T16:07:43.2117066Z ------
Lint Code Base	Run Super-Linter	2026-09-20T16:07:43.2173091Z 2026-09-20 16:07:43 [ERROR]   Stderr contents for GITLEAKS:
Lint Code Base	Run Super-Linter	2026-09-20T16:07:43.2173943Z ------
Lint Code Base	Run Super-Linter	2026-09-20T16:07:43.2175120Z ^[[90m4:07PM^[[0m ^[[32mINF^[[0m ^[[1mscanned ~67 bytes (67 bytes) in 4.32ms^[[0m
Lint Code Base	Run Super-Linter	2026-09-20T16:07:43.2176306Z ^[[90m4:07PM^[[0m ^[[32mINF^[[0m ^[[1mno leaks found^[[0m
Lint Code Base	Run Super-Linter	2026-09-20T16:07:43.2177749Z ^[[90m4:07PM^[[0m ^[[32mINF^[[0m ^[[1mscanned ~767 bytes (767 bytes) in 6.77ms^[[0m
Lint Code Base	Run Super-Linter	2026-09-20T16:07:43.2178559Z ^[[90m4:07PM^[[0m ^[[32mINF^[[0m ^[[1mno leaks found^[[0m
Lint Code Base	Run Super-Linter	2026-09-20T16:07:43.2179043Z ^[[90m4:07PM^[[0m ^[[32mINF^[[0m ^[[1mscanned ~2810 bytes (2.81 KB) in 5.36ms^[[0m
Lint Code Base	Run Super-Linter	2026-09-20T16:07:43.2179504Z ^[[90m4:07PM^[[0m ^[[32mINF^[[0m ^[[1mno leaks found^[[0m
Lint Code Base	Run Super-Linter	2026-09-20T16:07:43.2179971Z ^[[90m4:07PM^[[0m ^[[32mINF^[[0m ^[[1mscanned ~1018 bytes (1.02 KB) in 9.34ms^[[0m
Lint Code Base	Run Super-Linter	2026-09-20T16:07:43.2180429Z ^[[90m4:07PM^[[0m ^[[32mINF^[[0m ^[[1mno leaks found^[[0m
Lint Code Base	Run Super-Linter	2026-09-20T16:07:43.2180929Z ^[[90m4:07PM^[[0m ^[[32mINF^[[0m ^[[1mscanned ~5679 bytes (5.68 KB) in 32.5ms^[[0m
Lint Code Base	Run Super-Linter	2026-09-20T16:07:43.2181470Z ^[[90m4:07PM^[[0m ^[[32mINF^[[0m ^[[1mno leaks found^[[0m
Lint Code Base	Run Super-Linter	2026-09-20T16:07:43.2182006Z ^[[90m4:07PM^[[0m ^[[32mINF^[[0m ^[[1mscanned ~3815 bytes (3.82 KB) in 5.87ms^[[0m
Lint Code Base	Run Super-Linter	2026-09-20T16:07:43.2182700Z ^[[90m4:07PM^[[0m ^[[32mINF^[[0m ^[[1mno leaks found^[[0m
Lint Code Base	Run Super-Linter	2026-09-20T16:07:43.2183180Z ^[[90m4:07PM^[[0m ^[[32mINF^[[0m ^[[1mscanned ~123 bytes (123 bytes) in 1.94ms^[[0m
Lint Code Base	Run Super-Linter	2026-09-20T16:07:43.2183641Z ^[[90m4:07PM^[[0m ^[[32mINF^[[0m ^[[1mno leaks found^[[0m
Lint Code Base	Run Super-Linter	2026-09-20T16:07:43.2184389Z ^[[90m4:07PM^[[0m ^[[32mINF^[[0m ^[[1mscanned ~6586 bytes (6.59 KB) in 44.7ms^[[0m
Lint Code Base	Run Super-Linter	2026-09-20T16:07:43.2185162Z ^[[90m4:07PM^[[0m ^[[32mINF^[[0m ^[[1mno leaks found^[[0m
Lint Code Base	Run Super-Linter	2026-09-20T16:07:43.2185780Z ^[[90m4:07PM^[[0m ^[[32mINF^[[0m ^[[1mscanned ~2313 bytes (2.31 KB) in 3.45ms^[[0m
Lint Code Base	Run Super-Linter	2026-09-20T16:07:43.2186237Z ^[[90m4:07PM^[[0m ^[[32mINF^[[0m ^[[1mno leaks found^[[0m
Lint Code Base	Run Super-Linter	2026-09-20T16:07:43.2186703Z ^[[90m4:07PM^[[0m ^[[32mINF^[[0m ^[[1mscanned ~127 bytes (127 bytes) in 5.56ms^[[0m
Lint Code Base	Run Super-Linter	2026-09-20T16:07:43.2187161Z ^[[90m4:07PM^[[0m ^[[32mINF^[[0m ^[[1mno leaks found^[[0m
Lint Code Base	Run Super-Linter	2026-09-20T16:07:43.2187624Z ^[[90m4:07PM^[[0m ^[[32mINF^[[0m ^[[1mscanned ~655 bytes (655 bytes) in 9.47ms^[[0m
Lint Code Base	Run Super-Linter	2026-09-20T16:07:43.2188081Z ^[[90m4:07PM^[[0m ^[[32mINF^[[0m ^[[1mno leaks found^[[0m
Lint Code Base	Run Super-Linter	2026-09-20T16:07:43.2188548Z ^[[90m4:07PM^[[0m ^[[32mINF^[[0m ^[[1mscanned ~107 bytes (107 bytes) in 2.59ms^[[0m
Lint Code Base	Run Super-Linter	2026-09-20T16:07:43.2189018Z ^[[90m4:07PM^[[0m ^[[33mWRN^[[0m ^[[1mleaks found: 1^[[0m
Lint Code Base	Run Super-Linter	2026-09-20T16:07:43.2189449Z ^[[90m4:07PM^[[0m ^[[32mINF^[[0m ^[[1mscanned ~249 bytes (249 bytes) in 5.86ms^[[0m
Lint Code Base	Run Super-Linter	2026-09-20T16:07:43.2189864Z ^[[90m4:07PM^[[0m ^[[32mINF^[[0m ^[[1mno leaks found^[[0m
Lint Code Base	Run Super-Linter	2026-09-20T16:07:43.2190272Z ^[[90m4:07PM^[[0m ^[[32mINF^[[0m ^[[1mscanned ~1695 bytes (1.70 KB) in 6.04ms^[[0m
Lint Code Base	Run Super-Linter	2026-09-20T16:07:43.2190669Z ^[[90m4:07PM^[[0m ^[[32mINF^[[0m ^[[1mno leaks found^[[0m
Lint Code Base	Run Super-Linter	2026-09-20T16:07:43.2191119Z ^[[90m4:07PM^[[0m ^[[32mINF^[[0m ^[[1mscanned ~723 bytes (723 bytes) in 12.9ms^[[0m
Lint Code Base	Run Super-Linter	2026-09-20T16:07:43.2191523Z ^[[90m4:07PM^[[0m ^[[32mINF^[[0m ^[[1mno leaks found^[[0m
Lint Code Base	Run Super-Linter	2026-09-20T16:07:43.2191928Z ^[[90m4:07PM^[[0m ^[[32mINF^[[0m ^[[1mscanned ~826 bytes (826 bytes) in 5.74ms^[[0m
Lint Code Base	Run Super-Linter	2026-09-20T16:07:43.2192329Z ^[[90m4:07PM^[[0m ^[[32mINF^[[0m ^[[1mno leaks found^[[0m
Lint Code Base	Run Super-Linter	2026-09-20T16:07:43.2192730Z ^[[90m4:07PM^[[0m ^[[32mINF^[[0m ^[[1mscanned ~2401 bytes (2.40 KB) in 14ms^[[0m
Lint Code Base	Run Super-Linter	2026-09-20T16:07:43.2193136Z ^[[90m4:07PM^[[0m ^[[32mINF^[[0m ^[[1mno leaks found^[[0m
Lint Code Base	Run Super-Linter	2026-09-20T16:07:43.2193550Z ^[[90m4:07PM^[[0m ^[[32mINF^[[0m ^[[1mscanned ~3826 bytes (3.83 KB) in 24.3ms^[[0m
Lint Code Base	Run Super-Linter	2026-09-20T16:07:43.2193944Z ^[[90m4:07PM^[[0m ^[[32mINF^[[0m ^[[1mno leaks found^[[0m
Lint Code Base	Run Super-Linter	2026-09-20T16:07:43.2194919Z ^[[90m4:07PM^[[0m ^[[32mINF^[[0m ^[[1mscanned ~9228 bytes (9.23 KB) in 26.4ms^[[0m
Lint Code Base	Run Super-Linter	2026-09-20T16:07:43.2195361Z ^[[90m4:07PM^[[0m ^[[32mINF^[[0m ^[[1mno leaks found^[[0m
Lint Code Base	Run Super-Linter	2026-09-20T16:07:43.2195806Z ^[[90m4:07PM^[[0m ^[[32mINF^[[0m ^[[1mscanned ~1826 bytes (1.83 KB) in 10.7ms^[[0m
Lint Code Base	Run Super-Linter	2026-09-20T16:07:43.2196223Z ^[[90m4:07PM^[[0m ^[[32mINF^[[0m ^[[1mno leaks found^[[0m
Lint Code Base	Run Super-Linter	2026-09-20T16:07:43.2196648Z ^[[90m4:07PM^[[0m ^[[32mINF^[[0m ^[[1mscanned ~3631 bytes (3.63 KB) in 25.2ms^[[0m
Lint Code Base	Run Super-Linter	2026-09-20T16:07:43.2197069Z ^[[90m4:07PM^[[0m ^[[32mINF^[[0m ^[[1mno leaks found^[[0m
Lint Code Base	Run Super-Linter	2026-09-20T16:07:43.2197484Z ^[[90m4:07PM^[[0m ^[[32mINF^[[0m ^[[1mscanned ~4015 bytes (4.01 KB) in 19.6ms^[[0m
Lint Code Base	Run Super-Linter	2026-09-20T16:07:43.2197902Z ^[[90m4:07PM^[[0m ^[[32mINF^[[0m ^[[1mno leaks found^[[0m
Lint Code Base	Run Super-Linter	2026-09-20T16:07:43.2198318Z ^[[90m4:07PM^[[0m ^[[32mINF^[[0m ^[[1mscanned ~3561 bytes (3.56 KB) in 11.8ms^[[0m
Lint Code Base	Run Super-Linter	2026-09-20T16:07:43.2198901Z ^[[90m4:07PM^[[0m ^[[32mINF^[[0m ^[[1mno leaks found^[[0m
Lint Code Base	Run Super-Linter	2026-09-20T16:07:43.2199318Z ^[[90m4:07PM^[[0m ^[[32mINF^[[0m ^[[1mscanned ~963 bytes (963 bytes) in 8.23ms^[[0m
Lint Code Base	Run Super-Linter	2026-09-20T16:07:43.2199719Z ^[[90m4:07PM^[[0m ^[[32mINF^[[0m ^[[1mno leaks found^[[0m
Lint Code Base	Run Super-Linter	2026-09-20T16:07:43.2200124Z ^[[90m4:07PM^[[0m ^[[32mINF^[[0m ^[[1mscanned ~3447 bytes (3.45 KB) in 24ms^[[0m
Lint Code Base	Run Super-Linter	2026-09-20T16:07:43.2200524Z ^[[90m4:07PM^[[0m ^[[32mINF^[[0m ^[[1mno leaks found^[[0m
Lint Code Base	Run Super-Linter	2026-09-20T16:07:43.2200936Z ^[[90m4:07PM^[[0m ^[[32mINF^[[0m ^[[1mscanned ~3195 bytes (3.19 KB) in 5.99ms^[[0m
Lint Code Base	Run Super-Linter	2026-09-20T16:07:43.2201330Z ^[[90m4:07PM^[[0m ^[[32mINF^[[0m ^[[1mno leaks found^[[0m
Lint Code Base	Run Super-Linter	2026-09-20T16:07:43.2201729Z ^[[90m4:07PM^[[0m ^[[32mINF^[[0m ^[[1mscanned ~1332 bytes (1.33 KB) in 15.4ms^[[0m
Lint Code Base	Run Super-Linter	2026-09-20T16:07:43.2202123Z ^[[90m4:07PM^[[0m ^[[32mINF^[[0m ^[[1mno leaks found^[[0m
Lint Code Base	Run Super-Linter	2026-09-20T16:07:43.2202524Z ^[[90m4:07PM^[[0m ^[[32mINF^[[0m ^[[1mscanned ~7642 bytes (7.64 KB) in 26.3ms^[[0m
Lint Code Base	Run Super-Linter	2026-09-20T16:07:43.2203039Z ^[[90m4:07PM^[[0m ^[[32mINF^[[0m ^[[1mno leaks found^[[0m
Lint Code Base	Run Super-Linter	2026-09-20T16:07:43.2203442Z ^[[90m4:07PM^[[0m ^[[32mINF^[[0m ^[[1mscanned ~6095 bytes (6.09 KB) in 14.9ms^[[0m
Lint Code Base	Run Super-Linter	2026-09-20T16:07:43.2203836Z ^[[90m4:07PM^[[0m ^[[32mINF^[[0m ^[[1mno leaks found^[[0m
Lint Code Base	Run Super-Linter	2026-09-20T16:07:43.2204516Z ^[[90m4:07PM^[[0m ^[[32mINF^[[0m ^[[1mscanned ~2078 bytes (2.08 KB) in 3.77ms^[[0m
Lint Code Base	Run Super-Linter	2026-09-20T16:07:43.2204941Z ^[[90m4:07PM^[[0m ^[[32mINF^[[0m ^[[1mno leaks found^[[0m
Lint Code Base	Run Super-Linter	2026-09-20T16:07:43.2205407Z ^[[90m4:07PM^[[0m ^[[32mINF^[[0m ^[[1mscanned ~538 bytes (538 bytes) in 13ms^[[0m
Lint Code Base	Run Super-Linter	2026-09-20T16:07:43.2205923Z ^[[90m4:07PM^[[0m ^[[32mINF^[[0m ^[[1mno leaks found^[[0m
Lint Code Base	Run Super-Linter	2026-09-20T16:07:43.2206339Z ^[[90m4:07PM^[[0m ^[[32mINF^[[0m ^[[1mscanned ~4909 bytes (4.91 KB) in 14.3ms^[[0m
Lint Code Base	Run Super-Linter	2026-09-20T16:07:43.2206743Z ^[[90m4:07PM^[[0m ^[[32mINF^[[0m ^[[1mno leaks found^[[0m
Lint Code Base	Run Super-Linter	2026-09-20T16:07:43.2207157Z ^[[90m4:07PM^[[0m ^[[32mINF^[[0m ^[[1mscanned ~820 bytes (820 bytes) in 5.77ms^[[0m
Lint Code Base	Run Super-Linter	2026-09-20T16:07:43.2207578Z ^[[90m4:07PM^[[0m ^[[32mINF^[[0m ^[[1mno leaks found^[[0m
Lint Code Base	Run Super-Linter	2026-09-20T16:07:43.2207993Z ^[[90m4:07PM^[[0m ^[[32mINF^[[0m ^[[1mscanned ~2576 bytes (2.58 KB) in 11.3ms^[[0m
Lint Code Base	Run Super-Linter	2026-09-20T16:07:43.2208405Z ^[[90m4:07PM^[[0m ^[[32mINF^[[0m ^[[1mno leaks found^[[0m
Lint Code Base	Run Super-Linter	2026-09-20T16:07:43.2208803Z ^[[90m4:07PM^[[0m ^[[32mINF^[[0m ^[[1mscanned ~6165 bytes (6.16 KB) in 15.7ms^[[0m
Lint Code Base	Run Super-Linter	2026-09-20T16:07:43.2209194Z ^[[90m4:07PM^[[0m ^[[32mINF^[[0m ^[[1mno leaks found^[[0m
Lint Code Base	Run Super-Linter	2026-09-20T16:07:43.2209602Z ^[[90m4:07PM^[[0m ^[[32mINF^[[0m ^[[1mscanned ~705 bytes (705 bytes) in 6.03ms^[[0m
Lint Code Base	Run Super-Linter	2026-09-20T16:07:43.2210004Z ^[[90m4:07PM^[[0m ^[[32mINF^[[0m ^[[1mno leaks found^[[0m
Lint Code Base	Run Super-Linter	2026-09-20T16:07:43.2210456Z ^[[90m4:07PM^[[0m ^[[32mINF^[[0m ^[[1mscanned ~3489 bytes (3.49 KB) in 37.3ms^[[0m
Lint Code Base	Run Super-Linter	2026-09-20T16:07:43.2210949Z ^[[90m4:07PM^[[0m ^[[32mINF^[[0m ^[[1mno leaks found^[[0m
Lint Code Base	Run Super-Linter	2026-09-20T16:07:43.2211353Z ^[[90m4:07PM^[[0m ^[[32mINF^[[0m ^[[1mscanned ~2712 bytes (2.71 KB) in 23.6ms^[[0m
Lint Code Base	Run Super-Linter	2026-09-20T16:07:43.2211744Z ^[[90m4:07PM^[[0m ^[[32mINF^[[0m ^[[1mno leaks found^[[0m
Lint Code Base	Run Super-Linter	2026-09-20T16:07:43.2212163Z ^[[90m4:07PM^[[0m ^[[32mINF^[[0m ^[[1mscanned ~70 bytes (70 bytes) in 5.57ms^[[0m
Lint Code Base	Run Super-Linter	2026-09-20T16:07:43.2212587Z ^[[90m4:07PM^[[0m ^[[32mINF^[[0m ^[[1mno leaks found^[[0m
Lint Code Base	Run Super-Linter	2026-09-20T16:07:43.2212998Z ^[[90m4:07PM^[[0m ^[[32mINF^[[0m ^[[1mscanned ~294 bytes (294 bytes) in 1.85ms^[[0m
Lint Code Base	Run Super-Linter	2026-09-20T16:07:43.2213400Z ^[[90m4:07PM^[[0m ^[[32mINF^[[0m ^[[1mno leaks found^[[0m
Lint Code Base	Run Super-Linter	2026-09-20T16:07:43.2213802Z ^[[90m4:07PM^[[0m ^[[32mINF^[[0m ^[[1mscanned ~1310 bytes (1.31 KB) in 16.1ms^[[0m
Lint Code Base	Run Super-Linter	2026-09-20T16:07:43.2214517Z ^[[90m4:07PM^[[0m ^[[32mINF^[[0m ^[[1mno leaks found^[[0m
Lint Code Base	Run Super-Linter	2026-09-20T16:07:43.2214969Z ^[[90m4:07PM^[[0m ^[[32mINF^[[0m ^[[1mscanned ~1675 bytes (1.67 KB) in 14.6ms^[[0m
Lint Code Base	Run Super-Linter	2026-09-20T16:07:43.2215384Z ^[[90m4:07PM^[[0m ^[[32mINF^[[0m ^[[1mno leaks found^[[0m
Lint Code Base	Run Super-Linter	2026-09-20T16:07:43.2215794Z ^[[90m4:07PM^[[0m ^[[32mINF^[[0m ^[[1mscanned ~2619 bytes (2.62 KB) in 25.6ms^[[0m
Lint Code Base	Run Super-Linter	2026-09-20T16:07:43.2216199Z ^[[90m4:07PM^[[0m ^[[32mINF^[[0m ^[[1mno leaks found^[[0m
Lint Code Base	Run Super-Linter	2026-09-20T16:07:43.2216620Z ^[[90m4:07PM^[[0m ^[[32mINF^[[0m ^[[1mscanned ~362 bytes (362 bytes) in 3.01ms^[[0m
Lint Code Base	Run Super-Linter	2026-09-20T16:07:43.2217047Z ^[[90m4:07PM^[[0m ^[[32mINF^[[0m ^[[1mno leaks found^[[0m
Lint Code Base	Run Super-Linter	2026-09-20T16:07:43.2217494Z ^[[90m4:07PM^[[0m ^[[32mINF^[[0m ^[[1mscanned ~90391 bytes (90.39 KB) in 415ms^[[0m
Lint Code Base	Run Super-Linter	2026-09-20T16:07:43.2218148Z ^[[90m4:07PM^[[0m ^[[32mINF^[[0m ^[[1mno leaks found^[[0m
Lint Code Base	Run Super-Linter	2026-09-20T16:07:43.2218622Z ^[[90m4:07PM^[[0m ^[[32mINF^[[0m ^[[1mscanned ~1636 bytes (1.64 KB) in 8.16ms^[[0m
Lint Code Base	Run Super-Linter	2026-09-20T16:07:43.2219177Z ^[[90m4:07PM^[[0m ^[[32mINF^[[0m ^[[1mno leaks found^[[0m
Lint Code Base	Run Super-Linter	2026-09-20T16:07:43.2219606Z ^[[90m4:07PM^[[0m ^[[32mINF^[[0m ^[[1mscanned ~980 bytes (980 bytes) in 4.58ms^[[0m
Lint Code Base	Run Super-Linter	2026-09-20T16:07:43.2220024Z ^[[90m4:07PM^[[0m ^[[32mINF^[[0m ^[[1mno leaks found^[[0m
Lint Code Base	Run Super-Linter	2026-09-20T16:07:43.2220436Z ^[[90m4:07PM^[[0m ^[[32mINF^[[0m ^[[1mscanned ~4265 bytes (4.26 KB) in 30.6ms^[[0m
Lint Code Base	Run Super-Linter	2026-09-20T16:07:43.2220840Z ^[[90m4:07PM^[[0m ^[[32mINF^[[0m ^[[1mno leaks found^[[0m
Lint Code Base	Run Super-Linter	2026-09-20T16:07:43.2221245Z ^[[90m4:07PM^[[0m ^[[32mINF^[[0m ^[[1mscanned ~126 bytes (126 bytes) in 5.31ms^[[0m
Lint Code Base	Run Super-Linter	2026-09-20T16:07:43.2221645Z ^[[90m4:07PM^[[0m ^[[32mINF^[[0m ^[[1mno leaks found^[[0m
Lint Code Base	Run Super-Linter	2026-09-20T16:07:43.2222048Z ^[[90m4:07PM^[[0m ^[[32mINF^[[0m ^[[1mscanned ~1009 bytes (1.01 KB) in 7.26ms^[[0m
Lint Code Base	Run Super-Linter	2026-09-20T16:07:43.2222565Z ^[[90m4:07PM^[[0m ^[[32mINF^[[0m ^[[1mno leaks found^[[0m
Lint Code Base	Run Super-Linter	2026-09-20T16:07:43.2222971Z ^[[90m4:07PM^[[0m ^[[32mINF^[[0m ^[[1mscanned ~1064 bytes (1.06 KB) in 1.65ms^[[0m
Lint Code Base	Run Super-Linter	2026-09-20T16:07:43.2223362Z ^[[90m4:07PM^[[0m ^[[32mINF^[[0m ^[[1mno leaks found^[[0m
Lint Code Base	Run Super-Linter	2026-09-20T16:07:43.2223785Z ^[[90m4:07PM^[[0m ^[[32mINF^[[0m ^[[1mscanned ~11751 bytes (11.75 KB) in 22.6ms^[[0m
Lint Code Base	Run Super-Linter	2026-09-20T16:07:43.2224538Z ^[[90m4:07PM^[[0m ^[[32mINF^[[0m ^[[1mno leaks found^[[0m
Lint Code Base	Run Super-Linter	2026-09-20T16:07:43.2225012Z ^[[90m4:07PM^[[0m ^[[32mINF^[[0m ^[[1mscanned ~905 bytes (905 bytes) in 9.08ms^[[0m
Lint Code Base	Run Super-Linter	2026-09-20T16:07:43.2225413Z ^[[90m4:07PM^[[0m ^[[32mINF^[[0m ^[[1mno leaks found^[[0m
Lint Code Base	Run Super-Linter	2026-09-20T16:07:43.2225816Z ^[[90m4:07PM^[[0m ^[[32mINF^[[0m ^[[1mscanned ~466 bytes (466 bytes) in 7.2ms^[[0m
Lint Code Base	Run Super-Linter	2026-09-20T16:07:43.2226212Z ^[[90m4:07PM^[[0m ^[[32mINF^[[0m ^[[1mno leaks found^[[0m
Lint Code Base	Run Super-Linter	2026-09-20T16:07:43.2226618Z ^[[90m4:07PM^[[0m ^[[32mINF^[[0m ^[[1mscanned ~288 bytes (288 bytes) in 4.26ms^[[0m
Lint Code Base	Run Super-Linter	2026-09-20T16:07:43.2227015Z ^[[90m4:07PM^[[0m ^[[32mINF^[[0m ^[[1mno leaks found^[[0m
Lint Code Base	Run Super-Linter	2026-09-20T16:07:43.2227425Z ^[[90m4:07PM^[[0m ^[[32mINF^[[0m ^[[1mscanned ~2425 bytes (2.42 KB) in 4.77ms^[[0m
Lint Code Base	Run Super-Linter	2026-09-20T16:07:43.2227827Z ^[[90m4:07PM^[[0m ^[[32mINF^[[0m ^[[1mno leaks found^[[0m
Lint Code Base	Run Super-Linter	2026-09-20T16:07:43.2228228Z ^[[90m4:07PM^[[0m ^[[32mINF^[[0m ^[[1mscanned ~116 bytes (116 bytes) in 5.1ms^[[0m
Lint Code Base	Run Super-Linter	2026-09-20T16:07:43.2228629Z ^[[90m4:07PM^[[0m ^[[32mINF^[[0m ^[[1mno leaks found^[[0m
Lint Code Base	Run Super-Linter	2026-09-20T16:07:43.2229032Z ^[[90m4:07PM^[[0m ^[[32mINF^[[0m ^[[1mscanned ~6149 bytes (6.15 KB) in 30.3ms^[[0m
Lint Code Base	Run Super-Linter	2026-09-20T16:07:43.2229428Z ^[[90m4:07PM^[[0m ^[[32mINF^[[0m ^[[1mno leaks found^[[0m
Lint Code Base	Run Super-Linter	2026-09-20T16:07:43.2229826Z ^[[90m4:07PM^[[0m ^[[32mINF^[[0m ^[[1mscanned ~2523 bytes (2.52 KB) in 18.5ms^[[0m
Lint Code Base	Run Super-Linter	2026-09-20T16:07:43.2230217Z ^[[90m4:07PM^[[0m ^[[32mINF^[[0m ^[[1mno leaks found^[[0m
Lint Code Base	Run Super-Linter	2026-09-20T16:07:43.2230622Z ^[[90m4:07PM^[[0m ^[[32mINF^[[0m ^[[1mscanned ~221 bytes (221 bytes) in 7.14ms^[[0m
Lint Code Base	Run Super-Linter	2026-09-20T16:07:43.2231041Z ^[[90m4:07PM^[[0m ^[[32mINF^[[0m ^[[1mno leaks found^[[0m
Lint Code Base	Run Super-Linter	2026-09-20T16:07:43.2231452Z ^[[90m4:07PM^[[0m ^[[32mINF^[[0m ^[[1mscanned ~234 bytes (234 bytes) in 1.63ms^[[0m
Lint Code Base	Run Super-Linter	2026-09-20T16:07:43.2231861Z ^[[90m4:07PM^[[0m ^[[32mINF^[[0m ^[[1mno leaks found^[[0m
Lint Code Base	Run Super-Linter	2026-09-20T16:07:43.2232250Z ^[[90m4:07PM^[[0m ^[[32mINF^[[0m ^[[1mscanned ~0 bytes (0) in 2.1ms^[[0m
Lint Code Base	Run Super-Linter	2026-09-20T16:07:43.2232641Z ^[[90m4:07PM^[[0m ^[[32mINF^[[0m ^[[1mno leaks found^[[0m
Lint Code Base	Run Super-Linter	2026-09-20T16:07:43.2233051Z ^[[90m4:07PM^[[0m ^[[32mINF^[[0m ^[[1mscanned ~3917 bytes (3.92 KB) in 12.2ms^[[0m
Lint Code Base	Run Super-Linter	2026-09-20T16:07:43.2233452Z ^[[90m4:07PM^[[0m ^[[32mINF^[[0m ^[[1mno leaks found^[[0m
Lint Code Base	Run Super-Linter	2026-09-20T16:07:43.2233858Z ^[[90m4:07PM^[[0m ^[[32mINF^[[0m ^[[1mscanned ~1363 bytes (1.36 KB) in 8.12ms^[[0m
Lint Code Base	Run Super-Linter	2026-09-20T16:07:43.2234670Z ^[[90m4:07PM^[[0m ^[[32mINF^[[0m ^[[1mno leaks found^[[0m
Lint Code Base	Run Super-Linter	2026-09-20T16:07:43.2235119Z ^[[90m4:07PM^[[0m ^[[32mINF^[[0m ^[[1mscanned ~6986 bytes (6.99 KB) in 24.5ms^[[0m
Lint Code Base	Run Super-Linter	2026-09-20T16:07:43.2235525Z ^[[90m4:07PM^[[0m ^[[32mINF^[[0m ^[[1mno leaks found^[[0m
Lint Code Base	Run Super-Linter	2026-09-20T16:07:43.2235933Z ^[[90m4:07PM^[[0m ^[[32mINF^[[0m ^[[1mscanned ~3764 bytes (3.76 KB) in 10.4ms^[[0m
Lint Code Base	Run Super-Linter	2026-09-20T16:07:43.2236326Z ^[[90m4:07PM^[[0m ^[[32mINF^[[0m ^[[1mno leaks found^[[0m
Lint Code Base	Run Super-Linter	2026-09-20T16:07:43.2236745Z ^[[90m4:07PM^[[0m ^[[32mINF^[[0m ^[[1mscanned ~868 bytes (868 bytes) in 3.27ms^[[0m
Lint Code Base	Run Super-Linter	2026-09-20T16:07:43.2237306Z ^[[90m4:07PM^[[0m ^[[32mINF^[[0m ^[[1mno leaks found^[[0m
Lint Code Base	Run Super-Linter	2026-09-20T16:07:43.2237716Z ^[[90m4:07PM^[[0m ^[[32mINF^[[0m ^[[1mscanned ~650 bytes (650 bytes) in 3.04ms^[[0m
Lint Code Base	Run Super-Linter	2026-09-20T16:07:43.2238120Z ^[[90m4:07PM^[[0m ^[[32mINF^[[0m ^[[1mno leaks found^[[0m
Lint Code Base	Run Super-Linter	2026-09-20T16:07:43.2238387Z ------
Lint Code Base	Run Super-Linter	2026-09-20T16:07:43.2254729Z ##[endgroup]
Lint Code Base	Run Super-Linter	2026-09-20T16:07:43.2508852Z ##[group]GIT_MERGE_CONFLICT_MARKERS
Lint Code Base	Run Super-Linter	2026-09-20T16:07:43.2585064Z 2026-09-20 16:07:43 [NOTICE]   Successfully linted GIT_MERGE_CONFLICT_MARKERS
Lint Code Base	Run Super-Linter	2026-09-20T16:07:43.2630836Z 2026-09-20 16:07:43 [INFO]   Stdout contents for GIT_MERGE_CONFLICT_MARKERS:
Lint Code Base	Run Super-Linter	2026-09-20T16:07:43.2631612Z ------
Lint Code Base	Run Super-Linter	2026-09-20T16:07:43.2643074Z No merge conflicts found in /github/workspace/.dockerignore /github/workspace/app/(app)/audit-log/page.tsx /github/workspace/app/(app)/team/page.tsx /github/workspace/app/layout.tsx /github/workspace/app/(app)/discrepancies/page.tsx /github/workspace/app/(app)/vendors/page.tsx /github/workspace/app/login/page.tsx /github/workspace/app/(app)/invoices/[id]/page.tsx /github/workspace/app/api/auth/login/route.ts /github/workspace/app/signup/page.tsx /github/workspace/app/(app)/invoices/page.tsx /github/workspace/.env /github/workspace/app/api/auth/logout/route.ts /github/workspace/app/upload/page.tsx /github/workspace/app/(app)/layout.tsx /github/workspace/.github/workflows/gemini-assistant.yml /github/workspace/app/api/auth/signup/route.ts /github/workspace/components/audit/AuditLogClient.tsx /github/workspace/app/(app)/page.tsx /github/workspace/app/api/businesses/route.ts /github/workspace/components/forms/AddUserForm.tsx /github/workspace/app/(app)/purchase-orders/page.tsx /github/workspace/app/api/documents/route.ts /github/workspace/.github/workflows/gemini-pipeline-analysis.yml /github/workspace/components/forms/LoginForm.tsx /github/workspace/app/(app)/quotes/page.tsx /github/workspace/app/api/environment/route.ts /github/workspace/components/forms/SettingsForm.tsx /github/workspace/app/(app)/reports/page.tsx /github/workspace/app/api/users/route.ts /github/workspace/.github/workflows/gemini-pr-review.yml /github/workspace/components/forms/SignupForm.tsx /github/workspace/app/(app)/settings/page.tsx /github/workspace/app/globals.css /github/workspace/components/invoices/InvoicesClient.tsx /github/workspace/.github/workflows/noir-scan.yml /github/workspace/components/navigation/Sidebar.tsx /github/workspace/lib/parsing.ts /github/workspace/postcss.config.mjs /github/workspace/components/providers/ThemeProvider.tsx /github/workspace/lib/present.ts /github/workspace/.github/workflows/super-linter.yml /github/workspace/components/reconciliation/ReconciliationCard.tsx /github/workspace/lib/prisma.ts /github/workspace/pr-comments.md /github/workspace/components/ui/StatusBadge.tsx /github/workspace/lib/session.ts /github/workspace/prisma/schema.prisma /github/workspace/.gitignore /github/workspace/components/ui/SystemInsight.tsx /github/workspace/lib/types.ts /github/workspace/components/upload/UploadForm.tsx /github/workspace/middleware.ts /github/workspace/docker-compose.yml /github/workspace/next-env.d.ts /github/workspace/Dockerfile /github/workspace/next.config.mjs /github/workspace/prisma/seed.ts /github/workspace/README.md /github/workspace/docker-entrypoint.sh /github/workspace/scripts/.github-monitor-state.json /github/workspace/package-lock.json /github/workspace/scripts/github-monitor.js /github/workspace/lib/auth.ts /github/workspace/seed-docker.js /github/workspace/lib/matching.ts /github/workspace/package.json /github/workspace/tsconfig.json
Lint Code Base	Run Super-Linter	2026-09-20T16:07:43.2654866Z ------
Lint Code Base	Run Super-Linter	2026-09-20T16:07:43.2710561Z ##[endgroup]
Lint Code Base	Run Super-Linter	2026-09-20T16:07:43.3788394Z ##[group]JSON
Lint Code Base	Run Super-Linter	2026-09-20T16:07:43.3862946Z 2026-09-20 16:07:43 [NOTICE]   Successfully linted JSON
Lint Code Base	Run Super-Linter	2026-09-20T16:07:43.3940998Z ##[endgroup]
Lint Code Base	Run Super-Linter	2026-09-20T16:07:43.4126282Z ##[group]JSON_PRETTIER
Lint Code Base	Run Super-Linter	2026-09-20T16:07:43.4204174Z 2026-09-20 16:07:43 [NOTICE]   Successfully linted JSON_PRETTIER
Lint Code Base	Run Super-Linter	2026-09-20T16:07:43.4243568Z 2026-09-20 16:07:43 [INFO]   Stdout contents for JSON_PRETTIER:
Lint Code Base	Run Super-Linter	2026-09-20T16:07:43.4244815Z ------
Lint Code Base	Run Super-Linter	2026-09-20T16:07:43.4245151Z Checking formatting...
Lint Code Base	Run Super-Linter	2026-09-20T16:07:43.4245583Z All matched files use Prettier code style!
Lint Code Base	Run Super-Linter	2026-09-20T16:07:43.4246078Z ------
Lint Code Base	Run Super-Linter	2026-09-20T16:07:43.4324043Z ##[endgroup]
Lint Code Base	Run Super-Linter	2026-09-20T16:07:43.6244563Z ##[group]PRE_COMMIT
Lint Code Base	Run Super-Linter	2026-09-20T16:07:43.6321431Z 2026-09-20 16:07:43 [NOTICE]   Successfully linted PRE_COMMIT
Lint Code Base	Run Super-Linter	2026-09-20T16:07:43.6399416Z ##[endgroup]
Lint Code Base	Run Super-Linter	2026-09-20T16:07:43.7820880Z ##[group]SHELL_SHFMT
Lint Code Base	Run Super-Linter	2026-09-20T16:07:43.7895800Z 2026-09-20 16:07:43 [NOTICE]   Successfully linted SHELL_SHFMT
Lint Code Base	Run Super-Linter	2026-09-20T16:07:43.7973382Z ##[endgroup]
Lint Code Base	Run Super-Linter	2026-09-20T16:07:43.9216919Z ##[group]YAML
Lint Code Base	Run Super-Linter	2026-09-20T16:07:43.9293368Z 2026-09-20 16:07:43 [NOTICE]   Successfully linted YAML
Lint Code Base	Run Super-Linter	2026-09-20T16:07:43.9337727Z 2026-09-20 16:07:43 [INFO]   Stdout contents for YAML:
Lint Code Base	Run Super-Linter	2026-09-20T16:07:43.9338142Z ------
Lint Code Base	Run Super-Linter	2026-09-20T16:07:43.9338641Z /github/workspace/.github/workflows/gemini-assistant.yml:1:1: [warning] missing document start "---" (document-start)
Lint Code Base	Run Super-Linter	2026-09-20T16:07:43.9339720Z /github/workspace/.github/workflows/gemini-assistant.yml:26:81: [warning] line too long (93 > 80 characters) (line-length)
Lint Code Base	Run Super-Linter	2026-09-20T16:07:43.9340539Z /github/workspace/.github/workflows/gemini-assistant.yml:27:81: [warning] line too long (83 > 80 characters) (line-length)
Lint Code Base	Run Super-Linter	2026-09-20T16:07:43.9341362Z /github/workspace/.github/workflows/gemini-pipeline-analysis.yml:1:1: [warning] missing document start "---" (document-start)
Lint Code Base	Run Super-Linter	2026-09-20T16:07:43.9342226Z /github/workspace/.github/workflows/gemini-pipeline-analysis.yml:28:81: [warning] line too long (106 > 80 characters) (line-length)
Lint Code Base	Run Super-Linter	2026-09-20T16:07:43.9343051Z /github/workspace/.github/workflows/gemini-pr-review.yml:1:1: [warning] missing document start "---" (document-start)
Lint Code Base	Run Super-Linter	2026-09-20T16:07:43.9343796Z /github/workspace/.github/workflows/noir-scan.yml:1:1: [warning] missing document start "---" (document-start)
Lint Code Base	Run Super-Linter	2026-09-20T16:07:43.9344742Z /github/workspace/.github/workflows/noir-scan.yml:19:81: [warning] line too long (200 > 80 characters) (line-length)
Lint Code Base	Run Super-Linter	2026-09-20T16:07:43.9345649Z /github/workspace/.github/workflows/super-linter.yml:1:1: [warning] missing document start "---" (document-start)
Lint Code Base	Run Super-Linter	2026-09-20T16:07:43.9346403Z /github/workspace/.github/workflows/super-linter.yml:21:81: [warning] line too long (98 > 80 characters) (line-length)
Lint Code Base	Run Super-Linter	2026-09-20T16:07:43.9347105Z /github/workspace/docker-compose.yml:1:1: [warning] missing document start "---" (document-start)
Lint Code Base	Run Super-Linter	2026-09-20T16:07:43.9347760Z /github/workspace/docker-compose.yml:9:81: [warning] line too long (86 > 80 characters) (line-length)
Lint Code Base	Run Super-Linter	2026-09-20T16:07:43.9348215Z ------
Lint Code Base	Run Super-Linter	2026-09-20T16:07:43.9419456Z ##[endgroup]
Lint Code Base	Run Super-Linter	2026-09-20T16:07:43.9598591Z ##[group]YAML_PRETTIER
Lint Code Base	Run Super-Linter	2026-09-20T16:07:43.9672031Z 2026-09-20 16:07:43 [NOTICE]   Successfully linted YAML_PRETTIER
Lint Code Base	Run Super-Linter	2026-09-20T16:07:43.9709582Z 2026-09-20 16:07:43 [INFO]   Stdout contents for YAML_PRETTIER:
Lint Code Base	Run Super-Linter	2026-09-20T16:07:43.9710198Z ------
Lint Code Base	Run Super-Linter	2026-09-20T16:07:43.9710576Z Checking formatting...
Lint Code Base	Run Super-Linter	2026-09-20T16:07:43.9711025Z All matched files use Prettier code style!
Lint Code Base	Run Super-Linter	2026-09-20T16:07:43.9711507Z ------
Lint Code Base	Run Super-Linter	2026-09-20T16:07:43.9789078Z ##[endgroup]
Lint Code Base	Run Super-Linter	2026-09-20T16:07:43.9867336Z 2026-09-20 16:07:43 [ERROR]   Super-linter detected linting errors
